segment_id,prediction,attn_text,attn_audio,attn_vision
-6rXp3zJ3kc$_$9,-0.044584636,0.46604273,0.06311606,0.4708413
-6rXp3zJ3kc$_$8,-0.91779447,0.4580458,0.067517556,0.47443658
-6rXp3zJ3kc$_$3,-0.33381352,0.6260147,0.10058921,0.2733961
-9y-fZ3swSY$_$1,0.9605006,0.6996665,0.11852919,0.18180431
-9y-fZ3swSY$_$0,1.4473702,0.83628774,0.068171665,0.09554069
-9y-fZ3swSY$_$3,0.4474915,0.6914165,0.049355306,0.25922814
-9y-fZ3swSY$_$2,-0.2525995,0.40177044,0.080432296,0.5177973
-9y-fZ3swSY$_$4,0.025524955,0.53653944,0.12995192,0.3335087
-9y-fZ3swSY$_$7,0.54291457,0.5055369,0.101969026,0.39249405
-9y-fZ3swSY$_$6,0.013422135,0.7983801,0.059974115,0.1416459
-9y-fZ3swSY$_$8,0.44251376,0.40464425,0.081923455,0.5134323
-AUZQgSxyPQ$_$2,1.9840429,0.8606305,0.05341699,0.085952446
-HeZS2-Prhc$_$1,1.0128945,0.5638933,0.12854676,0.3075599
-HeZS2-Prhc$_$8,0.299052,0.8272591,0.046549495,0.12619139
-HeZS2-Prhc$_$2,0.42797297,0.6107649,0.081543766,0.30769134
-HeZS2-Prhc$_$5,0.7094685,0.52168304,0.07220996,0.40610707
-MeTTeMJBNc$_$0,0.18777198,0.5947736,0.0757841,0.32944235
-MeTTeMJBNc$_$13,0.6860539,0.5562767,0.12301867,0.32070458
-MeTTeMJBNc$_$2,1.3669895,0.7252871,0.02176104,0.25295195
-MeTTeMJBNc$_$7,0.67829156,0.5441861,0.07041502,0.38539886
-RfYyzHpjk4$_$11,1.7098113,0.7284199,0.08726021,0.18431985
-RfYyzHpjk4$_$8,-0.3385885,0.4701928,0.1342653,0.39554194
-RfYyzHpjk4$_$2,-0.13417909,0.6166874,0.071139246,0.31217337
-RfYyzHpjk4$_$9,0.37222585,0.54045683,0.086332805,0.37321037
-UUCSKoHeMA$_$9,0.3227648,0.44977993,0.121701814,0.4285183
-UUCSKoHeMA$_$10,-0.27444535,0.72414505,0.051458083,0.2243969
-UUCSKoHeMA$_$2,0.34817412,0.37706497,0.12099429,0.5019407
-UUCSKoHeMA$_$0,0.48993343,0.5355892,0.09935835,0.36505243
-cEhr0cQcDM$_$8,-0.267657,0.4002489,0.1137037,0.4860474
-cEhr0cQcDM$_$14,0.60360163,0.52386814,0.10548541,0.37064648
-ri04Z7vwnc$_$1,-0.50271827,0.48882607,0.11662991,0.39454404
-ri04Z7vwnc$_$0,-0.3191983,0.5454893,0.09514934,0.35936132
-ri04Z7vwnc$_$2,0.09907375,0.4014138,0.12961394,0.46897227
-ri04Z7vwnc$_$5,-0.05414379,0.47497654,0.0973007,0.42772275
-ri04Z7vwnc$_$7,0.056600194,0.38513872,0.18081146,0.43404981
-ri04Z7vwnc$_$6,-0.0067054816,0.54880327,0.07445827,0.37673852
-rxZxtG0xmY$_$0,0.13178423,0.57849985,0.10127233,0.32022783
-rxZxtG0xmY$_$2,-0.41067028,0.48885384,0.06995568,0.44119045
-s9qJ7ATP7w$_$1,-0.45613128,0.598895,0.10855772,0.2925473
-s9qJ7ATP7w$_$0,-0.93646574,0.69518024,0.07664538,0.22817443
-s9qJ7ATP7w$_$3,0.6889412,0.5934141,0.12885433,0.27773148
-s9qJ7ATP7w$_$2,0.834955,0.48716772,0.08832547,0.42450687
-s9qJ7ATP7w$_$5,-1.7867855,0.64154947,0.10978612,0.2486644
-s9qJ7ATP7w$_$4,-0.5802247,0.8421225,0.042649228,0.11522834
-s9qJ7ATP7w$_$7,0.13971215,0.40761012,0.046947822,0.545442
-s9qJ7ATP7w$_$6,-0.16357596,0.5663062,0.13369127,0.30000257
-s9qJ7ATP7w$_$9,-0.19889441,0.4576119,0.19157064,0.3508174
-s9qJ7ATP7w$_$8,0.3044942,0.5163175,0.19996946,0.28371304
-yRb-Jum7EQ$_$1,-0.62544185,0.8809049,0.046114314,0.07298074
-yRb-Jum7EQ$_$3,-1.2602786,0.73313534,0.11490882,0.15195583
-yRb-Jum7EQ$_$5,-0.77741826,0.6476253,0.13782234,0.21455236
-yRb-Jum7EQ$_$4,-0.24483109,0.5648091,0.15218112,0.28300974
-yRb-Jum7EQ$_$6,-0.96075124,0.68003684,0.095275976,0.22468714
0Fqav67TDEw$_$1,0.60923636,0.5734193,0.09026414,0.33631662
0JaYazphxfM$_$5,0.6094028,0.59996855,0.08321404,0.31681737
0JaYazphxfM$_$6,0.12212291,0.53849816,0.09190982,0.369592
0K7dCp80n9c$_$13,0.058940645,0.6362477,0.096935794,0.26681647
0K7dCp80n9c$_$12,0.15030318,0.401709,0.17619903,0.422092
0K7dCp80n9c$_$2,-0.12918402,0.43762052,0.13743013,0.4249493
0K7dCp80n9c$_$5,-0.08420615,0.34767324,0.17647886,0.475848
0K7dCp80n9c$_$4,-0.98646593,0.5374172,0.11830205,0.34428075
0K7dCp80n9c$_$7,-0.184899,0.4518194,0.16561157,0.38256904
0K7dCp80n9c$_$6,-0.41810316,0.53562033,0.077698804,0.3866809
0K7dCp80n9c$_$8,0.2406934,0.46524855,0.12148603,0.4132654
0PlQc98SccA$_$0,0.036555585,0.7789876,0.05155395,0.16945848
0PlQc98SccA$_$3,0.43184447,0.5340402,0.13894735,0.32701245
0PlQc98SccA$_$2,0.6555088,0.695721,0.09503663,0.2092424
0YiAKqU36KE$_$1,0.16818216,0.5400709,0.081703715,0.37822545
0YiAKqU36KE$_$0,-1.6208946,0.70999545,0.052583948,0.23742066
0YiAKqU36KE$_$3,0.1466373,0.5425982,0.11814977,0.33925208
0YiAKqU36KE$_$2,-1.1602727,0.6272633,0.08438475,0.28835192
0YiAKqU36KE$_$5,-0.12504405,0.57211334,0.07681665,0.35107002
0YiAKqU36KE$_$4,-0.053922076,0.5908968,0.07803584,0.33106744
0YiAKqU36KE$_$7,1.0043956,0.55283,0.11259263,0.33457732
0YiAKqU36KE$_$6,0.6575661,0.56381327,0.11910231,0.31708446
0YiAKqU36KE$_$8,-0.7681809,0.59685856,0.10845947,0.29468197
0bxhZ-LIfZY$_$3,-1.0660752,0.7885191,0.023026472,0.18845437
0bxhZ-LIfZY$_$4,0.09337361,0.6502174,0.10670463,0.243078
0eTibWQdO5M$_$6,0.048255336,0.40622884,0.07162064,0.5221505
0uftSGdwo0Q$_$11,0.21056964,0.4673426,0.08730484,0.44535255
0uftSGdwo0Q$_$0,0.4462097,0.5464788,0.09930782,0.35421333
0uftSGdwo0Q$_$3,0.32176036,0.37667626,0.112495184,0.51082855
0uftSGdwo0Q$_$6,0.7325405,0.6704336,0.071716264,0.25785014
100178$_$11,-1.4278013,0.6545775,0.10053496,0.24488753
100178$_$10,-0.5653091,0.6416083,0.08911515,0.2692766
100178$_$13,1.4242948,0.67578334,0.075609006,0.24860762
100178$_$12,-0.71088517,0.4579527,0.15107414,0.3909732
100178$_$15,-0.6558267,0.517902,0.12408135,0.35801664
100178$_$14,-0.3694753,0.573022,0.122631565,0.30434647
100178$_$17,-1.8486415,0.6415832,0.080387376,0.27802944
100178$_$16,0.117571995,0.38546857,0.15535203,0.4591794
100178$_$1,-0.2729878,0.33734262,0.16717997,0.4954774
100178$_$0,0.04728569,0.37177393,0.17059144,0.45763457
100178$_$3,0.007254768,0.3340549,0.19438447,0.47156057
100178$_$2,-0.51542884,0.41718864,0.15122047,0.4315909
100178$_$5,0.6281676,0.53935146,0.12277119,0.3378773
100178$_$4,-0.2520475,0.48581842,0.139176,0.37500557
100178$_$7,-0.7303891,0.53004795,0.12264832,0.34730372
100178$_$6,-1.8444443,0.5015342,0.10733747,0.39112836
100178$_$9,-1.436494,0.600371,0.15247561,0.24715343
100178$_$8,-0.6112578,0.66793746,0.08729556,0.24476701
10219$_$11,1.0581781,0.680446,0.12786193,0.19169202
10219$_$10,1.94551,0.8125734,0.06387234,0.12355424
10219$_$13,0.5069853,0.49499026,0.14990845,0.35510123
10219$_$12,-0.081908,0.56959075,0.092540674,0.33786863
10219$_$1,0.00946562,0.41698408,0.15876548,0.4242504
10219$_$0,-0.11652401,0.4420175,0.16316491,0.39481756
10219$_$3,-0.14188588,0.2502979,0.22665101,0.52305114
10219$_$2,1.6450325,0.52175295,0.11860328,0.35964373
10219$_$5,0.55761015,0.43557104,0.11546094,0.44896805
10219$_$4,0.21801624,0.5240488,0.14547165,0.33047953
10219$_$7,0.47837994,0.3368486,0.16943905,0.4937124
10219$_$6,0.13841462,0.37152147,0.1940438,0.43443474
10219$_$9,1.0215279,0.540562,0.18402234,0.27541563
10219$_$8,0.8076595,0.5398547,0.111928314,0.348217
102213$_$11,-1.8916042,0.68385553,0.05729674,0.25884774
102213$_$10,0.2568814,0.5462306,0.0664535,0.3873159
102213$_$13,1.1745756,0.6087019,0.09811892,0.29317918
102213$_$12,-1.2849406,0.67886996,0.06780152,0.2533285
102213$_$1,0.22156185,0.8206864,0.050034575,0.1292791
102213$_$0,0.11835772,0.6623169,0.09061123,0.24707186
102213$_$3,-0.8910392,0.66408205,0.08254668,0.2533713
102213$_$2,0.596854,0.7536779,0.07573921,0.17058286
102213$_$5,-0.66742396,0.5435255,0.12484212,0.33163232
102213$_$4,-0.085151434,0.6292793,0.06098495,0.3097357
102213$_$7,-0.30583566,0.69160056,0.052519936,0.25587955
102213$_$6,-0.15316045,0.5753795,0.11532169,0.3092988
102213$_$9,-1.3416376,0.60477364,0.10060191,0.29462445
102213$_$8,-1.3398575,0.7166121,0.084186286,0.19920167
102389$_$11,-0.7133397,0.66260844,0.07888885,0.25850275
102389$_$10,-0.114694744,0.5310875,0.15873319,0.31017923
102389$_$13,0.11855376,0.5275868,0.12246125,0.3499519
102389$_$12,-0.04878493,0.5609174,0.10619748,0.33288515
102389$_$14,1.1669954,0.71053255,0.09309938,0.19636817
102389$_$1,-2.133356,0.57513875,0.11218551,0.3126758
102389$_$0,0.084794536,0.3938426,0.1226897,0.48346773
102389$_$3,0.3825588,0.448765,0.13455833,0.41667667
102389$_$2,-0.14310497,0.28689986,0.19323729,0.5198629
102389$_$5,-0.94588685,0.51973623,0.10045975,0.379804
102389$_$4,0.23383586,0.52865183,0.10054513,0.37080306
102389$_$7,-0.6099422,0.6778347,0.0643399,0.25782543
102389$_$6,0.08383572,0.6488776,0.09022812,0.2608943
102389$_$9,-0.9466456,0.6759601,0.057975378,0.26606444
102389$_$8,-1.0724171,0.4747906,0.10323898,0.42197046
104741$_$1,0.35861096,0.49205726,0.20058735,0.30735537
104741$_$0,0.29208964,0.45450822,0.18825477,0.35723698
104741$_$3,0.07452029,0.34731865,0.18448633,0.46819508
104741$_$2,-1.7354277,0.6475199,0.098895594,0.25358453
104741$_$5,0.19981736,0.42963734,0.19751449,0.37284815
104741$_$4,0.027648743,0.5497069,0.06284651,0.38744667
104741$_$7,-0.96370465,0.6312808,0.14051028,0.22820891
104741$_$6,0.04183149,0.4604598,0.22872852,0.31081164
104741$_$9,0.83867115,0.5910345,0.18226136,0.22670412
104741$_$8,-1.5983652,0.56102175,0.14992596,0.28905237
107585$_$11,-0.45567092,0.6764164,0.09119316,0.23239042
107585$_$10,-0.5728352,0.5169817,0.15627314,0.32674512
107585$_$13,-1.3308331,0.6625158,0.02047342,0.31701073
107585$_$12,-1.7422414,0.76049995,0.050110385,0.1893897
107585$_$15,-1.429587,0.80287653,0.051341504,0.14578192
107585$_$14,-1.7705868,0.4753728,0.09835154,0.42627567
107585$_$17,0.0033466741,0.73691666,0.11925635,0.14382708
107585$_$16,-1.2593913,0.7174543,0.056717917,0.2258278
107585$_$19,-1.5576901,0.76211905,0.09178638,0.14609453
107585$_$18,-1.5419937,0.4861782,0.20723937,0.3065825
107585$_$1,0.27918157,0.7073974,0.034432095,0.2581705
107585$_$0,0.011063758,0.51221645,0.10756043,0.38022316
107585$_$3,-2.2088294,0.5827211,0.16726792,0.250011
107585$_$2,-1.2775904,0.52817756,0.12018347,0.35163897
107585$_$5,-1.6086382,0.65856534,0.0735162,0.26791844
107585$_$4,-1.450301,0.699815,0.094776094,0.20540893
107585$_$7,-1.2358892,0.8056828,0.061463334,0.13285384
107585$_$6,-1.7226832,0.73658615,0.09141502,0.17199887
107585$_$9,-1.8732095,0.666983,0.1145483,0.21846865
107585$_$8,-0.5983038,0.7253686,0.032429818,0.24220158
108146$_$11,-0.08698389,0.6500958,0.08569266,0.2642115
108146$_$10,-1.2118132,0.7400505,0.067712605,0.19223689
108146$_$1,1.2892412,0.72227675,0.06177194,0.2159513
108146$_$0,0.79477656,0.5688037,0.08228215,0.34891412
108146$_$3,-1.649663,0.76017755,0.04661068,0.1932117
108146$_$2,-0.2009347,0.73310137,0.018494405,0.24840418
108146$_$5,0.8758366,0.5887408,0.084440745,0.32681844
108146$_$4,-1.3497208,0.40422767,0.1238101,0.47196215
108146$_$7,-1.3508989,0.6856848,0.056278072,0.25803715
108146$_$6,0.13829304,0.59645563,0.07779613,0.32574823
108146$_$9,-1.6864579,0.4702035,0.07685198,0.45294455
108146$_$8,-0.9149519,0.5604183,0.11375765,0.325824
110565$_$1,1.2245446,0.57269156,0.076216765,0.35109165
110565$_$0,-1.2299503,0.7153328,0.056872923,0.2277942
110565$_$3,-1.4559399,0.65716094,0.0163453,0.32649386
110565$_$2,-0.4955254,0.63262385,0.02946666,0.33790946
110565$_$5,1.3454281,0.6259246,0.0916718,0.28240362
110565$_$4,1.968559,0.62376946,0.08085937,0.2953712
110565$_$7,-1.522353,0.5878746,0.04427116,0.36785424
110565$_$6,-1.6756617,0.5477752,0.10694563,0.3452792
110565$_$8,-1.4404976,0.6807812,0.022770643,0.29644817
111881$_$11,-1.5441724,0.60896087,0.097052544,0.29398656
111881$_$10,-1.2076242,0.5237199,0.01817614,0.45810392
111881$_$13,-0.8395285,0.49963012,0.13103855,0.3693313
111881$_$12,-1.8131875,0.71170336,0.058778882,0.2295177
111881$_$15,-1.721359,0.6042003,0.09545908,0.3003406
111881$_$14,-0.6263703,0.68759114,0.0630366,0.24937221
111881$_$17,-0.6129971,0.5399515,0.12020818,0.33984026
111881$_$16,-0.744929,0.5674907,0.083881944,0.3486273
111881$_$1,0.75777906,0.58272916,0.11578972,0.30148113
111881$_$0,0.11926864,0.35624564,0.10314088,0.54061353
111881$_$3,-0.93005866,0.75574565,0.060526397,0.18372792
111881$_$2,-1.466894,0.4767409,0.12755303,0.3957061
111881$_$5,-0.16048393,0.61115694,0.075011306,0.3138318
111881$_$4,-0.06144363,0.7010701,0.07158684,0.2273431
111881$_$7,-0.6172104,0.6296751,0.09324144,0.27708343
111881$_$6,0.16967496,0.469985,0.08286223,0.44715276
111881$_$9,-1.0200403,0.6004702,0.07365851,0.3258713
111881$_$8,0.23256934,0.5314513,0.13365263,0.33489615
112425$_$11,1.8030444,0.7017096,0.1073034,0.19098695
112425$_$10,0.25966388,0.72344494,0.05594829,0.22060679
112425$_$12,-0.31991732,0.23701894,0.3306676,0.4323134
112425$_$1,-0.037999585,0.19969238,0.2631984,0.5371092
112425$_$0,-0.111188665,0.24830426,0.35374162,0.39795417
112425$_$3,0.43634742,0.47026134,0.15237167,0.37736705
112425$_$2,0.55853856,0.5801055,0.0982243,0.32167023
112425$_$5,-1.420688,0.60847676,0.11249692,0.27902633
112425$_$4,2.0319004,0.8422233,0.033956524,0.1238201
112425$_$7,2.5604968,0.86749536,0.04350801,0.08899667
112425$_$6,0.88491917,0.7247586,0.04557582,0.22966559
112425$_$9,0.91608554,0.6321009,0.16295841,0.20494072
112425$_$8,-0.51252145,0.75309867,0.04510343,0.20179781
112509$_$1,-1.8740661,0.71579975,0.10680526,0.17739508
112509$_$0,-0.029830772,0.42262644,0.14931045,0.42806306
112509$_$3,-0.012367848,0.7470589,0.057724025,0.19521707
112509$_$2,-0.58224213,0.47945353,0.14305507,0.37749138
112509$_$5,2.6635838,0.89033234,0.017851178,0.09181651
112509$_$4,-0.97599196,0.50762516,0.1419839,0.350391
116213$_$11,0.75969064,0.46973875,0.08494661,0.44531465
116213$_$10,0.078018546,0.4295855,0.12686236,0.44355214
116213$_$12,1.5144745,0.6917967,0.0936746,0.21452865
116213$_$1,0.27110982,0.7623898,0.026169766,0.21144052
116213$_$0,0.074156955,0.3499203,0.13654518,0.51353455
116213$_$3,-0.17553955,0.53262395,0.06954438,0.39783168
116213$_$2,0.9969245,0.37910604,0.15432882,0.4665651
116213$_$5,0.2618158,0.62741256,0.10440857,0.26817885
116213$_$4,-0.66614693,0.3938223,0.15528008,0.45089763
116213$_$7,-0.15276158,0.46527743,0.1331145,0.401608
116213$_$6,-0.272553,0.46203226,0.096286714,0.44168103
116213$_$9,0.4371314,0.63283604,0.10458658,0.26257735
116213$_$8,0.35955337,0.32983062,0.123769045,0.54640037
11UtTaDYgII$_$11,1.0382028,0.70879096,0.025763487,0.26544562
11UtTaDYgII$_$0,1.3340355,0.49634454,0.17641434,0.32724118
11UtTaDYgII$_$3,0.63606036,0.5746878,0.10418863,0.32112354
11UtTaDYgII$_$2,0.92414236,0.552067,0.15608893,0.2918441
11UtTaDYgII$_$4,0.620708,0.5058505,0.12460026,0.3695492
11UtTaDYgII$_$7,0.21923614,0.5895729,0.21065135,0.19977577
11UtTaDYgII$_$8,1.7342561,0.7002522,0.030920036,0.26882774
121400$_$11,0.08070882,0.56220716,0.08078577,0.35700706
121400$_$10,-0.3724328,0.6026523,0.09499376,0.3023539
121400$_$1,-1.7078993,0.605793,0.07235617,0.3218508
121400$_$0,0.48769435,0.4021899,0.13258785,0.4652222
121400$_$3,0.439843,0.57597214,0.14728671,0.27674115
121400$_$2,-1.3129995,0.47619066,0.097444646,0.42636466
121400$_$5,0.9193467,0.6251449,0.082147494,0.29270756
121400$_$4,1.5397954,0.67061096,0.08277458,0.24661446
121400$_$7,-0.6136202,0.7094219,0.047187656,0.24339041
121400$_$6,-0.028423715,0.7010129,0.045393754,0.25359336
121400$_$9,-0.7221571,0.63443834,0.10344518,0.26211643
121400$_$8,0.72677857,0.74597377,0.018824467,0.2352018
126872$_$11,-1.6634694,0.81793326,0.040550217,0.14151654
126872$_$10,-1.1261994,0.59225297,0.13557297,0.27217403
126872$_$13,-0.7958735,0.40641072,0.11050375,0.48308557
126872$_$12,-0.13044459,0.52310306,0.11059908,0.3662979
126872$_$14,-0.71035635,0.83205384,0.04767882,0.12026732
126872$_$1,-1.7374225,0.7142207,0.06780714,0.21797219
126872$_$0,-0.3074547,0.59346044,0.11844839,0.28809115
126872$_$3,-0.83691055,0.68834704,0.0916311,0.22002189
126872$_$2,-1.9460182,0.8650772,0.036489565,0.09843326
126872$_$5,-0.7072332,0.7831632,0.063439004,0.15339784
126872$_$4,-1.4956447,0.438817,0.14280926,0.4183737
126872$_$7,-0.9615978,0.6479219,0.10440076,0.24767733
126872$_$6,-1.2194785,0.5692607,0.10904351,0.32169574
126872$_$9,-2.0132911,0.62496483,0.06348395,0.31155118
126872$_$8,-1.47222,0.7998856,0.043298658,0.15681577
130366$_$11,-0.81145924,0.7189974,0.04722935,0.23377325
130366$_$10,-0.4503267,0.54316926,0.12112421,0.3357066
130366$_$1,0.77450496,0.7045149,0.071015224,0.22446983
130366$_$0,0.2575316,0.59311557,0.1003514,0.30653307
130366$_$3,-0.22703347,0.5531851,0.06010914,0.38670573
130366$_$2,-0.22474433,0.51547563,0.14809968,0.33642468
130366$_$5,0.12792689,0.78907186,0.03722285,0.1737053
130366$_$4,-0.57936215,0.7112727,0.15453829,0.134189
130366$_$7,-2.3177738,0.6659192,0.13453509,0.19954579
130366$_$6,-1.8883845,0.7873148,0.09903034,0.11365492
130366$_$9,-0.37222332,0.584803,0.14566392,0.26953307
130366$_$8,-0.008707646,0.3900933,0.19853914,0.41136757
132028$_$1,0.51530695,0.70421016,0.07471337,0.22107646
132028$_$0,-0.0010419153,0.3076935,0.22745802,0.46484852
132028$_$3,-0.7187602,0.8218269,0.045028877,0.13314423
132028$_$2,-1.4985477,0.65500724,0.08725514,0.25773764
132028$_$5,0.17672911,0.39078575,0.09112958,0.5180847
132028$_$4,1.2752069,0.5996763,0.13849135,0.2618323
132028$_$7,0.7335588,0.7005474,0.0655018,0.23395081
132028$_$6,0.71101516,0.5062989,0.15577208,0.33792904
135623$_$1,-1.2222239,0.7010497,0.06916585,0.22978441
135623$_$0,0.5042011,0.5373832,0.07207815,0.39053854
135623$_$3,-1.7095536,0.51902735,0.1417342,0.33923852
135623$_$2,-0.12557152,0.9091793,0.019504288,0.071316436
135623$_$5,-0.94518125,0.5152968,0.09314221,0.391561
135623$_$4,-0.56165105,0.8250206,0.044726565,0.13025282
135623$_$7,-1.7165481,0.69507164,0.030316573,0.2746118
135623$_$6,-1.512108,0.89156,0.020150283,0.08828968
135623$_$9,-0.024834666,0.63341904,0.070000716,0.29658026
135623$_$8,-0.7872272,0.60236394,0.09334034,0.30429572
136196$_$11,-1.2269529,0.4173327,0.18641308,0.3962542
136196$_$10,-1.6443919,0.42244604,0.25867224,0.31888175
136196$_$13,-1.269935,0.72870547,0.092865445,0.17842911
136196$_$12,-1.8238746,0.70628315,0.11140909,0.18230778
136196$_$14,-1.7663598,0.8538584,0.05705384,0.08908775
136196$_$1,-0.68961596,0.8443549,0.07486278,0.08078234
136196$_$0,0.18196633,0.47021556,0.19224885,0.33753562
136196$_$3,-0.07441062,0.75939244,0.042777892,0.19782966
136196$_$2,-0.89636487,0.56331056,0.16273876,0.27395064
136196$_$5,-0.82336026,0.94934404,0.016774017,0.033881925
136196$_$4,-1.5742575,0.57518435,0.15696074,0.26785496
136196$_$7,-0.47937816,0.47839513,0.20475018,0.31685463
136196$_$6,-1.5074437,0.67357045,0.12628038,0.20014915
136196$_$9,-1.4744513,0.6024546,0.11522569,0.28231975
136196$_$8,-1.7007327,0.60800666,0.16635746,0.2256359
167521$_$11,-1.0942715,0.69631565,0.15370052,0.14998381
167521$_$10,0.104533896,0.72524494,0.13412753,0.14062746
167521$_$13,3.1903255,0.8702511,0.060255904,0.06949307
167521$_$12,0.5754512,0.79538345,0.07268594,0.13193062
167521$_$15,2.6710055,0.7774974,0.080565244,0.14193729
167521$_$14,1.983644,0.8026959,0.09706797,0.10023611
167521$_$17,-0.67064786,0.66271544,0.10773025,0.22955433
167521$_$16,2.3510504,0.77332264,0.07784389,0.14883345
167521$_$1,1.3793771,0.87332857,0.060001545,0.06666989
167521$_$0,0.7515384,0.7265755,0.075847775,0.1975768
167521$_$3,-0.14936632,0.8500106,0.060437497,0.089552015
167521$_$2,0.40953526,0.6796575,0.11441705,0.20592543
167521$_$5,-0.027496926,0.7333838,0.08276663,0.1838496
167521$_$4,0.57158804,0.72592854,0.11672366,0.15734784
167521$_$7,0.2313725,0.5874014,0.11491382,0.29768482
167521$_$6,1.8864914,0.6823413,0.12682329,0.19083545
167521$_$9,1.5426731,0.6033605,0.13715951,0.25948
167521$_$8,0.4192577,0.70432156,0.09666155,0.1990169
173CpFb3clw$_$0,0.17170264,0.3338407,0.17718816,0.48897114
173CpFb3clw$_$3,0.559994,0.48991078,0.11839205,0.39169717
173CpFb3clw$_$2,0.24254203,0.5289865,0.09274218,0.3782713
180971$_$1,-0.34437138,0.26285684,0.18300897,0.5541342
180971$_$0,-0.09593023,0.15303889,0.6238519,0.2231092
180971$_$3,-0.093721405,0.4451681,0.16096221,0.39386967
180971$_$2,0.456496,0.5918816,0.10998365,0.29813477
180971$_$5,-1.7030839,0.69533855,0.018914333,0.2857471
180971$_$4,0.3405121,0.7683279,0.068499714,0.16317242
180971$_$6,1.063077,0.7918812,0.015490243,0.19262859
190743$_$11,-0.13398375,0.44332162,0.12736738,0.42931095
190743$_$10,-0.420465,0.3722373,0.044445604,0.58331704
190743$_$13,-0.22455078,0.77806515,0.015399153,0.20653571
190743$_$12,-1.2069019,0.5946897,0.09967386,0.3056364
190743$_$15,-2.1870937,0.48288217,0.14384055,0.3732772
190743$_$14,-1.5480851,0.45598432,0.11084506,0.43317056
190743$_$17,-1.5157361,0.6630883,0.083095975,0.2538157
190743$_$16,-1.3183833,0.5274847,0.13067651,0.34183884
190743$_$18,-1.8418251,0.70834243,0.105781704,0.1858759
190743$_$1,0.20600528,0.45564786,0.12687904,0.41747305
190743$_$0,0.5146285,0.33623448,0.112297155,0.5514684
190743$_$3,-0.32094368,0.39987838,0.14455546,0.45556608
190743$_$2,0.21632953,0.67795664,0.045972448,0.27607098
190743$_$5,-1.6789538,0.55210143,0.117827065,0.33007154
190743$_$4,0.09614253,0.2837011,0.1960015,0.5202974
190743$_$7,-1.8983043,0.8659586,0.04239399,0.09164742
190743$_$6,-1.4089442,0.49563414,0.096468434,0.4078975
190743$_$9,-0.15401313,0.35714605,0.12088679,0.5219672
190743$_$8,-0.061444722,0.61126107,0.033331368,0.35540763
194299$_$11,0.089892074,0.650322,0.12884554,0.22083241
194299$_$10,-0.38888043,0.7177922,0.13330638,0.14890136
194299$_$13,0.25101778,0.4048337,0.1115541,0.4836122
194299$_$12,0.048259974,0.5783814,0.13151589,0.2901027
194299$_$15,-1.2359419,0.65907,0.15946065,0.1814693
194299$_$14,0.45893508,0.4551061,0.15154232,0.39335153
194299$_$16,-0.9665214,0.57185364,0.11730764,0.31083867
194299$_$1,0.6084231,0.648205,0.18931206,0.16248295
194299$_$0,-0.011899453,0.26511988,0.19711266,0.53776747
194299$_$3,0.15342346,0.4345867,0.14424017,0.4211732
194299$_$2,-0.40215766,0.35834348,0.18270524,0.4589513
194299$_$5,-1.3916584,0.7009125,0.0998066,0.19928095
194299$_$4,-1.4526368,0.6457367,0.08478767,0.26947567
194299$_$7,1.5096256,0.6208998,0.09221214,0.28688806
194299$_$6,-0.87662107,0.80708545,0.08220064,0.110713914
194299$_$9,0.15759014,0.4042778,0.1651645,0.4305577
194299$_$8,0.8808995,0.67341965,0.14414577,0.1824346
198112$_$11,-0.26207218,0.5955817,0.118407056,0.28601122
198112$_$10,-0.04349642,0.37459993,0.15507403,0.47032604
198112$_$12,1.9285194,0.63348687,0.09910237,0.26741078
198112$_$1,0.5123146,0.5920663,0.09434386,0.3135898
198112$_$0,0.9984194,0.6593314,0.11848646,0.2221821
198112$_$3,-0.09846237,0.54701316,0.113099545,0.33988723
198112$_$2,-0.54610366,0.347724,0.20152573,0.45075035
198112$_$5,1.628833,0.74726194,0.08377529,0.16896279
198112$_$4,0.94837284,0.482066,0.14630514,0.37162876
198112$_$7,-0.5780061,0.93060255,0.023214255,0.046183165
198112$_$6,-0.28156024,0.58750445,0.0703854,0.34211013
198112$_$9,-0.624021,0.81363547,0.049323056,0.13704145
198112$_$8,-0.16566275,0.30196217,0.18268868,0.51534915
1Gp4l-ZTCVk$_$1,0.017625805,0.58436346,0.06872998,0.34690657
1Gp4l-ZTCVk$_$0,0.4370506,0.44423962,0.10481682,0.45094356
1HS2HcN2LDo$_$10,0.88914716,0.6314143,0.12067621,0.24790946
1HS2HcN2LDo$_$1,0.57616115,0.46008196,0.11226696,0.42765117
1HS2HcN2LDo$_$3,0.2994692,0.68646276,0.11166921,0.20186804
1HS2HcN2LDo$_$5,1.4317137,0.7237428,0.07579354,0.20046371
1HS2HcN2LDo$_$4,0.72155416,0.5367279,0.15268792,0.31058422
1HS2HcN2LDo$_$7,1.0053004,0.2726512,0.13774665,0.5896021
1HS2HcN2LDo$_$6,0.635082,0.4582567,0.0952616,0.4464817
1HS2HcN2LDo$_$9,0.4487285,0.4947391,0.097022645,0.4082383
1HS2HcN2LDo$_$8,2.38367,0.76173663,0.06281733,0.17544608
1LkYxsqRPZM$_$1,2.859984,0.71107185,0.09227999,0.19664817
1LkYxsqRPZM$_$0,1.7460045,0.34152302,0.036526855,0.62195015
1LkYxsqRPZM$_$2,1.2345575,0.75129014,0.026792927,0.22191697
1S6ji_d4OLI$_$9,-0.21679673,0.27340484,0.18195583,0.54463935
1S6ji_d4OLI$_$5,-0.19836861,0.6070289,0.026725726,0.36624536
1jogeKX0wGw$_$2,1.3009084,0.68433833,0.07838047,0.23728123
1jogeKX0wGw$_$5,0.54682875,0.5820767,0.095821165,0.3221021
1jogeKX0wGw$_$4,0.87311244,0.6789181,0.08839918,0.23268263
1pl2FVdQWj0$_$0,1.4688703,0.79297125,0.016113307,0.1909155
1pl2FVdQWj0$_$2,-0.25523242,0.33376306,0.039955027,0.6262819
1pl2FVdQWj0$_$5,0.2896647,0.7173192,0.08244671,0.2002341
1zXAYdPdzy8$_$2,0.09810546,0.36471856,0.13695972,0.4983217
200941$_$11,-0.6399126,0.6274234,0.11145583,0.26112074
200941$_$10,-1.8229977,0.61454815,0.10209231,0.28335956
200941$_$13,-0.9953405,0.78140527,0.06910113,0.14949362
200941$_$12,1.5825914,0.7477388,0.061967116,0.19029409
200941$_$15,-0.31502897,0.73115,0.021283302,0.24756673
200941$_$14,-1.2348793,0.68276227,0.084156245,0.23308158
200941$_$1,-0.687911,0.647633,0.12269182,0.22967523
200941$_$0,0.27099228,0.5794931,0.14577898,0.2747279
200941$_$3,-1.5806166,0.5997899,0.11923682,0.2809733
200941$_$2,-0.14310095,0.32445732,0.17895521,0.49658749
200941$_$5,-1.5707144,0.61389756,0.0334719,0.35263053
200941$_$4,-1.6002129,0.80000746,0.03477673,0.16521579
200941$_$7,-1.6655875,0.674521,0.08555836,0.23992065
200941$_$6,1.581776,0.708225,0.062285412,0.22948958
200941$_$9,-0.53668404,0.52018744,0.14553855,0.33427402
200941$_$8,-1.4605516,0.503934,0.13061655,0.3654494
201005$_$10,0.80263495,0.6382977,0.08724794,0.27445439
201005$_$1,0.19545358,0.5064452,0.12876311,0.3647917
201005$_$0,-0.008500472,0.31153288,0.20739788,0.48106924
201005$_$3,-0.44758016,0.33130717,0.16249235,0.5062005
201005$_$2,-0.22378741,0.7207062,0.069088705,0.21020511
201005$_$5,0.022225399,0.3046758,0.18166271,0.5136615
201005$_$4,-0.39087638,0.6144263,0.089877926,0.2956957
201005$_$7,-0.4527285,0.44001278,0.13537367,0.42461362
201005$_$6,-0.4297027,0.4699305,0.124481685,0.40558782
201005$_$9,-2.0735445,0.6907417,0.035294373,0.2739639
201005$_$8,-1.1321537,0.6925548,0.026562657,0.2808825
202826$_$11,0.7035467,0.61094695,0.13487443,0.25417855
202826$_$10,-0.91120726,0.7680663,0.07299159,0.15894207
202826$_$13,-0.06881133,0.74830395,0.07607864,0.17561735
202826$_$12,-1.7559952,0.7678637,0.063346006,0.16879037
202826$_$14,-0.2197459,0.29447135,0.21318087,0.49234775
202826$_$1,-0.18737005,0.3922234,0.1486503,0.45912638
202826$_$0,0.04533392,0.30506048,0.21850619,0.47643325
202826$_$3,-0.09903753,0.69151074,0.10100357,0.20748577
202826$_$2,-1.2935513,0.8089649,0.06343398,0.1276011
202826$_$5,-1.3423532,0.76601976,0.082320385,0.1516598
202826$_$4,-0.2915486,0.61946493,0.09813734,0.28239772
202826$_$7,0.9236753,0.7789987,0.052385,0.16861637
202826$_$6,-2.496972,0.78302187,0.04417784,0.17280029
202826$_$9,-2.5346363,0.71671987,0.08674955,0.19653058
202826$_$8,-0.8814427,0.61845124,0.10757008,0.27397874
206585$_$1,-2.0805206,0.7373245,0.047215123,0.21546033
206585$_$0,0.41233742,0.48402214,0.06818717,0.44779065
206585$_$3,0.3034949,0.6105099,0.05590731,0.33358285
206585$_$2,0.014856309,0.60980225,0.09279218,0.2974056
206585$_$5,-0.8098341,0.7002889,0.06512404,0.23458707
206585$_$4,1.3029766,0.8398622,0.047368143,0.11276957
208322$_$11,-0.3573521,0.17875522,0.2643055,0.5569393
208322$_$10,0.2623894,0.7959735,0.051967014,0.15205953
208322$_$13,-0.12973996,0.25954166,0.2030455,0.5374129
208322$_$12,-0.047775183,0.7414481,0.07600197,0.18254995
208322$_$1,0.11036582,0.5224744,0.07782668,0.3996989
208322$_$0,-0.0012325458,0.50724137,0.15118149,0.34157714
208322$_$3,-1.4651517,0.63278025,0.106870025,0.26034966
208322$_$2,-1.7500414,0.715784,0.07770855,0.20650743
208322$_$5,-1.0483613,0.7947115,0.028112913,0.17717564
208322$_$4,0.5469287,0.75711966,0.0405306,0.20234975
208322$_$7,-0.4362712,0.6362563,0.031765796,0.3319779
208322$_$6,-0.40825623,0.60674757,0.03639875,0.35685372
208322$_$9,-2.0599685,0.517662,0.10472995,0.37760806
208322$_$8,-0.3367166,0.6409297,0.10664935,0.25242093
208592$_$10,-1.9109582,0.7658714,0.06513473,0.16899388
208592$_$1,0.26233667,0.6681597,0.044849034,0.28699124
208592$_$0,0.034082294,0.42014962,0.12687401,0.4529763
208592$_$3,-1.6381447,0.5687737,0.11725676,0.31396952
208592$_$2,-0.17268512,0.24995421,0.27721924,0.4728265
208592$_$5,0.020872358,0.7093158,0.045315027,0.24536915
208592$_$4,-1.7774065,0.72663516,0.06819311,0.20517182
208592$_$7,0.36538374,0.66178924,0.10817098,0.2300398
208592$_$6,-0.14392331,0.613373,0.09488876,0.2917383
208592$_$9,-0.45808133,0.6060895,0.13874693,0.2551636
208592$_$8,-0.6552589,0.6783819,0.04115573,0.28046238
209758$_$11,0.69945246,0.31342253,0.16570373,0.5208737
209758$_$10,0.10346453,0.34904543,0.15737537,0.49357924
209758$_$13,0.14739822,0.39332718,0.14436266,0.46231022
209758$_$12,2.5543346,0.71263117,0.0748204,0.21254839
209758$_$15,0.4921192,0.51191515,0.11706932,0.37101555
209758$_$14,1.746461,0.78162265,0.024143666,0.19423367
209758$_$1,0.8699566,0.6083873,0.03160877,0.36000395
209758$_$0,1.0680417,0.4655292,0.09885854,0.43561232
209758$_$3,0.64523685,0.4121619,0.14357145,0.44426668
209758$_$2,0.2584573,0.40470842,0.15130542,0.4439862
209758$_$5,0.67470896,0.3505226,0.14368209,0.50579536
209758$_$4,-1.4402295,0.7572552,0.03565477,0.20709002
209758$_$7,0.62258834,0.41375595,0.1147869,0.47145715
209758$_$6,1.6798679,0.6693349,0.087191075,0.24347407
209758$_$9,1.1141168,0.5982876,0.11713708,0.28457537
209758$_$8,0.5550787,0.5961038,0.14114866,0.26274753
20LfN8ENbhM$_$1,1.0200773,0.646425,0.13469598,0.21887903
20LfN8ENbhM$_$0,1.2406676,0.7012378,0.12443186,0.17433031
20LfN8ENbhM$_$2,0.88746697,0.43171102,0.16576248,0.40252647
20LfN8ENbhM$_$5,0.55877435,0.57733977,0.09188961,0.3307706
20LfN8ENbhM$_$4,0.8653836,0.5887572,0.09080039,0.3204424
20LfN8ENbhM$_$6,1.308951,0.60513365,0.15983915,0.2350272
210259$_$11,-1.3959862,0.42617145,0.13858126,0.43524727
210259$_$10,-1.6849769,0.7826339,0.06404369,0.15332246
210259$_$13,-1.6842909,0.7888215,0.07295003,0.13822854
210259$_$12,-1.2167196,0.84117126,0.041187156,0.11764161
210259$_$15,-0.09894994,0.74534124,0.067833036,0.18682571
210259$_$14,-1.9131678,0.8371709,0.031938955,0.13089019
210259$_$17,-0.7143202,0.7738651,0.05546214,0.17067277
210259$_$16,-2.6386971,0.6860181,0.086353436,0.22762845
210259$_$1,0.63417685,0.6032869,0.11615941,0.28055367
210259$_$0,0.24141265,0.58912486,0.12403653,0.2868386
210259$_$3,-0.20821887,0.5577734,0.06596709,0.37625948
210259$_$2,-0.30459332,0.4783792,0.050773636,0.47084716
210259$_$5,0.024494473,0.42549506,0.056292433,0.5182125
210259$_$4,-0.048237655,0.3930868,0.16767609,0.4392371
210259$_$7,-1.7829732,0.5222522,0.12288609,0.35486168
210259$_$6,-0.45194378,0.82166266,0.05614354,0.12219374
210259$_$9,-0.59757435,0.6606819,0.038890928,0.30042717
210259$_$8,-1.8107339,0.49338233,0.13393067,0.37268698
210433$_$1,0.19440317,0.5344419,0.042711243,0.42284688
210433$_$0,0.57179487,0.7122038,0.020563321,0.2672328
210433$_$3,1.3495988,0.59922075,0.11077736,0.29000187
210433$_$2,-0.80391306,0.77553433,0.06208182,0.16238391
210433$_$5,-0.88121384,0.8213268,0.043451045,0.13522217
210433$_$4,0.011143874,0.69587475,0.037294783,0.26683047
210433$_$7,-1.8580173,0.5617354,0.1519052,0.28635943
210433$_$6,-0.43139496,0.8182759,0.015948908,0.16577518
210433$_$8,-1.1273,0.79927653,0.07052024,0.13020316
211875$_$11,-0.7910702,0.64157975,0.10688683,0.25153348
211875$_$10,-2.117167,0.7536443,0.060649693,0.18570602
211875$_$1,0.008727871,0.37386218,0.10090067,0.52523714
211875$_$0,0.18844348,0.3238328,0.11777427,0.5583929
211875$_$3,-0.074150056,0.31447193,0.10576393,0.5797641
211875$_$2,-0.099502966,0.26139897,0.16075735,0.57784367
211875$_$5,-1.5754234,0.76987463,0.06857518,0.16155013
211875$_$4,1.2245948,0.6269439,0.10898037,0.2640757
211875$_$7,-2.0706491,0.80526084,0.019916022,0.17482315
211875$_$6,-2.0361137,0.5205071,0.08926649,0.39022645
211875$_$9,-0.89115816,0.7017577,0.016376382,0.28186592
211875$_$8,0.17409724,0.87898177,0.010875174,0.11014304
213327$_$10,-1.3966091,0.5009942,0.0835112,0.4154946
213327$_$1,0.5042492,0.6109899,0.07683627,0.3121738
213327$_$0,0.10436383,0.5415677,0.09424928,0.36418304
213327$_$3,-0.27530745,0.54538894,0.089509524,0.36510146
213327$_$2,-0.52027774,0.5370838,0.09467263,0.36824355
213327$_$5,0.51172304,0.59455115,0.06431166,0.3411372
213327$_$4,-0.37629977,0.4590504,0.10641431,0.43453524
213327$_$7,0.35791373,0.4442106,0.12870742,0.42708194
213327$_$6,-1.1406171,0.6990868,0.06590821,0.23500493
213327$_$9,-2.0057716,0.5793678,0.069670685,0.3509615
213327$_$8,-2.0908751,0.88754344,0.01896166,0.09349491
215318$_$11,1.738258,0.6511929,0.08818088,0.26062617
215318$_$10,-0.14827615,0.51672,0.13427933,0.34900072
215318$_$13,0.07072018,0.54948604,0.11479001,0.335724
215318$_$12,-0.2822889,0.69694346,0.059713528,0.24334304
215318$_$15,-1.7460427,0.8850667,0.03700868,0.07792461
215318$_$14,-0.35857385,0.4340844,0.1737063,0.39220932
215318$_$1,-0.20012651,0.31157023,0.19189328,0.49653646
215318$_$0,-0.0895011,0.38496032,0.16176671,0.45327294
215318$_$3,-1.8331313,0.82871795,0.04271193,0.12857014
215318$_$2,-0.14584653,0.4799587,0.1400794,0.37996182
215318$_$5,-0.49725923,0.44039708,0.12641922,0.43318373
215318$_$4,-2.466641,0.508669,0.117346965,0.37398407
215318$_$7,0.52198005,0.6538488,0.07103177,0.2751194
215318$_$6,0.06970361,0.569015,0.1304396,0.30054533
215318$_$9,0.010882504,0.5477171,0.11718151,0.3351014
215318$_$8,-2.3041224,0.655494,0.079836264,0.26466984
221137$_$1,0.2579394,0.43912113,0.13527267,0.42560613
221137$_$0,-0.014777843,0.30815867,0.2425893,0.449252
221137$_$3,-2.229409,0.641009,0.079704665,0.27928635
221137$_$2,0.54227513,0.8130439,0.036929075,0.15002704
221137$_$5,-2.0497756,0.70601815,0.025403637,0.2685783
221137$_$4,-0.52675897,0.59887546,0.060038954,0.34108558
221137$_$7,-1.4179233,0.545457,0.11747582,0.33706716
221137$_$6,0.027658727,0.27051342,0.1470966,0.58238995
221137$_$8,-1.8208035,0.5268288,0.09745845,0.37571275
221153$_$10,0.38209876,0.46787378,0.15179707,0.38032922
221153$_$13,0.24087714,0.51672584,0.07768,0.40559414
221153$_$15,-1.5610031,0.632409,0.1163287,0.25126225
221153$_$14,-1.1686021,0.63322467,0.07925521,0.28752008
221153$_$17,0.57656157,0.5219133,0.10744916,0.3706375
221153$_$16,-1.0764655,0.8212699,0.033375267,0.1453548
221153$_$19,0.18244472,0.7181658,0.05163328,0.23020093
221153$_$18,0.20372292,0.83943516,0.02044963,0.14011522
221153$_$1,0.2775713,0.36978287,0.11246663,0.5177505
221153$_$0,-0.18427646,0.3274376,0.10328344,0.56927896
221153$_$3,-0.09843002,0.34008682,0.099280655,0.5606325
221153$_$2,0.04051554,0.5309556,0.1322969,0.3367475
221153$_$5,-0.31244197,0.31088093,0.15302639,0.5360927
221153$_$4,-0.01288097,0.31525123,0.11578079,0.568968
221153$_$7,-0.19208765,0.45699126,0.103971675,0.43903708
221153$_$6,-0.4182462,0.44797334,0.1756757,0.37635094
221153$_$9,-0.09926097,0.47873887,0.09949074,0.42177045
221153$_$20,-0.29744548,0.6896944,0.06892246,0.24138322
221153$_$8,-0.28173828,0.32312638,0.11835678,0.55851686
221274$_$1,-0.51708186,0.90264463,0.014439566,0.08291585
221274$_$0,-0.047109988,0.66656536,0.16377647,0.16965815
221274$_$3,0.08764094,0.58154595,0.16779354,0.25066054
221274$_$2,0.7239665,0.67702645,0.048641555,0.274332
221274$_$5,-0.43503138,0.713089,0.05711877,0.22979222
221274$_$4,-1.1414021,0.76027316,0.03182919,0.20789762
221274$_$7,-1.0044415,0.8469383,0.06841064,0.08465107
221274$_$6,-2.1270642,0.83317035,0.047170945,0.11965878
221274$_$9,-0.8536967,0.66260684,0.08273584,0.25465733
221274$_$8,-1.7560534,0.81681764,0.08086792,0.10231433
222247$_$11,-1.4656779,0.55838025,0.06663663,0.3749831
222247$_$10,-1.6857679,0.6582156,0.06815152,0.2736329
222247$_$13,-2.055779,0.65602374,0.09260911,0.2513672
222247$_$12,0.43342677,0.7721773,0.043888856,0.18393391
222247$_$14,-1.4280885,0.6717016,0.049299553,0.27899882
222247$_$1,-0.06431126,0.32968003,0.12299317,0.5473268
222247$_$0,-0.026445556,0.29306433,0.23664416,0.4702915
222247$_$3,-0.93696064,0.5771069,0.08785187,0.33504114
222247$_$2,-0.4285692,0.5010243,0.12566519,0.3733105
222247$_$5,-0.73741853,0.4877127,0.1136575,0.39862972
222247$_$4,0.14736596,0.36656702,0.13447574,0.49895725
222247$_$7,-2.052181,0.7108784,0.07037257,0.21874912
222247$_$6,-1.1236265,0.51221913,0.12426973,0.36351115
222247$_$9,-1.6400002,0.49042398,0.11677779,0.39279822
222247$_$8,-1.1497979,0.7108288,0.06681987,0.22235133
22373$_$10,-1.2245314,0.6652996,0.025409354,0.309291
22373$_$1,0.011557322,0.4824621,0.18943116,0.32810673
22373$_$0,0.27715427,0.55030954,0.12871407,0.3209764
22373$_$3,-0.1887848,0.27129066,0.20878574,0.5199236
22373$_$2,-0.5040798,0.7605613,0.05344592,0.18599269
22373$_$5,-1.2516303,0.4648715,0.15978716,0.37534133
22373$_$4,0.35059592,0.59255654,0.042348407,0.36509505
22373$_$7,-0.7316942,0.7269296,0.045497835,0.22757249
22373$_$6,-1.115405,0.5398417,0.14440802,0.31575027
22373$_$9,-1.1296839,0.7380656,0.11303409,0.14890029
22373$_$8,-1.4497154,0.63971895,0.14169908,0.21858199
224263$_$11,-2.2371514,0.49595436,0.17375669,0.33028895
224263$_$10,-1.4046949,0.43192065,0.20169798,0.36638138
224263$_$13,1.3115894,0.5656623,0.1515488,0.2827889
224263$_$12,0.07073571,0.8418357,0.03872538,0.119439
224263$_$15,-1.5061439,0.41875345,0.19164807,0.38959852
224263$_$14,-1.6880163,0.57607335,0.12804966,0.29587698
224263$_$17,-2.2599497,0.7447618,0.12532136,0.1299168
224263$_$16,-1.7654661,0.5274112,0.16474827,0.30784053
224263$_$1,0.043403715,0.37107778,0.16785803,0.46106416
224263$_$0,0.50888944,0.55817306,0.14110826,0.30071864
224263$_$3,-1.6141206,0.41977197,0.18265025,0.39757776
224263$_$2,-1.6924425,0.6381331,0.18046992,0.18139698
224263$_$5,0.55203545,0.5240902,0.27256602,0.20334384
224263$_$4,-0.8815023,0.63174605,0.13588591,0.23236805
224263$_$7,-0.7080799,0.53603923,0.122992024,0.34096873
224263$_$6,-2.175391,0.49734023,0.19591308,0.30674663
224263$_$9,-0.7566236,0.6234384,0.14823472,0.22832687
224263$_$8,-1.3127823,0.4868429,0.17185242,0.34130463
224370$_$20,-1.1594319,0.7906871,0.06364979,0.14566322
224370$_$21,-0.22465098,0.52846646,0.12977849,0.3417551
224370$_$22,1.6627374,0.7482876,0.07180338,0.17990899
224370$_$1,-0.34360003,0.3544893,0.18102661,0.46448416
224370$_$0,0.0477906,0.26524672,0.1681371,0.5666161
224370$_$3,-2.5552092,0.7170761,0.091205366,0.19171856
224370$_$2,-1.6944922,0.5899161,0.12464858,0.2854353
224370$_$5,-1.187392,0.6295136,0.09482579,0.27566054
224370$_$4,-1.4198189,0.40552703,0.15301001,0.44146296
224370$_$7,0.32513016,0.4166229,0.24676046,0.33661667
224370$_$6,-1.4551803,0.4877944,0.20616879,0.3060368
224370$_$9,0.96412104,0.6874765,0.13793202,0.1745915
224370$_$8,-1.6991253,0.63515115,0.1264764,0.23837242
224370$_$11,-0.33565548,0.5398109,0.17851385,0.28167522
224370$_$10,-0.396038,0.6110622,0.10304197,0.2858958
224370$_$13,-1.4143096,0.8339573,0.07575798,0.09028479
224370$_$12,-0.32701817,0.5817153,0.18133974,0.23694499
224370$_$15,-0.96276796,0.76389986,0.08671607,0.14938404
224370$_$14,-1.0908414,0.50799847,0.1972637,0.29473785
224370$_$17,-2.0882802,0.5750935,0.13335223,0.29155427
224370$_$16,-1.9749361,0.6377134,0.12950268,0.23278391
224370$_$19,-0.2121912,0.51433676,0.16853365,0.31712964
224370$_$18,-1.7549014,0.55919105,0.148132,0.292677
224631$_$11,1.1411736,0.6737956,0.08794799,0.23825644
224631$_$10,0.6934653,0.73351234,0.018123731,0.2483639
224631$_$1,0.4768583,0.5329557,0.08884709,0.37819716
224631$_$0,0.3389561,0.554011,0.065859765,0.38012922
224631$_$3,1.2566729,0.7994001,0.014030022,0.1865699
224631$_$2,-0.08643684,0.41630965,0.10910705,0.47458336
224631$_$5,0.8973543,0.5138928,0.057179835,0.42892733
224631$_$4,0.9812082,0.55227005,0.12771676,0.32001317
224631$_$7,-0.56861025,0.3687408,0.05127821,0.579981
224631$_$6,0.32600904,0.42219374,0.09154846,0.4862578
224631$_$9,-0.6332536,0.48625937,0.022778377,0.4909622
224631$_$8,0.13516672,0.5345121,0.09294098,0.3725469
226601$_$11,-1.7857145,0.7219784,0.0806402,0.19738139
226601$_$10,-1.215677,0.7757555,0.08431532,0.13992919
226601$_$13,-1.2368912,0.7156142,0.08459024,0.19979551
226601$_$12,-1.3141565,0.5489066,0.12545116,0.32564223
226601$_$15,-0.09512165,0.549294,0.10827441,0.34243166
226601$_$14,-0.11126317,0.7257659,0.028637523,0.2455966
226601$_$17,0.56943846,0.6852042,0.088945106,0.22585067
226601$_$16,-1.3049859,0.5224897,0.11980537,0.35770488
226601$_$18,-2.0520706,0.70320284,0.08121765,0.21557947
226601$_$1,-0.53163564,0.66725355,0.07518103,0.25756544
226601$_$0,0.3854298,0.41084066,0.115800224,0.47335905
226601$_$3,0.32319498,0.61657256,0.03436253,0.34906492
226601$_$2,-0.09956437,0.5284754,0.12811288,0.3434118
226601$_$5,-0.1428433,0.33004087,0.16974021,0.5002189
226601$_$4,-0.10679369,0.39381954,0.117793486,0.48838693
226601$_$7,-1.6582934,0.60538507,0.10554158,0.28907335
226601$_$6,-0.36553824,0.2497001,0.19228616,0.55801374
226601$_$9,2.337381,0.8333728,0.05891252,0.107714675
226601$_$8,-0.8444586,0.679729,0.092835836,0.22743522
226640$_$1,0.20391408,0.6763011,0.12150035,0.20219848
226640$_$0,0.1501567,0.49538612,0.1568015,0.3478124
226640$_$3,-0.3682358,0.6486936,0.10418051,0.24712592
226640$_$2,0.51192605,0.59695655,0.06749923,0.33554423
226640$_$5,-1.5604858,0.6231477,0.041762404,0.33508983
226640$_$4,-1.1001377,0.6748514,0.09282142,0.23232722
226640$_$7,1.1112291,0.6730667,0.028451573,0.29848173
226640$_$6,-1.7703627,0.72293603,0.07981419,0.19724974
226640$_$9,-0.35915077,0.79727644,0.08855962,0.11416396
226640$_$8,-0.008712236,0.6184012,0.104018204,0.27758056
22689$_$11,-0.48544532,0.64808565,0.039150372,0.31276396
22689$_$10,-1.5694696,0.41906992,0.13778125,0.44314882
22689$_$1,-1.5550467,0.6583859,0.10988982,0.23172426
22689$_$0,-0.24153337,0.6216341,0.087553084,0.29081285
22689$_$3,-1.1392921,0.5881049,0.1172884,0.29460675
22689$_$2,-0.22377816,0.43799737,0.15771075,0.40429193
22689$_$5,-1.8532718,0.65844816,0.09829525,0.2432566
22689$_$4,-0.9442721,0.67385,0.043013074,0.28313687
22689$_$7,-0.2473439,0.44464147,0.14486496,0.4104936
22689$_$6,-1.4243191,0.5831855,0.0763283,0.34048617
22689$_$9,-1.5329697,0.5217235,0.11646373,0.36181274
22689$_$8,-0.04549619,0.46347797,0.15351194,0.38301018
233939$_$11,0.09864658,0.69855934,0.10155788,0.19988278
233939$_$10,-2.1583054,0.51760024,0.12248735,0.35991237
233939$_$13,-1.0413337,0.7840001,0.07105559,0.14494434
233939$_$12,0.10475163,0.35858908,0.19328836,0.44812262
233939$_$15,-1.9957918,0.48898906,0.12445826,0.3865527
233939$_$14,-1.7964221,0.6800715,0.09079569,0.22913282
233939$_$16,0.17000058,0.5299991,0.10534371,0.3646572
233939$_$1,-0.27092278,0.3964928,0.17261705,0.43089017
233939$_$0,-0.21218586,0.5257513,0.17109351,0.3031552
233939$_$3,-2.9927819,0.64777255,0.11942373,0.23280364
233939$_$2,0.02037632,0.51468325,0.14872316,0.33659357
233939$_$5,-0.25390616,0.808927,0.060554147,0.13051884
233939$_$4,-1.6572922,0.629767,0.11803507,0.2521979
233939$_$7,-1.5436856,0.62540364,0.13298781,0.24160859
233939$_$6,-2.4560487,0.6017497,0.14142437,0.25682583
233939$_$9,-1.3299911,0.6904393,0.049276717,0.260284
233939$_$8,-1.2625061,0.63565874,0.12623022,0.23811103
234046$_$11,-1.6738683,0.45300692,0.15151186,0.39548132
234046$_$10,-0.6516008,0.53568506,0.10429085,0.36002412
234046$_$13,-1.1845864,0.54534024,0.14796689,0.30669284
234046$_$12,-1.8650209,0.59354866,0.11391965,0.2925316
234046$_$15,-0.9398067,0.6372579,0.080321856,0.28242022
234046$_$14,-1.4100025,0.7535885,0.07250404,0.17390755
234046$_$17,-0.90106493,0.48941624,0.027621938,0.48296174
234046$_$16,-1.7805424,0.49670804,0.14452823,0.3587637
234046$_$19,0.19525489,0.36466527,0.15524255,0.4800922
234046$_$18,-1.7117196,0.6567528,0.08203075,0.26121637
234046$_$1,0.13213739,0.30783522,0.030811636,0.6613531
234046$_$0,-0.028965924,0.57510155,0.09038075,0.33451772
234046$_$3,-0.36525008,0.24195202,0.18007022,0.5779778
234046$_$2,0.009598728,0.5583698,0.08977905,0.35185114
234046$_$5,-0.3298951,0.4038091,0.1563917,0.43979925
234046$_$4,-0.3098258,0.59294593,0.11834569,0.2887083
234046$_$7,-1.4188744,0.69883263,0.08538875,0.21577857
234046$_$6,-1.170633,0.5260797,0.10143337,0.37248695
234046$_$9,-0.50132924,0.5538883,0.0829773,0.36313432
234046$_$8,-0.26127505,0.57337797,0.13029265,0.29632938
236442$_$11,-0.07279536,0.51037884,0.11864458,0.37097657
236442$_$10,-0.2655392,0.7015645,0.06297915,0.23545635
236442$_$1,0.1658737,0.58461976,0.10966056,0.30571976
236442$_$0,0.18623567,0.36216927,0.17620848,0.4616222
236442$_$3,-0.9191823,0.6426851,0.098768875,0.258546
236442$_$2,-1.2813743,0.67096406,0.081447974,0.24758795
236442$_$5,-1.9581447,0.63608265,0.08959903,0.2743183
236442$_$4,-1.1171583,0.7139325,0.073563725,0.2125037
236442$_$7,-0.43439972,0.31602737,0.18530999,0.4986626
236442$_$6,-1.4792861,0.73362505,0.014421352,0.25195363
236442$_$9,-1.7872201,0.67814714,0.07920287,0.24265006
236442$_$8,-2.1469715,0.70503694,0.10645504,0.18850799
23656$_$20,0.06602979,0.5064136,0.109772764,0.38381365
23656$_$21,-0.13215299,0.5153927,0.12589541,0.35871193
23656$_$1,-0.00019562617,0.4160101,0.16677146,0.41721848
23656$_$0,0.34941372,0.40380338,0.13519062,0.46100596
23656$_$3,0.9500977,0.69624203,0.07592108,0.22783695
23656$_$2,1.6425558,0.49917644,0.12633456,0.37448895
23656$_$5,1.2134006,0.7045023,0.06854756,0.2269501
23656$_$4,-0.6409559,0.58607554,0.11644573,0.29747874
23656$_$7,-0.3813774,0.78148603,0.06415498,0.15435897
23656$_$6,-1.1845915,0.41438943,0.16957413,0.41603646
23656$_$9,0.56711715,0.74309385,0.070275046,0.18663108
23656$_$8,-1.4130145,0.5292692,0.08536206,0.38536867
23656$_$11,0.42013282,0.53538316,0.11094535,0.3536715
23656$_$10,-0.77837795,0.57532865,0.10923276,0.31543857
23656$_$13,-0.45616397,0.43993586,0.13681908,0.42324513
23656$_$12,-2.2215564,0.7568588,0.050190892,0.19295031
23656$_$15,0.47687092,0.565589,0.10832011,0.32609093
23656$_$14,-0.59506714,0.3350035,0.15500575,0.50999075
23656$_$17,-0.0014227219,0.35209882,0.2788022,0.36909896
23656$_$16,-0.8861969,0.455953,0.15395026,0.39009672
23656$_$19,-1.6400806,0.49633557,0.11958982,0.3840746
23656$_$18,-2.5556893,0.65920573,0.08051077,0.2602835
237363$_$11,-0.1743946,0.7199724,0.04378789,0.2362397
237363$_$10,-0.19235185,0.3839224,0.14990321,0.46617445
237363$_$13,-1.72817,0.63998467,0.07455041,0.28546488
237363$_$12,-1.8010231,0.48945588,0.14373738,0.3668068
237363$_$1,0.7810142,0.81806,0.06711453,0.11482541
237363$_$0,0.13487637,0.4088335,0.18962157,0.401545
237363$_$3,-1.3019968,0.8668636,0.039258596,0.0938778
237363$_$2,0.2269892,0.8665145,0.03471964,0.09876592
237363$_$5,-2.1192107,0.7650768,0.057393458,0.17752972
237363$_$4,-0.17629349,0.4342294,0.22502998,0.3407406
237363$_$7,0.020314451,0.84680766,0.041269608,0.11192275
237363$_$6,-1.5153536,0.66871303,0.029404579,0.30188233
237363$_$9,-0.8633318,0.49966514,0.14470357,0.35563132
237363$_$8,1.2768443,0.69215155,0.10369597,0.2041525
238063$_$11,-1.1750953,0.6922336,0.121096574,0.18666975
238063$_$10,0.11170696,0.50480115,0.16161276,0.33358613
238063$_$13,-0.6492089,0.81688035,0.018306356,0.16481332
238063$_$12,-2.0594459,0.75250685,0.036418337,0.21107477
238063$_$15,-2.0178542,0.6021327,0.16954681,0.22832051
238063$_$14,-0.48360533,0.7037818,0.08295328,0.21326488
238063$_$17,-0.4694215,0.68451375,0.07804111,0.23744515
238063$_$16,1.6005636,0.84631574,0.06668852,0.086995706
238063$_$1,-0.10558991,0.4040115,0.16390301,0.43208548
238063$_$0,0.008163404,0.32753354,0.21432756,0.4581389
238063$_$3,-1.118643,0.791546,0.053440336,0.15501373
238063$_$2,-0.35688588,0.33819547,0.19319221,0.46861228
238063$_$5,1.2090296,0.6347392,0.10796255,0.25729826
238063$_$4,0.4830632,0.5791369,0.046506297,0.37435684
238063$_$7,-0.36973625,0.51329464,0.12936157,0.35734382
238063$_$6,1.1300696,0.5452058,0.10032647,0.3544678
238063$_$9,0.31710532,0.62765545,0.024381073,0.34796348
238063$_$8,-0.22294801,0.369943,0.15909776,0.47095922
24196$_$11,-0.5548106,0.58566415,0.09553164,0.31880417
24196$_$10,0.46401352,0.621887,0.08370096,0.29441202
24196$_$13,1.1441635,0.6024689,0.10884704,0.28868404
24196$_$12,-0.95070386,0.65760654,0.06986984,0.27252358
24196$_$15,-1.3350468,0.8723019,0.017216304,0.110481754
24196$_$14,0.8484556,0.8711333,0.028614605,0.10025212
24196$_$17,-2.4342945,0.7704546,0.040531144,0.18901421
24196$_$16,0.97024673,0.6137893,0.09242973,0.29378092
24196$_$1,0.10875699,0.5643223,0.11313654,0.32254115
24196$_$0,0.090584025,0.49280018,0.14680126,0.36039856
24196$_$3,-1.7999367,0.63116753,0.08635062,0.28248188
24196$_$2,-0.75827515,0.60603404,0.06280091,0.3311651
24196$_$5,0.82110524,0.5440242,0.12546386,0.33051187
24196$_$4,1.3952336,0.82878613,0.037189126,0.13402468
24196$_$7,-1.9623281,0.74801594,0.06345312,0.18853089
24196$_$6,0.0066304617,0.75546074,0.03268111,0.21185817
24196$_$9,-1.1156286,0.48663086,0.11044424,0.40292484
24196$_$8,-2.8658872,0.7906291,0.052179676,0.15719119
24351$_$11,0.6099043,0.6647831,0.10404465,0.2311722
24351$_$10,0.39715466,0.3167704,0.18067616,0.50255346
24351$_$12,1.809424,0.6860515,0.09247549,0.22147302
24351$_$1,-0.09369397,0.5475579,0.099504925,0.35293722
24351$_$0,0.40693456,0.6371282,0.06231568,0.30055612
24351$_$3,-0.27677405,0.39699435,0.2581235,0.34488213
24351$_$2,-0.044333916,0.2763929,0.17132814,0.55227894
24351$_$5,-0.14798357,0.76299125,0.07004259,0.16696614
24351$_$4,0.5017159,0.6283349,0.046070255,0.32559484
24351$_$7,1.1285148,0.771675,0.08138636,0.14693864
24351$_$6,0.12199183,0.5434747,0.12892538,0.3275999
24351$_$9,-0.41344514,0.83636534,0.058733054,0.104901604
24351$_$8,0.03957097,0.4596095,0.1238557,0.4165348
243981$_$11,-0.18463099,0.65554506,0.075357646,0.2690973
243981$_$10,-2.2282317,0.838256,0.021399993,0.14034402
243981$_$13,-0.877092,0.71485335,0.086779915,0.19836669
243981$_$12,-1.793714,0.7488399,0.08057883,0.17058124
243981$_$15,-0.66795444,0.6659937,0.042779624,0.2912267
243981$_$14,-1.2339567,0.51574427,0.15154997,0.33270577
243981$_$17,-1.5785716,0.64615506,0.12344164,0.23040329
243981$_$16,0.15454766,0.60979,0.103027746,0.28718233
243981$_$19,-2.0787637,0.80943924,0.048704084,0.14185672
243981$_$18,0.14679743,0.45179957,0.14450665,0.4036938
243981$_$1,0.46450523,0.7059095,0.08488493,0.20920554
243981$_$0,1.0707054,0.6970091,0.10466204,0.19832893
243981$_$3,0.42134863,0.6272164,0.1256167,0.24716686
243981$_$2,0.47143674,0.49194512,0.10966267,0.39839223
243981$_$5,-1.5720415,0.49287006,0.12362906,0.38350093
243981$_$4,-0.4179057,0.78442883,0.064013265,0.1515579
243981$_$7,-1.0199211,0.7480933,0.068070315,0.18383642
243981$_$6,-1.298637,0.6077102,0.12445504,0.26783472
243981$_$9,-0.12987003,0.60449374,0.10533627,0.29016998
243981$_$8,-1.8389559,0.6699395,0.10258125,0.22747926
24504$_$11,-0.119469196,0.6089872,0.09837141,0.29264143
24504$_$10,0.9066347,0.5084151,0.09724677,0.39433807
24504$_$1,-2.263556,0.8597218,0.028266897,0.11201132
24504$_$0,0.81447566,0.41430068,0.14346133,0.44223794
24504$_$3,-1.6831491,0.61931205,0.07849911,0.3021888
24504$_$2,-1.9077499,0.77808315,0.08119273,0.14072403
24504$_$5,0.4022803,0.6859508,0.11841693,0.19563223
24504$_$4,-0.9976227,0.7704553,0.04925645,0.18028824
24504$_$7,-0.93952745,0.815023,0.02242416,0.16255282
24504$_$6,-0.5235732,0.5813422,0.10602958,0.31262815
24504$_$9,1.4320822,0.5439828,0.08388048,0.37213665
24504$_$8,-1.908816,0.49975044,0.097055346,0.40319422
245582$_$11,-1.3268918,0.6312051,0.031236934,0.33755797
245582$_$10,-1.1163493,0.6107798,0.09033875,0.2988814
245582$_$13,-1.1491741,0.72167534,0.10151476,0.17680992
245582$_$12,-0.9628868,0.8556334,0.029745298,0.1146214
245582$_$15,-1.2342632,0.69792587,0.060930304,0.24114388
245582$_$14,-1.9886426,0.70667845,0.058758162,0.23456343
245582$_$17,-0.2283832,0.40946025,0.14363602,0.4469037
245582$_$16,-1.0367032,0.52190304,0.14531954,0.33277738
245582$_$1,-1.7804644,0.58687377,0.098978885,0.3141474
245582$_$0,0.3650019,0.32664502,0.103144534,0.57021046
245582$_$3,-0.6627191,0.41443807,0.112965204,0.47259668
245582$_$2,-1.0806185,0.6318711,0.06840003,0.2997288
245582$_$5,-0.084057435,0.46374166,0.10712313,0.42913523
245582$_$4,-1.0859708,0.5848488,0.092939764,0.32221147
245582$_$7,-1.1036143,0.8064821,0.012134193,0.18138373
245582$_$6,-0.94768095,0.7570678,0.058267336,0.18466482
245582$_$9,0.063214034,0.70896107,0.019936355,0.2711026
245582$_$8,-0.20506571,0.5286341,0.11465983,0.35670602
252097$_$11,-0.45787728,0.5444137,0.1797834,0.27580288
252097$_$10,-0.9273521,0.47720325,0.18895453,0.33384225
252097$_$12,-1.9563227,0.66021305,0.1526974,0.18708949
252097$_$1,0.73091495,0.47021386,0.22412618,0.30566
252097$_$0,1.4276067,0.5798517,0.18524766,0.23490062
252097$_$3,-0.7708881,0.77693665,0.10669223,0.11637115
252097$_$2,-2.216085,0.7285589,0.09205623,0.17938489
252097$_$5,-0.88136166,0.65782905,0.11751207,0.22465895
252097$_$4,-1.7222114,0.6730359,0.14317249,0.18379156
252097$_$7,-1.1715988,0.7286865,0.13152203,0.13979143
252097$_$6,0.5173723,0.5255002,0.124648556,0.34985128
252097$_$9,-1.9209722,0.78223974,0.028243082,0.18951724
252097$_$8,-2.1477978,0.6395356,0.12766574,0.2327986
252912$_$11,-0.4267087,0.6838683,0.05609203,0.2600397
252912$_$10,-1.7333897,0.5160687,0.101169266,0.38276207
252912$_$13,-1.5581335,0.8380683,0.04924862,0.112683035
252912$_$12,-0.75108254,0.68361676,0.08606854,0.23031472
252912$_$1,0.2194297,0.49532557,0.1371769,0.36749756
252912$_$0,0.16038093,0.32643613,0.18581338,0.4877505
252912$_$3,-0.6044524,0.7955376,0.047370635,0.15709184
252912$_$2,-1.0761099,0.87019515,0.035007462,0.0947974
252912$_$5,-1.401836,0.52716243,0.12822312,0.34461445
252912$_$4,0.40186104,0.61274624,0.097976774,0.28927702
252912$_$7,-1.6674601,0.5352749,0.10502215,0.35970294
252912$_$6,0.17516485,0.6925937,0.08740562,0.2200007
252912$_$9,-1.2258147,0.59077543,0.09205179,0.31717277
252912$_$8,-0.025900904,0.3703756,0.154224,0.47540045
254427$_$0,-0.090826675,0.728413,0.039316136,0.23227079
255408$_$1,-0.13730514,0.4154146,0.17763104,0.40695435
255408$_$0,-0.06166273,0.36599368,0.20994875,0.4240576
255408$_$3,-0.684394,0.40640798,0.20549394,0.38809812
255408$_$2,-0.05254339,0.45671028,0.17946422,0.36382547
255408$_$5,-0.3091291,0.3713684,0.19863898,0.42999265
255408$_$4,-0.44823843,0.55388945,0.15141726,0.29469326
255408$_$7,-1.3114737,0.60914814,0.13179512,0.2590567
255408$_$6,-0.27409118,0.8081084,0.09168937,0.10020217
255408$_$9,-1.7205552,0.7650905,0.06844769,0.16646183
255408$_$8,-1.2098591,0.7504006,0.0769214,0.17267805
25640$_$1,-0.10925296,0.66083574,0.08566163,0.2535027
25640$_$0,-0.0034185871,0.25284967,0.1970124,0.55013794
25640$_$3,-1.4093169,0.67491794,0.057365607,0.26771647
25640$_$2,1.602167,0.57837856,0.10570415,0.31591725
25640$_$5,-0.05819333,0.373026,0.1463543,0.4806196
25640$_$4,-1.6116326,0.500523,0.14662677,0.3528502
25640$_$7,-1.6857342,0.68420047,0.057662766,0.2581368
25640$_$6,-1.762927,0.646029,0.05833681,0.29563418
25640$_$8,-1.1117713,0.84671295,0.012328444,0.14095859
257277$_$11,-1.7174634,0.5738309,0.05984591,0.36632314
257277$_$10,-2.0605521,0.6966505,0.11962821,0.18372126
257277$_$13,-0.30152288,0.784364,0.07040369,0.14523226
257277$_$12,-0.2334792,0.4693157,0.08029904,0.45038527
257277$_$15,-0.08177528,0.52808195,0.131771,0.34014702
257277$_$14,-0.037825946,0.6055421,0.08330543,0.31115243
257277$_$16,-1.2562776,0.68260646,0.025252538,0.29214096
257277$_$1,0.12796676,0.5176262,0.07165409,0.4107197
257277$_$0,0.16029891,0.3734449,0.14718707,0.4793681
257277$_$3,-0.5204935,0.8680209,0.06349214,0.06848692
257277$_$2,-0.25234547,0.61303055,0.13620734,0.25076208
257277$_$5,-0.26040187,0.56558675,0.096745394,0.33766785
257277$_$4,-0.80780566,0.55696195,0.04307148,0.39996654
257277$_$7,0.80818456,0.6170577,0.05461846,0.32832384
257277$_$6,1.4423501,0.53822213,0.098277114,0.36350074
257277$_$9,-0.24391787,0.8516789,0.055924885,0.09239622
257277$_$8,-1.4087136,0.5250831,0.1422871,0.3326298
257534$_$11,-1.9122323,0.71094006,0.068523936,0.22053592
257534$_$10,-1.2955065,0.6752159,0.10674733,0.21803671
257534$_$13,-0.35875124,0.555712,0.12524614,0.3190419
257534$_$12,-1.302272,0.57489395,0.15027453,0.2748315
257534$_$15,-1.1383072,0.6715719,0.10658356,0.22184452
257534$_$14,-1.7276452,0.6362928,0.0570998,0.30660737
257534$_$16,-2.2327094,0.6575478,0.08031466,0.26213762
257534$_$1,0.07610294,0.45287538,0.19922715,0.34789744
257534$_$0,0.040283162,0.2434445,0.16479546,0.59176004
257534$_$3,-1.1197039,0.6384243,0.1565169,0.20505874
257534$_$2,-1.0528928,0.70298904,0.071014576,0.2259964
257534$_$5,0.030755538,0.2884742,0.08811019,0.6234156
257534$_$4,0.02853642,0.39490795,0.1491393,0.45595276
257534$_$7,0.07083784,0.3282797,0.15768951,0.51403075
257534$_$6,-1.7529746,0.5713593,0.15942165,0.26921907
257534$_$9,-0.9649116,0.76399076,0.06321399,0.17279524
257534$_$8,0.17284931,0.42176038,0.16115631,0.41708338
259470$_$10,-0.8870927,0.83148783,0.038431,0.13008112
259470$_$13,-2.5748386,0.69598585,0.07976019,0.224254
259470$_$12,-0.8200676,0.6637933,0.07438994,0.26181668
259470$_$15,-1.453024,0.79986393,0.05136169,0.14877434
259470$_$14,-0.5065971,0.64249647,0.12577954,0.23172395
259470$_$17,-1.583904,0.84236354,0.048237614,0.10939892
259470$_$16,-2.1311865,0.7074757,0.083917245,0.20860703
259470$_$19,-1.2446727,0.8575778,0.048941985,0.0934802
259470$_$18,-0.04909404,0.848038,0.032870103,0.11909186
259470$_$23,0.044251446,0.599442,0.14551039,0.25504765
259470$_$0,0.55759144,0.7200353,0.08031414,0.19965051
259470$_$2,-0.18991593,0.2738323,0.14441897,0.5817487
259470$_$4,1.1475717,0.42072824,0.10572256,0.47354922
259470$_$7,-2.1305304,0.6117332,0.068163976,0.3201028
259470$_$6,0.36937097,0.52953696,0.06973239,0.40073064
259470$_$9,-0.1713289,0.58135957,0.09022775,0.32841268
259470$_$8,-2.0337172,0.67545927,0.12640253,0.19813825
259470$_$21,0.83136284,0.5923187,0.089685515,0.31799585
267466$_$28,0.12822825,0.6425404,0.14592429,0.21153535
267466$_$29,-0.798785,0.37759176,0.13227089,0.49013737
267466$_$24,0.18262942,0.6114756,0.12178458,0.2667398
267466$_$25,-0.2604313,0.44898656,0.070341006,0.48067245
267466$_$26,-1.1675729,0.5447026,0.07296087,0.3823365
267466$_$27,-0.14455669,0.47676367,0.14035848,0.3828779
267466$_$20,0.05427639,0.4166501,0.11838653,0.46496332
267466$_$21,-0.84126216,0.48860154,0.12786795,0.38353056
267466$_$22,-1.1393822,0.44011748,0.11571312,0.4441694
267466$_$23,-1.7436926,0.74278855,0.05965401,0.19755746
267466$_$46,-1.357534,0.36335385,0.19271947,0.44392666
267466$_$44,-2.3873966,0.6827919,0.11647044,0.20073764
267466$_$45,-2.2306247,0.5730464,0.114786536,0.31216714
267466$_$42,-0.9993272,0.6683927,0.0646111,0.26699623
267466$_$43,-0.58062375,0.7667396,0.047486167,0.18577431
267466$_$40,-0.08764756,0.7103195,0.091163136,0.19851735
267466$_$41,0.8247207,0.4985081,0.11558398,0.38590792
267466$_$1,-0.1786561,0.39873856,0.16930422,0.43195716
267466$_$0,0.0274215,0.22564836,0.15021287,0.6241387
267466$_$3,0.11368333,0.28886408,0.15366882,0.5574671
267466$_$2,-0.4094444,0.3611394,0.13543898,0.5034216
267466$_$5,-1.1718059,0.7178172,0.050780006,0.23140281
267466$_$4,-0.5186104,0.4430681,0.12843919,0.42849275
267466$_$7,-1.2230749,0.69464886,0.07354667,0.23180443
267466$_$6,-1.360055,0.46149838,0.13527638,0.40322524
267466$_$9,-0.53022283,0.3962481,0.15440261,0.44934925
267466$_$8,-0.93122554,0.3821816,0.12955613,0.48826224
267466$_$13,0.52561814,0.36788327,0.091408975,0.5407078
267466$_$12,-1.4663166,0.43294194,0.0767786,0.49027947
267466$_$11,-0.2091113,0.46428558,0.10880489,0.42690954
267466$_$10,-0.3305604,0.598916,0.094880305,0.30620366
267466$_$39,-0.90800875,0.49666968,0.1263259,0.37700438
267466$_$38,-1.1365488,0.5843347,0.028899048,0.38676625
267466$_$15,0.004349258,0.27785358,0.17790158,0.5442448
267466$_$14,-0.35965008,0.47143412,0.13388588,0.39468005
267466$_$17,-0.45135853,0.5637894,0.1060141,0.33019653
267466$_$16,-0.79447305,0.38714427,0.11228151,0.50057423
267466$_$33,-0.6025454,0.68361837,0.08606193,0.2303197
267466$_$18,0.36661676,0.3913334,0.0699762,0.53869045
267466$_$31,-0.8996748,0.58501613,0.042191442,0.37279242
267466$_$30,-1.2987235,0.65643996,0.111609444,0.23195063
267466$_$37,-1.0948889,0.691266,0.055629358,0.2531047
267466$_$36,-1.6464274,0.70508146,0.09348547,0.20143314
267466$_$35,-1.5385832,0.59580994,0.1086931,0.29549694
267466$_$34,-2.0665212,0.67249566,0.12598792,0.2015164
267466$_$19,0.16835558,0.43782243,0.17729075,0.3848869
267466$_$32,-1.1442747,0.6150945,0.060049407,0.32485616
267694$_$11,-1.2488264,0.7441577,0.10386316,0.15197922
267694$_$10,0.6692552,0.514692,0.15367821,0.33162984
267694$_$13,-1.2528576,0.5919454,0.053360358,0.35469425
267694$_$12,-0.46726733,0.51631415,0.15759559,0.32609025
267694$_$15,-1.303608,0.5897634,0.09266739,0.31756917
267694$_$14,-1.9693863,0.6564984,0.11668872,0.22681291
267694$_$17,-1.8099867,0.76342577,0.06774421,0.16883004
267694$_$16,-1.2840084,0.60530525,0.10899124,0.28570354
267694$_$19,-0.5601327,0.5571701,0.18084078,0.26198912
267694$_$18,-1.5725257,0.6522828,0.15154967,0.19616759
267694$_$1,0.20509453,0.5155239,0.19725412,0.28722194
267694$_$0,0.27391887,0.34247512,0.18875818,0.4687667
267694$_$3,-0.6610083,0.66947305,0.11542363,0.2151033
267694$_$2,0.26431572,0.5289581,0.11986734,0.3511746
267694$_$5,0.7430743,0.66403556,0.11343642,0.22252801
267694$_$4,0.2569669,0.7420887,0.08142624,0.1764851
267694$_$7,-1.1809158,0.5251423,0.1782661,0.29659158
267694$_$6,-1.0821725,0.4849558,0.14537759,0.36966667
267694$_$9,-0.05870192,0.83344436,0.029832013,0.13672365
267694$_$8,0.63426733,0.7507426,0.039215375,0.21004197
272838$_$11,-1.231356,0.6964189,0.12029258,0.18328848
272838$_$10,-0.5067852,0.52545077,0.1231062,0.3514431
272838$_$13,-0.74393076,0.6838402,0.105166726,0.21099302
272838$_$12,0.0860924,0.6106818,0.124828264,0.26449
272838$_$15,-1.4031731,0.5068236,0.18245651,0.3107199
272838$_$14,-0.96693224,0.69579214,0.12360986,0.18059793
272838$_$17,0.5405548,0.86305374,0.038886644,0.09805956
272838$_$16,1.0679139,0.61868566,0.14779256,0.2335218
272838$_$1,-0.17219643,0.537526,0.124980934,0.33749306
272838$_$0,0.07958174,0.33664325,0.19342762,0.46992913
272838$_$3,-1.6082318,0.6303632,0.09540966,0.2742271
272838$_$2,-1.1177821,0.7482804,0.06807286,0.18364666
272838$_$5,-0.45738244,0.3986831,0.21717435,0.3841426
272838$_$4,-0.46379846,0.31601033,0.17805302,0.5059366
272838$_$7,-0.9913703,0.5609887,0.1481649,0.29084635
272838$_$6,-0.30964452,0.4191928,0.17781225,0.40299496
272838$_$9,-0.22986764,0.4828424,0.16792397,0.3492336
272838$_$8,-1.0499425,0.6937314,0.06486761,0.24140097
273207$_$10,-1.2840091,0.7249304,0.019242918,0.25582674
273207$_$1,-0.31712198,0.43599802,0.16152357,0.40247843
273207$_$0,0.073271066,0.41243872,0.13754784,0.45001346
273207$_$3,-1.8570869,0.7243703,0.098130904,0.17749879
273207$_$2,0.42808175,0.66457045,0.08545909,0.24997045
273207$_$5,0.033017293,0.7374447,0.037353598,0.2252017
273207$_$4,0.30399263,0.47479615,0.16609038,0.3591135
273207$_$7,-0.99428624,0.6772479,0.08163293,0.24111928
273207$_$6,-0.70589244,0.6860749,0.11499573,0.19892928
273207$_$9,0.9766956,0.61485046,0.124679394,0.26047012
273207$_$8,-0.063531905,0.57227963,0.19409016,0.23363021
273250$_$24,-1.8981532,0.5436402,0.10627372,0.3500861
273250$_$25,-1.0584084,0.52001715,0.1291648,0.35081807
273250$_$26,-2.1177838,0.5057652,0.11877865,0.37545615
273250$_$27,-2.0139554,0.8128154,0.04356025,0.14362426
273250$_$20,-0.23829734,0.7190784,0.08026605,0.20065545
273250$_$21,0.26160386,0.4315981,0.12362532,0.44477654
273250$_$22,-1.8974642,0.6780833,0.07768042,0.24423626
273250$_$23,-2.566083,0.54689336,0.09568079,0.3574259
273250$_$1,-0.102008626,0.4149037,0.15893456,0.42616177
273250$_$0,-0.42728883,0.5964568,0.099910155,0.30363306
273250$_$3,-0.27885285,0.4362148,0.123056345,0.4407289
273250$_$2,-0.7533768,0.4925991,0.106911734,0.40048912
273250$_$5,-0.5385307,0.49419627,0.13077556,0.37502816
273250$_$4,-0.5491549,0.497143,0.10311667,0.39974028
273250$_$7,-0.09341931,0.49437392,0.106451705,0.3991744
273250$_$6,-0.27888498,0.6172883,0.09328434,0.28942734
273250$_$9,-0.48382014,0.3147288,0.12646827,0.5588029
273250$_$8,0.0676952,0.49289382,0.06876816,0.43833807
273250$_$11,-0.49540645,0.37084776,0.12058025,0.508572
273250$_$10,-1.6344713,0.40225998,0.14495158,0.4527885
273250$_$13,-1.122296,0.57949257,0.10679897,0.3137084
273250$_$12,-0.46308225,0.45094317,0.12962924,0.4194276
273250$_$15,-0.35912433,0.38457918,0.15556762,0.4598532
273250$_$14,-2.463138,0.55502844,0.10593256,0.33903903
273250$_$17,-1.2965106,0.29945588,0.12661445,0.57392967
273250$_$16,-0.25848317,0.5422745,0.08560231,0.37212318
273250$_$19,0.11352429,0.58806795,0.09408225,0.31784987
273250$_$18,-1.9364599,0.49431857,0.10127935,0.40440202
275267$_$11,-1.7545776,0.63734984,0.11298252,0.24966763
275267$_$10,-2.2787707,0.72004205,0.09612819,0.18382975
275267$_$13,-0.4586798,0.65262306,0.13994168,0.20743527
275267$_$12,-1.0643915,0.623242,0.09822681,0.2785311
275267$_$15,0.21868807,0.48753437,0.17602427,0.33644134
275267$_$14,-1.6284286,0.6682133,0.07486711,0.2569196
275267$_$1,-1.5308316,0.77147466,0.03550092,0.1930245
275267$_$0,0.08304267,0.40945423,0.16659005,0.4239558
275267$_$3,-0.40822524,0.6319147,0.16554782,0.20253745
275267$_$2,-0.5671184,0.77858156,0.09399644,0.12742208
275267$_$5,-0.119950354,0.47215298,0.1777801,0.35006684
275267$_$4,-1.2678548,0.7196462,0.05702558,0.22332816
275267$_$7,-0.49679792,0.48369488,0.1683252,0.3479799
275267$_$6,0.3034165,0.5209057,0.17478284,0.30431145
275267$_$9,-0.05234151,0.51766896,0.150065,0.33226603
275267$_$8,-0.26295924,0.44223422,0.1910074,0.36675844
27v7Blr0vjw$_$0,0.0120668225,0.5907672,0.10542486,0.30380797
27v7Blr0vjw$_$3,0.4153875,0.58906466,0.09303645,0.3178989
27v7Blr0vjw$_$2,0.13439712,0.5553537,0.060975146,0.38367116
27v7Blr0vjw$_$5,1.0291489,0.7350503,0.033165492,0.23178424
27v7Blr0vjw$_$4,0.15348814,0.47168976,0.3127946,0.21551569
28006$_$20,-1.6946346,0.50753087,0.11587723,0.3765919
28006$_$21,-1.6558267,0.68006915,0.07434954,0.24558125
28006$_$22,-2.230015,0.62209374,0.070253395,0.30765286
28006$_$1,-0.56773305,0.36897853,0.16953,0.46149147
28006$_$0,0.006193746,0.6234147,0.06424241,0.31234285
28006$_$3,-0.09797683,0.6349126,0.032951638,0.3321357
28006$_$2,-1.5132614,0.3811733,0.12652864,0.49229798
28006$_$5,-0.8386115,0.5109556,0.089873806,0.39917064
28006$_$4,-0.0040600635,0.38424256,0.1083313,0.50742614
28006$_$7,-1.446425,0.42639142,0.1496468,0.4239618
28006$_$6,-1.1689149,0.6054542,0.1315388,0.263007
28006$_$9,-1.1469305,0.3074366,0.17861143,0.51395196
28006$_$8,-0.78116375,0.7108015,0.026736544,0.26246205
28006$_$11,-1.7563521,0.56376433,0.07836641,0.35786924
28006$_$10,-2.08569,0.7044865,0.036193684,0.25931984
28006$_$13,-1.3855287,0.59582657,0.14265111,0.26152232
28006$_$12,-0.8239814,0.64975655,0.08897844,0.26126504
28006$_$15,-0.82628685,0.2896768,0.1095869,0.6007364
28006$_$14,-1.4976352,0.33558086,0.11968256,0.54473656
28006$_$17,0.0139888935,0.40794352,0.14199048,0.450066
28006$_$16,-1.4999877,0.72526205,0.033809472,0.24092849
28006$_$19,-1.7460762,0.464657,0.1816536,0.35368937
28006$_$18,-1.5912133,0.58647496,0.023322593,0.39020243
283935$_$1,-0.14604394,0.51380473,0.043205384,0.44298986
283935$_$0,0.16869086,0.42072228,0.20182155,0.37745613
283935$_$3,-2.2164865,0.769318,0.029264826,0.2014172
283935$_$2,-0.1297135,0.64532775,0.02455665,0.3301155
283935$_$5,-1.7958697,0.6500132,0.08199555,0.26799121
283935$_$4,0.8753903,0.576834,0.11311923,0.3100467
286943$_$11,-0.51919675,0.53051263,0.11056082,0.3589266
286943$_$10,-1.2755413,0.51660204,0.1362663,0.34713167
286943$_$1,-0.59736437,0.8150245,0.04196123,0.14301428
286943$_$0,0.7882588,0.4402642,0.20865718,0.35107863
286943$_$3,0.99656034,0.7400586,0.12543114,0.13451028
286943$_$2,0.28024012,0.51054543,0.03456714,0.4548874
286943$_$5,-0.9964498,0.76985174,0.06850264,0.16164564
286943$_$4,0.10618709,0.52586097,0.10135977,0.37277928
286943$_$7,-0.9373168,0.85334057,0.028404212,0.11825533
286943$_$6,-1.8530852,0.7376276,0.049799647,0.21257277
286943$_$9,-1.2098053,0.765699,0.033655472,0.20064548
286943$_$8,-1.0494386,0.842441,0.050387394,0.10717158
29751$_$11,0.04393367,0.37859383,0.17050613,0.45090002
29751$_$10,-0.3244672,0.5783198,0.094737984,0.32694227
29751$_$1,-0.13543628,0.26394305,0.15659541,0.5794615
29751$_$0,0.89177614,0.58426523,0.1373897,0.27834508
29751$_$3,-1.4889766,0.4429701,0.12421463,0.43281522
29751$_$2,0.0026362538,0.3697338,0.123666264,0.5065999
29751$_$5,-0.2630211,0.7250374,0.066552095,0.20841052
29751$_$4,-1.304547,0.50495994,0.14834963,0.34669042
29751$_$7,-1.2056711,0.80447316,0.049214836,0.14631191
29751$_$6,-0.5685957,0.5635837,0.11532801,0.32108828
29751$_$9,-0.5248696,0.62863797,0.09159106,0.27977097
29751$_$8,-2.2504072,0.68688864,0.029935611,0.28317574
2BuFtglEcaY$_$11,0.34321314,0.87369585,0.042410664,0.0838935
2BuFtglEcaY$_$10,0.8576664,0.79759955,0.05737114,0.14502935
2BuFtglEcaY$_$13,0.9899681,0.69969285,0.05097588,0.24933122
2BuFtglEcaY$_$12,1.4074508,0.4979202,0.17872569,0.32335415
2BuFtglEcaY$_$14,0.77266693,0.42078862,0.14531022,0.43390113
2BuFtglEcaY$_$1,2.1174452,0.8505585,0.031487614,0.11795379
2BuFtglEcaY$_$0,-0.24725859,0.6857971,0.06408829,0.25011468
2BuFtglEcaY$_$3,-0.7825517,0.8519801,0.05162042,0.09639951
2BuFtglEcaY$_$2,0.892403,0.8227083,0.03967854,0.13761313
2BuFtglEcaY$_$5,1.2681476,0.5758392,0.059538912,0.3646219
2BuFtglEcaY$_$4,1.3353049,0.7939397,0.048012882,0.15804747
2BuFtglEcaY$_$7,1.6899371,0.6395633,0.08496096,0.27547568
2BuFtglEcaY$_$6,1.3477594,0.6694469,0.10981204,0.22074108
2BuFtglEcaY$_$9,2.421175,0.7274515,0.12026775,0.15228073
2BuFtglEcaY$_$8,2.3759441,0.8406029,0.041568384,0.11782879
2ItiGjefTRA$_$3,0.11323395,0.58771545,0.044081725,0.36820284
2ItiGjefTRA$_$4,-0.40988553,0.5067498,0.025084991,0.46816513
2Ky9DBSl49w$_$1,0.11554614,0.71000373,0.04462111,0.2453752
2QXHdu2zlQY$_$0,-0.0046466924,0.5270174,0.107151486,0.36583108
2QXHdu2zlQY$_$2,0.36387792,0.41192105,0.16654673,0.42153215
2QXHdu2zlQY$_$5,0.5515778,0.26543298,0.09124977,0.6433172
2QXHdu2zlQY$_$4,0.36827797,0.4216522,0.07579826,0.5025496
2QXHdu2zlQY$_$7,0.9996836,0.55647993,0.13471083,0.30880925
2QXHdu2zlQY$_$6,0.12402782,0.5460648,0.06983118,0.38410404
2QXHdu2zlQY$_$8,0.8142285,0.6061184,0.04262778,0.3512538
2W-U94hXuK0$_$1,0.42037752,0.7317761,0.021340717,0.24688315
2W-U94hXuK0$_$3,-1.234625,0.5524171,0.054175846,0.39340708
2W-U94hXuK0$_$2,-0.4583371,0.5171831,0.16091126,0.32190564
2W-U94hXuK0$_$4,-0.97196317,0.47879052,0.19597194,0.3252375
2fbBrB1nJEQ$_$0,0.43085825,0.61997867,0.07590342,0.30411783
2m58ShI1QSI$_$0,1.0930606,0.6446412,0.073885754,0.28147298
2m58ShI1QSI$_$2,0.91309047,0.59792256,0.0804037,0.32167372
2o2ljA0QD7g$_$11,0.28642893,0.3780748,0.094979405,0.5269458
2o2ljA0QD7g$_$12,0.66778696,0.38547856,0.15512298,0.45939854
2o2ljA0QD7g$_$4,0.34851432,0.5109813,0.16331758,0.32570103
2vsgDSlJ9pU$_$0,0.5576844,0.5594764,0.18362926,0.25689435
2vsgDSlJ9pU$_$13,0.48783883,0.702642,0.038077697,0.25928023
2vsgDSlJ9pU$_$12,0.6728914,0.5988473,0.16499622,0.23615645
2vsgDSlJ9pU$_$5,-0.16898905,0.4147292,0.19313774,0.39213303
2ze94yo2aPo$_$1,0.8059434,0.58203936,0.09724906,0.3207116
2ze94yo2aPo$_$0,1.4544773,0.63045967,0.03510452,0.33443582
2ze94yo2aPo$_$5,0.15741539,0.24519223,0.189543,0.56526476
2ze94yo2aPo$_$4,0.041245632,0.18852626,0.14514221,0.6663316
34cU3HO_hEA$_$8,0.008806016,0.5607256,0.026943443,0.41233093
35694$_$11,0.095048815,0.50538677,0.13152944,0.3630838
35694$_$10,-0.07847123,0.6149179,0.11003232,0.27504978
35694$_$13,-1.5314906,0.7257853,0.06832856,0.20588611
35694$_$12,-0.74192214,0.62355137,0.059394423,0.31705418
35694$_$15,-1.485186,0.8074363,0.037796527,0.15476725
35694$_$14,-1.7736536,0.62613773,0.1058107,0.26805148
35694$_$17,-1.1525775,0.56722224,0.06609049,0.36668724
35694$_$16,-0.39665118,0.61560374,0.036174733,0.34822154
35694$_$1,-0.80747235,0.6907535,0.080140844,0.22910565
35694$_$0,0.65671134,0.67595226,0.08665778,0.23739003
35694$_$3,-0.9360316,0.5856862,0.10270019,0.31161356
35694$_$2,-0.66834784,0.6547177,0.16032115,0.18496116
35694$_$5,0.09172191,0.4573001,0.13739197,0.4053079
35694$_$4,-0.56847405,0.45255157,0.13360886,0.41383955
35694$_$7,-0.14865965,0.4787982,0.15529703,0.36590472
35694$_$6,-0.39333338,0.6908901,0.069569044,0.23954095
35694$_$9,-0.06693013,0.4001287,0.14286833,0.457003
35694$_$8,0.0059641786,0.2878458,0.20117581,0.5109784
37NMbnd7r20$_$0,0.056876134,0.8298482,0.03929702,0.13085479
3At-BKm9eYk$_$1,0.31665456,0.83498037,0.033740167,0.13127936
3At-BKm9eYk$_$0,-2.005471,0.59504426,0.058287613,0.3466681
3At-BKm9eYk$_$3,-1.371486,0.6725541,0.087456055,0.2399899
3At-BKm9eYk$_$2,-1.1293617,0.571615,0.08745465,0.34093034
3At-BKm9eYk$_$5,0.2844854,0.92996746,0.022341376,0.04769125
3At-BKm9eYk$_$4,0.11876796,0.61871135,0.08141279,0.29987586
3At-BKm9eYk$_$7,0.13969846,0.61735505,0.089177854,0.2934671
3At-BKm9eYk$_$6,-0.27519357,0.74523896,0.10649693,0.14826412
3HyAaqre_Fk$_$3,-0.41045287,0.7035941,0.070137486,0.22626844
3HyAaqre_Fk$_$2,0.0134767555,0.5672239,0.15299849,0.27977756
3HyAaqre_Fk$_$6,1.4402527,0.7012221,0.08607933,0.2126986
3IUVpwx23cY$_$9,0.07363218,0.5884816,0.12120181,0.29031658
3IUVpwx23cY$_$10,0.88001114,0.77183425,0.072282866,0.15588279
3IUVpwx23cY$_$31,-0.06446518,0.44626436,0.13160639,0.42212924
3IUVpwx23cY$_$27,0.037609056,0.49745166,0.16885613,0.3336922
3IUVpwx23cY$_$23,0.15774626,0.4070021,0.038954653,0.55404323
3OYY5Tsz_2k$_$10,0.39225167,0.33632025,0.07317371,0.590506
3OYY5Tsz_2k$_$14,0.45155394,0.328735,0.14642467,0.52484035
3OYY5Tsz_2k$_$1,0.31206706,0.44953486,0.16145734,0.3890078
3OYY5Tsz_2k$_$2,0.20172614,0.44815823,0.02795836,0.5238834
3OYY5Tsz_2k$_$5,0.103996694,0.21974124,0.1935255,0.5867333
3OYY5Tsz_2k$_$7,0.33088177,0.39957163,0.18467492,0.41575348
3REPHw7oLWo$_$1,0.17002681,0.7367708,0.07962624,0.1836029
3REPHw7oLWo$_$13,1.1070204,0.81529343,0.06055679,0.124149725
3REPHw7oLWo$_$4,-0.22558871,0.3556038,0.19001728,0.4543789
3REPHw7oLWo$_$7,-0.19010198,0.3923172,0.2067927,0.40089008
3UOqbf_B_Yc$_$1,1.0225276,0.61983705,0.12868127,0.25148168
3UOqbf_B_Yc$_$2,1.454888,0.49711978,0.102389015,0.4004912
3UOqbf_B_Yc$_$5,1.0748298,0.67784005,0.020964773,0.3011951
3UOqbf_B_Yc$_$6,1.1040802,0.6753692,0.1465466,0.17808424
3WZ6R9B0PcU$_$9,-0.8013405,0.496618,0.16493677,0.3384453
3XShFTBsp_Q$_$2,0.54817283,0.57556057,0.15328227,0.2711572
3hOlJf_JQDs$_$1,2.7828388,0.8794972,0.016235335,0.10426744
3hOlJf_JQDs$_$3,2.148304,0.71319926,0.093164906,0.19363584
3odZe3AGilc$_$0,0.97921133,0.45251477,0.08823426,0.45925105
3odZe3AGilc$_$3,1.162613,0.8122626,0.07511406,0.11262335
3odZe3AGilc$_$2,0.49301326,0.6366702,0.05647539,0.30685443
3wHE78v9zr4$_$24,0.6329775,0.6513762,0.033668354,0.31495544
3wHE78v9zr4$_$25,1.4199227,0.46477965,0.10996419,0.4252562
3wHE78v9zr4$_$26,-0.81801033,0.5032376,0.086464606,0.41029778
3wHE78v9zr4$_$27,0.68981624,0.49458146,0.12440061,0.38101792
3wHE78v9zr4$_$20,-0.16161269,0.4619469,0.065267555,0.47278553
3wHE78v9zr4$_$21,-0.28554788,0.4535844,0.14506136,0.40135422
3wHE78v9zr4$_$22,0.33146507,0.5224189,0.11011845,0.36746266
3wHE78v9zr4$_$23,0.55804276,0.5714801,0.113396384,0.31512347
3wHE78v9zr4$_$1,0.77014863,0.41564885,0.095050514,0.4893006
3wHE78v9zr4$_$0,1.1894684,0.56823885,0.10645165,0.3253095
3wHE78v9zr4$_$3,1.3478099,0.5852824,0.012501852,0.40221578
3wHE78v9zr4$_$2,2.8045871,0.8793793,0.018299678,0.10232112
3wHE78v9zr4$_$5,0.39295226,0.6379958,0.0709706,0.29103363
3wHE78v9zr4$_$4,0.76338077,0.6542668,0.024667073,0.32106614
3wHE78v9zr4$_$7,0.32591024,0.44082665,0.09444517,0.46472815
3wHE78v9zr4$_$9,0.81755733,0.70732784,0.013999262,0.278673
3wHE78v9zr4$_$8,0.2348244,0.4683493,0.06992373,0.461727
3wHE78v9zr4$_$11,0.30737048,0.58718973,0.04950482,0.36330548
3wHE78v9zr4$_$10,-0.07287437,0.7617619,0.0438482,0.19438994
3wHE78v9zr4$_$13,0.37665644,0.7441344,0.014728639,0.24113685
3wHE78v9zr4$_$12,-0.13087751,0.45316678,0.07861908,0.4682141
3wHE78v9zr4$_$15,0.34473106,0.5571387,0.06887568,0.37398562
3wHE78v9zr4$_$14,-0.45881727,0.5756511,0.07852474,0.34582415
3wHE78v9zr4$_$17,-0.6220173,0.5571594,0.09121441,0.35162616
3wHE78v9zr4$_$16,-0.12527545,0.38810197,0.0717865,0.54011154
3wHE78v9zr4$_$19,0.6836754,0.56567794,0.07777713,0.3565449
3wHE78v9zr4$_$18,0.41696262,0.62748283,0.046137728,0.3263795
41381$_$10,-0.5782872,0.79387885,0.056503326,0.14961776
41381$_$1,0.9283705,0.6363101,0.11153868,0.25215116
41381$_$0,0.3279825,0.50722635,0.17086281,0.3219109
41381$_$3,-0.443475,0.63388515,0.029401286,0.33671352
41381$_$2,-0.7030399,0.4126117,0.17148127,0.41590706
41381$_$5,-1.4970552,0.854806,0.01539679,0.12979724
41381$_$4,0.0939243,0.40135202,0.16263123,0.4360168
41381$_$7,-0.51474106,0.5395144,0.16557385,0.29491174
41381$_$6,-0.4140876,0.71832085,0.08174476,0.19993436
41381$_$9,-1.2034684,0.713898,0.081801325,0.2043006
41381$_$8,0.14808619,0.6065371,0.117500305,0.27596253
424SXFTCFsA$_$1,0.7230276,0.6112648,0.07423858,0.31449658
424SXFTCFsA$_$3,1.7425299,0.7725343,0.09417441,0.13329127
424SXFTCFsA$_$2,0.19572967,0.5549606,0.08898202,0.35605738
424SXFTCFsA$_$4,1.2561101,0.4553787,0.12446456,0.42015678
46495$_$1,-0.007214185,0.36585584,0.13016078,0.5039834
46495$_$0,-0.11776519,0.23852833,0.34787294,0.4135987
46495$_$3,-0.47834605,0.25950363,0.1484188,0.59207755
46495$_$2,-0.2067757,0.4649886,0.12285042,0.41216102
46495$_$5,-1.1264373,0.38166937,0.11789206,0.5004386
46495$_$4,-0.29448098,0.41282535,0.106858894,0.4803157
46495$_$7,-1.1499792,0.51387376,0.12881278,0.35731348
46495$_$6,-1.9043494,0.67261773,0.102914736,0.22446752
46495$_$9,-2.6832018,0.52242064,0.12712625,0.35045314
46495$_$8,-1.0843685,0.5262624,0.1508889,0.3228487
46615$_$1,-1.5533465,0.75702095,0.046918664,0.19606048
46615$_$0,0.23299251,0.51299757,0.10586186,0.38114053
46615$_$3,-0.1057716,0.6175642,0.11720977,0.265226
46615$_$2,-0.21579668,0.3844412,0.119934775,0.49562395
46615$_$5,-1.8543445,0.7214356,0.08421183,0.19435263
46615$_$4,0.48798862,0.5215765,0.044597648,0.4338258
46615$_$7,-0.88943255,0.44480982,0.14867623,0.4065139
46615$_$6,-1.5248,0.6273026,0.13020146,0.2424959
46615$_$9,-0.14528953,0.47579432,0.16388671,0.3603189
46615$_$8,-1.5711008,0.5459576,0.13792312,0.3161193
4EDblUpJieU$_$1,0.5331147,0.40502557,0.067799725,0.52717465
4EDblUpJieU$_$3,0.26943377,0.714553,0.049229193,0.23621774
4EDblUpJieU$_$7,1.519548,0.70182925,0.057784796,0.24038598
4YfyP0uIqw0$_$6,0.506701,0.38990435,0.14707969,0.46301594
4dAYMzRyndc$_$10,-0.25363842,0.624246,0.16233762,0.21341638
4dAYMzRyndc$_$13,-0.6967273,0.6286226,0.106942154,0.26443517
4dAYMzRyndc$_$16,0.3241888,0.6780578,0.23999749,0.08194473
4dAYMzRyndc$_$0,0.8562316,0.6109631,0.033982333,0.3550546
4dAYMzRyndc$_$3,0.6452668,0.6480814,0.12500533,0.22691321
4dAYMzRyndc$_$4,0.5213748,0.49190456,0.17254196,0.33555353
4dAYMzRyndc$_$9,0.13653754,0.5986783,0.15582503,0.24549672
4o4ilPK9rl8$_$1,-0.11034921,0.78949344,0.06601631,0.14449029
4t5k_yILGJM$_$3,-0.6534674,0.6308404,0.09701928,0.2721403
4wLP4elp1uM$_$8,-0.6724322,0.62200576,0.11188344,0.2661108
4wLP4elp1uM$_$7,-0.7854775,0.6761543,0.07807746,0.24576822
53609$_$11,-0.22787726,0.65571356,0.088579476,0.25570694
53609$_$10,-1.6383612,0.38523668,0.16216013,0.45260313
53609$_$13,-1.067583,0.664975,0.11058169,0.22444329
53609$_$12,-1.0362151,0.612088,0.11282585,0.2750861
53609$_$15,-0.75135696,0.6252197,0.1184811,0.2562992
53609$_$14,-1.2948781,0.57565624,0.087717935,0.33662575
53609$_$1,1.4712001,0.6865182,0.103816226,0.20966557
53609$_$0,-0.17220795,0.4795011,0.19121929,0.32927963
53609$_$3,-0.013109747,0.80666983,0.017223896,0.17610632
53609$_$2,0.0696103,0.39125255,0.13568498,0.4730625
53609$_$5,-0.05335624,0.59803325,0.15723473,0.24473207
53609$_$4,-0.6127913,0.56021154,0.13015679,0.3096316
53609$_$7,-1.7096906,0.6528975,0.09387889,0.25322363
53609$_$6,0.30866212,0.4586542,0.045378473,0.49596727
53609$_$9,-1.0823839,0.6183277,0.090907656,0.29076466
53609$_$8,-1.4356846,0.4646169,0.15194786,0.38343525
53766$_$1,-0.70330846,0.5527908,0.056800723,0.39040843
53766$_$0,0.07216987,0.44233894,0.20989491,0.34776613
53766$_$3,1.5727805,0.7992708,0.045940652,0.15478852
53766$_$2,-0.4057691,0.39126024,0.19022371,0.41851604
53766$_$5,0.23747699,0.5230123,0.09984459,0.3771431
53766$_$4,0.71097124,0.7623202,0.037143342,0.20053647
53766$_$7,-0.39613533,0.7982952,0.039008807,0.16269606
53766$_$6,2.5699396,0.8195797,0.034948327,0.14547196
53766$_$9,1.0850155,0.6784257,0.068947546,0.2526267
53766$_$8,0.22188705,0.6531145,0.06967551,0.27721
56989$_$11,-2.2358873,0.65013236,0.09995282,0.24991475
56989$_$10,-1.0780014,0.6850385,0.077108055,0.23785347
56989$_$13,-0.56457895,0.68611836,0.10435452,0.20952716
56989$_$12,-1.53712,0.86228395,0.065670945,0.07204506
56989$_$1,-1.8555063,0.82267845,0.03913716,0.1381844
56989$_$0,-0.13687025,0.47099063,0.15216927,0.37684014
56989$_$3,-1.8762299,0.6107331,0.11802692,0.27124003
56989$_$2,-0.51438725,0.7441011,0.06505719,0.19084173
56989$_$5,-1.8464527,0.54712445,0.1362312,0.31664437
56989$_$4,0.3036783,0.49956965,0.07989353,0.42053682
56989$_$7,1.214177,0.5940278,0.10304447,0.30292767
56989$_$6,-1.1851028,0.6678426,0.09654392,0.23561348
56989$_$9,1.2416052,0.6496941,0.100411534,0.24989447
56989$_$8,-0.033899177,0.7088038,0.086609304,0.20458691
59673$_$11,-1.280537,0.6244911,0.09599993,0.27950895
59673$_$10,-0.43269092,0.8253832,0.025076114,0.14954065
59673$_$13,-0.7350859,0.66675645,0.0914533,0.24179026
59673$_$12,-2.1831992,0.7123523,0.063020036,0.22462769
59673$_$1,-0.2952968,0.38119075,0.15369582,0.46511346
59673$_$0,-0.14568225,0.51168233,0.13914047,0.34917715
59673$_$3,-0.7510452,0.7327542,0.017726675,0.24951911
59673$_$2,-0.4731598,0.76572174,0.06876088,0.16551733
59673$_$5,-0.31929433,0.6524959,0.09035421,0.2571499
59673$_$4,0.4226054,0.68788964,0.09531193,0.21679842
59673$_$7,-0.065032184,0.46623597,0.16783951,0.36592454
59673$_$6,-0.6450118,0.6253481,0.12854177,0.24611017
59673$_$9,-0.33619413,0.7068217,0.08085189,0.2123264
59673$_$8,-1.1581184,0.6943544,0.079683125,0.22596249
5eY4S1F62Z4$_$11,-0.8119943,0.6277078,0.09920502,0.27308717
5eY4S1F62Z4$_$10,-0.5666897,0.68153155,0.084766984,0.23370147
5eY4S1F62Z4$_$13,-0.15722996,0.66220266,0.048852228,0.2889451
5eY4S1F62Z4$_$12,-1.2421452,0.51484233,0.10796935,0.37718835
5eY4S1F62Z4$_$15,0.035985526,0.5142962,0.12862335,0.3570805
5eY4S1F62Z4$_$14,0.30265298,0.5396839,0.11448723,0.34582883
5eY4S1F62Z4$_$17,0.21926668,0.46638548,0.16767424,0.36594033
5eY4S1F62Z4$_$16,0.1287474,0.58784074,0.02137767,0.39078158
5eY4S1F62Z4$_$0,0.2742009,0.5482994,0.036021095,0.41567954
5eY4S1F62Z4$_$3,0.10805334,0.5352755,0.029325182,0.4353993
5eY4S1F62Z4$_$2,1.0625013,0.6284335,0.12848708,0.24307938
5eY4S1F62Z4$_$5,0.1237604,0.55396974,0.046115678,0.39991453
5eY4S1F62Z4$_$4,0.17331848,0.35035193,0.19301984,0.45662826
5eY4S1F62Z4$_$7,0.0026673786,0.54966635,0.11539,0.33494368
5eY4S1F62Z4$_$6,0.3193096,0.5400062,0.13678357,0.32321024
5eY4S1F62Z4$_$9,0.7806868,0.62228364,0.11135697,0.2663594
5eY4S1F62Z4$_$8,-0.98388463,0.7331989,0.081451334,0.18534979
5fKPJPFqPho$_$11,-0.46315524,0.6422146,0.12356927,0.23421611
5fKPJPFqPho$_$10,-0.12690891,0.3967207,0.2208966,0.3823827
5fKPJPFqPho$_$1,0.012493011,0.46842387,0.16097817,0.37059793
5fKPJPFqPho$_$3,-0.6472621,0.78142345,0.047082298,0.17149428
5fKPJPFqPho$_$2,0.3646822,0.4488126,0.1320453,0.41914213
5fKPJPFqPho$_$5,0.29760152,0.45736158,0.19189367,0.35074475
5fKPJPFqPho$_$4,0.059899475,0.5485352,0.12513964,0.3263251
5fKPJPFqPho$_$7,-0.5559436,0.7082018,0.097754054,0.19404413
5fKPJPFqPho$_$6,-0.3816625,0.5252017,0.14967115,0.3251272
5fKPJPFqPho$_$9,-0.13781908,0.6441429,0.09533302,0.26052406
5fKPJPFqPho$_$8,-0.4900108,0.6200488,0.10232326,0.27762794
5lrDS7LluCA$_$1,0.5030195,0.47391033,0.095923334,0.43016633
5lrDS7LluCA$_$0,-0.8663382,0.5381534,0.12892078,0.33292583
5lrDS7LluCA$_$3,-0.32695782,0.5924385,0.10067807,0.30688342
5lrDS7LluCA$_$5,0.39303663,0.6764091,0.06390992,0.25968096
5lrDS7LluCA$_$4,1.7360071,0.6116167,0.10338285,0.2850005
5lrDS7LluCA$_$7,0.5864059,0.5314351,0.08318875,0.38537613
5lrDS7LluCA$_$6,-0.9261858,0.639709,0.029906921,0.33038405
5pxFqJ5hKMU$_$8,0.46467927,0.505333,0.13166665,0.3630004
5pxFqJ5hKMU$_$2,0.4610374,0.44296753,0.1663424,0.3906901
5vwXp27bCLw$_$24,0.1995309,0.46962863,0.107609816,0.4227615
5vwXp27bCLw$_$10,-0.34893322,0.61724764,0.07573201,0.3070204
5vwXp27bCLw$_$13,-0.076026395,0.4414435,0.12761097,0.43094558
5vwXp27bCLw$_$12,1.2783616,0.59610474,0.11310832,0.29078698
5vwXp27bCLw$_$14,-1.4473836,0.83744174,0.04201545,0.120542854
5vwXp27bCLw$_$17,-0.8883682,0.56273156,0.10132678,0.33594167
5vwXp27bCLw$_$16,-0.16943815,0.5717322,0.088780575,0.33948722
5vwXp27bCLw$_$3,-0.77980286,0.6277355,0.0988765,0.27338794
5vwXp27bCLw$_$27,0.5619341,0.534872,0.14904857,0.31607938
5vwXp27bCLw$_$5,-0.6101175,0.75246054,0.090858094,0.15668125
5vwXp27bCLw$_$11,-0.3467896,0.5557922,0.12528948,0.31891832
5vwXp27bCLw$_$8,0.06133279,0.89339966,0.04032504,0.06627537
5vwXp27bCLw$_$21,-1.6161033,0.37989652,0.19440314,0.42570028
5xa0Ac2krGs$_$2,-0.0060287453,0.5261942,0.12156287,0.35224295
5xa0Ac2krGs$_$7,0.26313445,0.42058444,0.08632568,0.49308988
61531$_$11,0.9920701,0.501701,0.13866562,0.35963336
61531$_$10,1.3499981,0.507602,0.12506174,0.3673363
61531$_$13,-0.10434809,0.39950457,0.14996612,0.45052928
61531$_$12,-0.3141914,0.5327934,0.109618634,0.35758802
61531$_$15,0.05279311,0.3643061,0.22172274,0.41397113
61531$_$14,0.7591418,0.6120258,0.06449805,0.32347614
61531$_$16,1.7668272,0.8227368,0.05218192,0.12508123
61531$_$1,-0.5794293,0.4271572,0.19042999,0.38241282
61531$_$0,-0.032429803,0.31176472,0.23164204,0.45659325
61531$_$3,-0.33009323,0.50311303,0.19173597,0.30515096
61531$_$2,-0.08631714,0.46675786,0.23637892,0.29686314
61531$_$5,0.062597066,0.34958082,0.21993934,0.43047988
61531$_$4,-0.21366107,0.4468861,0.19261843,0.36049542
61531$_$7,2.1973066,0.59769565,0.100179836,0.30212447
61531$_$6,1.3599674,0.48391017,0.13665098,0.3794388
61531$_$9,0.49805468,0.42756408,0.112346746,0.4600892
61531$_$8,1.6852019,0.583792,0.12151518,0.2946929
63951$_$11,-2.225319,0.679551,0.0576025,0.26284647
63951$_$10,-2.020763,0.8305174,0.033304885,0.13617766
63951$_$13,-2.2640276,0.5650995,0.0915739,0.3433266
63951$_$12,-0.91293854,0.57005024,0.09907141,0.33087835
63951$_$15,-0.2224403,0.24698287,0.17838044,0.5746367
63951$_$14,-0.5099491,0.42597163,0.15549943,0.41852894
63951$_$1,0.7385179,0.7192316,0.06868095,0.21208742
63951$_$0,-0.18273328,0.37634948,0.1655929,0.45805767
63951$_$3,-0.96407306,0.49325487,0.10372043,0.40302476
63951$_$2,-0.08171165,0.3956001,0.14746618,0.45693368
63951$_$5,0.05196831,0.41646534,0.10088928,0.48264542
63951$_$4,-0.080583006,0.6545463,0.0537628,0.2916909
63951$_$7,-2.3851602,0.65482235,0.07096651,0.27421117
63951$_$6,-1.7443192,0.34974945,0.12598571,0.5242649
63951$_$9,-1.8734666,0.46990612,0.111633234,0.41846067
63951$_$8,-1.6872504,0.39211765,0.13938275,0.46849966
67uKYi7mslE$_$11,0.6742066,0.6410029,0.039969515,0.3190276
67uKYi7mslE$_$10,0.7551799,0.5483334,0.1037681,0.34789854
67uKYi7mslE$_$13,0.002731394,0.61959064,0.095973365,0.28443596
67uKYi7mslE$_$12,0.5494506,0.5354932,0.14384714,0.32065967
67uKYi7mslE$_$15,0.40154946,0.52750725,0.051991735,0.42050102
67uKYi7mslE$_$14,0.06880757,0.48603126,0.142217,0.37175176
67uKYi7mslE$_$17,0.24306452,0.43326676,0.06189451,0.50483876
67uKYi7mslE$_$16,0.33304584,0.37656412,0.123571664,0.4998642
67uKYi7mslE$_$18,-1.0201427,0.6098788,0.07921776,0.3109035
67uKYi7mslE$_$1,0.14418587,0.5605123,0.1392451,0.30024266
67uKYi7mslE$_$0,0.34204614,0.52592397,0.12519291,0.3488831
67uKYi7mslE$_$3,0.28949562,0.42282206,0.14963889,0.42753905
67uKYi7mslE$_$2,-0.5271745,0.33844295,0.15067543,0.51088166
67uKYi7mslE$_$5,-0.16731869,0.3957862,0.05472742,0.5494864
67uKYi7mslE$_$4,-0.08200133,0.44260576,0.16661254,0.39078176
67uKYi7mslE$_$7,-0.26379728,0.42672965,0.10282848,0.47044194
67uKYi7mslE$_$6,0.50890243,0.548147,0.1221139,0.32973906
67uKYi7mslE$_$9,0.8660219,0.62956035,0.07808979,0.29234985
67uKYi7mslE$_$8,-0.36101463,0.43124384,0.1290996,0.4396566
69824$_$1,-1.4021565,0.6017523,0.13576145,0.26248622
69824$_$0,1.089625,0.5012244,0.17491297,0.32386258
69824$_$3,-2.9539437,0.8321507,0.060525354,0.10732402
69824$_$2,-0.055270944,0.9068983,0.030954095,0.062147688
69824$_$5,-2.3820724,0.75310194,0.10467398,0.14222412
69824$_$4,0.55345756,0.6555537,0.16960739,0.17483896
69824$_$7,-1.3474154,0.77347714,0.07121954,0.15530331
69824$_$6,0.055789154,0.59047437,0.07658907,0.33293656
69824$_$8,-1.6971377,0.6938859,0.0837339,0.22238016
6EDoVEm16fU$_$10,-0.48252696,0.5372017,0.091840684,0.37095755
6EDoVEm16fU$_$13,1.2316378,0.686676,0.055869572,0.25745443
6EDoVEm16fU$_$12,0.10580568,0.5346948,0.06265006,0.4026552
6EDoVEm16fU$_$14,1.5744656,0.4264708,0.022274014,0.5512552
6EDoVEm16fU$_$1,1.4131655,0.7092665,0.03492259,0.25581092
6EDoVEm16fU$_$2,0.55744225,0.34996173,0.10624432,0.543794
6EDoVEm16fU$_$4,1.3121861,0.51741517,0.04459169,0.43799317
6EDoVEm16fU$_$6,0.17826077,0.65966105,0.11275858,0.22758043
6EDoVEm16fU$_$9,1.0490826,0.6124743,0.042388808,0.34513688
6EJHA6IDLNk$_$9,0.7700939,0.7061471,0.107433535,0.18641932
6EJHA6IDLNk$_$3,0.6538241,0.59449583,0.12072379,0.28478038
6EJHA6IDLNk$_$4,0.6624576,0.7536078,0.08525064,0.16114163
6RFVsOWK1m4$_$1,-0.15084024,0.39201495,0.23098294,0.37700206
6RFVsOWK1m4$_$0,-0.72188556,0.429614,0.22101845,0.34936753
6RFVsOWK1m4$_$2,0.4890589,0.43868175,0.09486277,0.46645552
6RFVsOWK1m4$_$5,0.27115184,0.592975,0.091737,0.315288
6RFVsOWK1m4$_$4,-0.036555592,0.5440168,0.14735158,0.3086316
6RFVsOWK1m4$_$7,-0.4343043,0.48730338,0.104256436,0.40844017
6RFVsOWK1m4$_$9,0.60243595,0.43481836,0.12672931,0.43845236
6RFVsOWK1m4$_$8,0.17871653,0.49798393,0.03676226,0.4652538
6brtMLkjjYk$_$0,0.6267149,0.6357245,0.10989714,0.25437844
6brtMLkjjYk$_$3,0.63398343,0.5515488,0.04174749,0.40670377
6brtMLkjjYk$_$2,0.68946725,0.5511122,0.121430844,0.327457
6gtfeIqGasE$_$1,0.26547104,0.5224727,0.18646069,0.29106665
6gtfeIqGasE$_$0,1.0161887,0.7887344,0.086913,0.12435262
6gtfeIqGasE$_$2,0.48496217,0.48974025,0.09343201,0.4168277
6gtfeIqGasE$_$4,2.0967517,0.60269403,0.087533966,0.30977198
6gtfeIqGasE$_$6,2.2445662,0.6417357,0.09530495,0.26295948
6uoM8-9d0zA$_$4,0.72173154,0.45546362,0.15911359,0.38542274
79356$_$11,-0.35026687,0.54714376,0.05918865,0.39366755
79356$_$10,-0.904014,0.77574223,0.0604394,0.16381833
79356$_$12,1.287724,0.7563018,0.046398897,0.19729926
79356$_$1,1.9938275,0.8294526,0.010031467,0.16051592
79356$_$0,0.60337377,0.7335269,0.046062108,0.22041103
79356$_$3,1.8011216,0.78689283,0.011060157,0.20204704
79356$_$2,0.63201463,0.5422963,0.025797373,0.4319063
79356$_$5,-0.78605026,0.68082565,0.09391851,0.22525586
79356$_$4,-0.089209795,0.5891947,0.112528175,0.29827714
79356$_$7,1.142939,0.7189424,0.093295656,0.1877619
79356$_$6,-0.75523025,0.5610789,0.12247594,0.31644514
79356$_$9,0.04074507,0.41664207,0.13843079,0.4449272
79356$_$8,-0.06657748,0.5052476,0.109258614,0.38549373
7IxmlIwqigw$_$13,0.2822849,0.49057633,0.0555401,0.45388356
7IxmlIwqigw$_$20,0.39348355,0.4358025,0.15223315,0.41196436
7IxmlIwqigw$_$14,-0.14544663,0.6743644,0.11279359,0.21284205
7IxmlIwqigw$_$16,0.50846857,0.46386966,0.1097634,0.42636687
7IxmlIwqigw$_$32,0.3060376,0.528559,0.040858883,0.4305821
7IxmlIwqigw$_$31,0.47961205,0.6067026,0.0954165,0.29788086
7IxmlIwqigw$_$23,-0.73051846,0.5040967,0.104172505,0.39173084
7IxmlIwqigw$_$5,0.15488862,0.44392487,0.21254219,0.34353298
7IxmlIwqigw$_$7,-0.2677336,0.6253904,0.056995712,0.31761387
7IxmlIwqigw$_$9,-0.026377764,0.56682205,0.13529247,0.29788548
7deoh0NoMs4$_$1,1.5418547,0.65153426,0.05154581,0.29691985
7deoh0NoMs4$_$0,0.23794194,0.56736827,0.11813678,0.31449503
7f3ndBCx_JE$_$11,0.85176575,0.5858548,0.10712352,0.30702168
7f3ndBCx_JE$_$19,0.8208728,0.48810297,0.1519019,0.3599951
7f3ndBCx_JE$_$1,0.9703933,0.67527515,0.083583795,0.2411411
7idU7rR77Ss$_$0,-0.8006237,0.59167856,0.10300475,0.3053167
7idU7rR77Ss$_$3,0.041006517,0.6017752,0.09232681,0.305898
7idU7rR77Ss$_$2,-0.5293776,0.489931,0.062338438,0.44773057
7idU7rR77Ss$_$5,0.4780159,0.46135592,0.16522707,0.373417
7idU7rR77Ss$_$4,-0.12998772,0.34650213,0.21145423,0.44204363
7mb8Y2AhXIY$_$0,0.7756059,0.7224313,0.07999861,0.19757006
7mb8Y2AhXIY$_$4,0.2109461,0.5443295,0.0919076,0.36376286
7mb8Y2AhXIY$_$10,0.14480782,0.47150987,0.025087511,0.5034026
7mb8Y2AhXIY$_$6,0.31641823,0.48468012,0.11416804,0.4011518
7npCA0zoQ8Q$_$1,-0.008344743,0.5246275,0.03174639,0.44362608
7npCA0zoQ8Q$_$0,1.4053198,0.80498654,0.04077896,0.15423445
7npCA0zoQ8Q$_$3,1.3642862,0.556621,0.06458115,0.37879783
83400$_$10,-0.35823905,0.7245633,0.040035103,0.2354016
83400$_$1,0.3170904,0.6631018,0.08613376,0.2507644
83400$_$0,-0.89368725,0.47757626,0.09609781,0.42632598
83400$_$3,0.33547267,0.32952145,0.21038893,0.46008962
83400$_$2,0.27987468,0.61710113,0.09979109,0.28310782
83400$_$5,-1.0913702,0.49820367,0.11393202,0.38786435
83400$_$4,-0.57785785,0.26330966,0.15690634,0.579784
83400$_$7,0.08593428,0.42078534,0.16144061,0.41777405
83400$_$6,-0.69003487,0.8593495,0.04867919,0.09197133
83400$_$9,-1.7697276,0.5820512,0.10590865,0.3120402
83400$_$8,-1.8258811,0.6452985,0.09796486,0.25673664
86c2OkQ3_U8$_$13,-1.8485836,0.8517722,0.04441101,0.10381681
86c2OkQ3_U8$_$14,-0.7132354,0.65456635,0.0885009,0.25693274
86c2OkQ3_U8$_$22,1.3446976,0.7400062,0.06958432,0.19040951
86c2OkQ3_U8$_$16,-0.3965047,0.7139522,0.07896879,0.207079
86c2OkQ3_U8$_$19,-1.313707,0.74636346,0.07328417,0.18035239
86c2OkQ3_U8$_$18,0.3022806,0.65074533,0.11446873,0.23478593
86c2OkQ3_U8$_$0,0.26697642,0.8048138,0.054440226,0.14074597
86c2OkQ3_U8$_$3,0.002682533,0.65962774,0.09398166,0.24639061
86c2OkQ3_U8$_$2,-0.6476293,0.5481181,0.11813693,0.333745
86c2OkQ3_U8$_$5,-1.3607949,0.5406347,0.1215516,0.33781365
86c2OkQ3_U8$_$9,0.89638853,0.8017607,0.04500089,0.15323846
88791$_$11,-1.8612387,0.6537609,0.10400486,0.24223429
88791$_$10,-1.9400809,0.5291431,0.12825295,0.34260395
88791$_$13,-1.0061897,0.66004837,0.07837573,0.26157597
88791$_$12,-1.5983734,0.4730365,0.13376147,0.39320198
88791$_$15,0.6278093,0.4910119,0.12975454,0.37923363
88791$_$14,0.47136408,0.6068637,0.109098405,0.28403795
88791$_$1,0.0114242025,0.41580406,0.13777457,0.44642136
88791$_$0,0.15694362,0.72479177,0.059652545,0.21555564
88791$_$3,0.56111366,0.7367929,0.033632904,0.22957414
88791$_$2,-0.38661766,0.49037904,0.12488219,0.3847388
88791$_$5,0.17624289,0.44963363,0.21643275,0.3339336
88791$_$4,-0.2931276,0.22481671,0.1713024,0.6038809
88791$_$7,-0.040306393,0.45691407,0.1826451,0.3604408
88791$_$6,-2.051392,0.53384084,0.14557716,0.32058203
88791$_$9,-0.3148101,0.6572935,0.09066714,0.2520393
88791$_$8,-1.0658573,0.7182345,0.068265915,0.2134996
89ZmOPOilu4$_$0,-0.8538326,0.6299494,0.09348559,0.27656507
89ZmOPOilu4$_$7,-1.2178154,0.5278377,0.09345425,0.3787081
8NPaDkOiXw4$_$1,0.38166907,0.44484502,0.2907949,0.2643601
8NPaDkOiXw4$_$0,0.063844755,0.33892095,0.13580945,0.52526957
8NPaDkOiXw4$_$3,-0.5704619,0.48108184,0.14388621,0.3750319
8NPaDkOiXw4$_$2,-0.061118405,0.34682482,0.158917,0.4942581
8TDAP0KNIIw$_$1,0.078918636,0.30680415,0.13614142,0.5570544
8TDAP0KNIIw$_$0,0.64024675,0.5829788,0.10490084,0.31212038
8VhVf0TbjDA$_$1,2.1221535,0.8439256,0.022021823,0.13405254
8VhVf0TbjDA$_$2,0.6638968,0.5943069,0.10482287,0.30087027
8XZszYrUSCQ$_$1,0.818424,0.57054114,0.086289555,0.3431694
8XZszYrUSCQ$_$0,0.98423684,0.48973066,0.1342967,0.3759726
8XZszYrUSCQ$_$3,1.3374109,0.73089266,0.08986586,0.17924148
8XZszYrUSCQ$_$2,1.1754407,0.7267112,0.08480263,0.18848614
8i7u3fl-hP8$_$1,-0.09580201,0.43483186,0.09505046,0.47011775
8i7u3fl-hP8$_$0,0.041495297,0.4356962,0.10179101,0.46251276
8i7u3fl-hP8$_$2,0.031423885,0.4100752,0.11048409,0.4794407
8jY_RhOS89o$_$3,0.20038289,0.3125281,0.11269714,0.5747748
8jY_RhOS89o$_$5,0.8431777,0.7953035,0.02906004,0.17563641
8jY_RhOS89o$_$4,0.88615966,0.5610869,0.02288581,0.41602725
8jY_RhOS89o$_$7,0.79117334,0.5184871,0.02591192,0.45560095
8lfS97s2AKc$_$1,-0.13360761,0.5022225,0.060328048,0.43744949
8lfS97s2AKc$_$0,-0.3566137,0.81071895,0.041612137,0.14766893
8lfS97s2AKc$_$3,-1.9313804,0.7522904,0.07017276,0.17753686
8lfS97s2AKc$_$2,0.8495922,0.66729164,0.06919368,0.2635146
8lfS97s2AKc$_$5,-1.0004566,0.56286174,0.10428187,0.3328564
8lfS97s2AKc$_$4,-7.241592e-05,0.43479618,0.037546348,0.52765745
8lfS97s2AKc$_$7,0.4520169,0.5716586,0.06213284,0.36620855
8lfS97s2AKc$_$6,-1.3085991,0.6627982,0.056855097,0.28034666
8wNr-NQImFg$_$10,-0.13566284,0.41461998,0.12782401,0.45755598
8wNr-NQImFg$_$13,-0.5210887,0.68019366,0.07653759,0.24326877
8wNr-NQImFg$_$12,-0.40305078,0.64420575,0.08522855,0.27056578
8wNr-NQImFg$_$1,0.06300181,0.49038786,0.11099364,0.39861843
8wNr-NQImFg$_$0,-0.37380606,0.57502776,0.08498554,0.3399867
8wNr-NQImFg$_$7,0.28522444,0.7864948,0.062359452,0.15114579
8wNr-NQImFg$_$6,0.5113901,0.56961775,0.11893269,0.31144956
8wNr-NQImFg$_$8,0.09469183,0.4330022,0.123219796,0.44377798
8wQhzezNcUY$_$11,1.1493754,0.62743366,0.040447317,0.33211902
8wQhzezNcUY$_$13,0.8338852,0.6177479,0.0946821,0.28757003
8wQhzezNcUY$_$12,0.89196366,0.61362225,0.08140279,0.3049749
8wQhzezNcUY$_$1,0.5277324,0.506124,0.17882006,0.31505594
8wQhzezNcUY$_$2,0.73073107,0.6942058,0.07376756,0.2320266
8wQhzezNcUY$_$9,-0.031514887,0.4951484,0.097026624,0.40782496
8wQhzezNcUY$_$8,-1.1424161,0.6312448,0.102501445,0.2662538
91844$_$11,-1.9025489,0.8029472,0.05031323,0.14673957
91844$_$10,-0.31239566,0.41326353,0.08578408,0.5009524
91844$_$13,0.2560746,0.5522211,0.09761235,0.35016647
91844$_$12,-0.7634129,0.81498057,0.082452595,0.10256683
91844$_$1,0.07000038,0.6405411,0.08178925,0.27766967
91844$_$0,0.72086376,0.6593194,0.08121655,0.25946406
91844$_$3,0.73957735,0.7559333,0.01757294,0.2264938
91844$_$2,0.79404116,0.5380944,0.10606191,0.3558437
91844$_$5,-0.050376195,0.754723,0.08593357,0.1593434
91844$_$4,-0.030063864,0.6827113,0.03813643,0.2791523
91844$_$7,0.23975076,0.53174627,0.08823882,0.38001493
91844$_$6,0.018873658,0.5898886,0.12897573,0.28113568
91844$_$9,0.41303366,0.5372219,0.030965773,0.43181232
91844$_$8,1.0789891,0.6511816,0.08029428,0.2685241
92291$_$1,0.93173075,0.79578245,0.0299482,0.17426932
92291$_$0,1.3558285,0.60975695,0.023722818,0.3665202
92291$_$3,-0.48642173,0.66093296,0.0164862,0.32258084
92291$_$2,0.23632692,0.66871494,0.048075326,0.2832097
92291$_$5,-0.24609962,0.4871834,0.076122805,0.43669382
92291$_$4,-0.7384177,0.68042797,0.021275109,0.29829687
92291$_$7,-0.6455295,0.49712262,0.08522195,0.41765547
92291$_$6,-1.1773471,0.6946435,0.051747557,0.25360903
92496$_$1,-1.4103764,0.5003754,0.14021552,0.35940912
92496$_$0,0.35488713,0.85174763,0.012298706,0.13595368
92496$_$3,-1.4192806,0.56526434,0.09572498,0.33901063
92496$_$2,-0.75138235,0.7153256,0.09611373,0.18856065
92496$_$5,-2.5588264,0.58438843,0.102629155,0.3129824
92496$_$4,0.10044235,0.6919351,0.1014451,0.20661974
93iGT5oueTA$_$10,0.11558358,0.41220978,0.14947818,0.43831205
93iGT5oueTA$_$12,-2.410914,0.74371916,0.07032766,0.18595316
93iGT5oueTA$_$0,-0.2538133,0.5760659,0.13174789,0.2921863
93iGT5oueTA$_$3,0.590807,0.8172214,0.07500256,0.10777598
93iGT5oueTA$_$2,1.5073326,0.5707919,0.11970677,0.3095013
93iGT5oueTA$_$5,-0.44474182,0.7314047,0.10361702,0.16497819
93iGT5oueTA$_$4,-0.13270214,0.47570422,0.10488906,0.4194068
93iGT5oueTA$_$7,-0.8384585,0.69094634,0.11062999,0.19842374
93iGT5oueTA$_$6,0.20031486,0.7878976,0.06862384,0.14347857
93iGT5oueTA$_$9,-1.0320592,0.5753825,0.10634474,0.3182728
93iGT5oueTA$_$8,-1.5655342,0.7568961,0.06423017,0.17887375
94481$_$11,1.1454272,0.609764,0.13279188,0.25744417
94481$_$10,-0.1522558,0.600158,0.13783613,0.26200584
94481$_$1,0.28953,0.5838535,0.14395365,0.27219293
94481$_$0,-0.24042246,0.69810826,0.091720276,0.21017143
94481$_$3,1.2113203,0.6963539,0.11628298,0.18736303
94481$_$2,-0.19795193,0.7381619,0.10402758,0.15781052
94481$_$5,1.8573867,0.6330579,0.12320133,0.24374072
94481$_$4,0.7454822,0.6118326,0.16428494,0.22388239
94481$_$7,1.3213305,0.6074505,0.12994218,0.26260734
94481$_$6,0.057645183,0.4670939,0.19285025,0.3400558
94481$_$9,1.3874873,0.5984671,0.089604944,0.31192797
94481$_$8,1.2690104,0.6184008,0.1472102,0.23438895
97ENTofrmNo$_$1,0.6753092,0.5024612,0.13893455,0.35860422
97ENTofrmNo$_$0,1.3361689,0.68792856,0.12570257,0.18636888
97ENTofrmNo$_$2,0.99688864,0.47824922,0.18955262,0.33219814
97ENTofrmNo$_$4,1.1449425,0.6858148,0.1201686,0.19401653
9GzFQBljNIY$_$1,-0.5248318,0.47798973,0.15084782,0.37116244
9GzFQBljNIY$_$0,-0.14533648,0.52524847,0.12661697,0.34813458
9GzFQBljNIY$_$3,-0.5916046,0.62232506,0.10431291,0.2733621
9GzFQBljNIY$_$2,-0.012452576,0.5626763,0.11731039,0.32001328
9GzFQBljNIY$_$5,0.7533679,0.47641355,0.10297722,0.4206093
9GzFQBljNIY$_$4,0.12974375,0.49686962,0.10698876,0.39614162
9Lr4i7bIB6w$_$11,1.2389036,0.5985417,0.11921627,0.2822421
9Lr4i7bIB6w$_$13,0.5614989,0.60979044,0.0819711,0.30823848
9Lr4i7bIB6w$_$12,0.7662167,0.54593456,0.16031389,0.29375148
9Lr4i7bIB6w$_$15,0.9991199,0.68299097,0.13759887,0.17941016
9Lr4i7bIB6w$_$14,1.061293,0.74087733,0.08786571,0.17125696
9Lr4i7bIB6w$_$0,0.79976124,0.70320857,0.09332559,0.20346588
9Lr4i7bIB6w$_$3,0.29343963,0.45621064,0.112802975,0.4309864
9Lr4i7bIB6w$_$2,0.6837201,0.6746426,0.03341454,0.29194286
9Lr4i7bIB6w$_$6,1.1602483,0.58715624,0.18313888,0.22970496
9Lr4i7bIB6w$_$8,0.32550928,0.43133333,0.1467128,0.42195383
9PzZSheh10U$_$24,1.1927019,0.59586334,0.108307995,0.29582867
9PzZSheh10U$_$25,0.5679651,0.6362173,0.13711141,0.2266713
9PzZSheh10U$_$26,0.36008894,0.4920036,0.16419375,0.3438026
9PzZSheh10U$_$27,0.7511034,0.63073623,0.13066186,0.23860191
9PzZSheh10U$_$20,0.6759044,0.59072125,0.12731025,0.2819685
9PzZSheh10U$_$21,-0.26527247,0.50554127,0.17138726,0.32307142
9PzZSheh10U$_$22,-0.30078825,0.7943208,0.067236915,0.13844219
9PzZSheh10U$_$23,0.6093146,0.5570053,0.14834458,0.29465017
9PzZSheh10U$_$28,1.6251295,0.6260231,0.100432545,0.2735443
9PzZSheh10U$_$29,0.85487235,0.85642844,0.061126366,0.0824452
9PzZSheh10U$_$1,0.17694977,0.42604616,0.20616528,0.36778855
9PzZSheh10U$_$0,0.7900479,0.3907083,0.15859288,0.4506988
9PzZSheh10U$_$3,0.55671954,0.47502226,0.18253799,0.3424397
9PzZSheh10U$_$2,0.7221855,0.4208316,0.25499123,0.32417724
9PzZSheh10U$_$5,0.6010832,0.53066707,0.03856424,0.4307686
9PzZSheh10U$_$4,1.3230873,0.6403206,0.15406133,0.20561802
9PzZSheh10U$_$7,0.039842036,0.6469101,0.13281733,0.22027257
9PzZSheh10U$_$6,0.3067516,0.44416022,0.21639413,0.33944565
9PzZSheh10U$_$9,0.01462182,0.44475746,0.1546057,0.40063682
9PzZSheh10U$_$8,0.50576687,0.43981078,0.15727809,0.40291107
9PzZSheh10U$_$11,-0.01125494,0.5080259,0.15635352,0.33562058
9PzZSheh10U$_$10,0.030677613,0.645318,0.100239985,0.2544421
9PzZSheh10U$_$13,0.5178685,0.6019818,0.18715629,0.21086195
9PzZSheh10U$_$12,1.1849873,0.62840295,0.13048583,0.24111125
9PzZSheh10U$_$15,0.26883057,0.58206356,0.124280766,0.29365566
9PzZSheh10U$_$14,-0.41754207,0.5990009,0.09231363,0.30868545
9PzZSheh10U$_$17,0.24302274,0.5956237,0.1674659,0.23691043
9PzZSheh10U$_$16,1.4103701,0.6355797,0.1542489,0.2101714
9PzZSheh10U$_$19,-0.14125556,0.37129095,0.18149202,0.44721702
9PzZSheh10U$_$18,0.13339089,0.5314346,0.14620373,0.3223617
9PzZSheh10U$_$30,1.6242565,0.6230071,0.16938457,0.20760825
9TAGpMywQyE$_$0,0.30732232,0.5217026,0.06617378,0.41212362
9cYNT_YSo8o$_$1,-0.18731982,0.47320136,0.123722486,0.4030762
9cYNT_YSo8o$_$2,-0.8654512,0.86844796,0.010177697,0.12137432
9orb0lQnVW4$_$0,-0.5371467,0.48565516,0.14269187,0.37165296
A1lFJXUpxZo$_$1,0.6126774,0.47404552,0.12973514,0.39621934
A1lFJXUpxZo$_$8,0.97289217,0.80846983,0.053308666,0.13822143
A1lFJXUpxZo$_$5,0.17473724,0.65944254,0.037235487,0.30332196
A1lFJXUpxZo$_$7,0.50829667,0.5852973,0.0860687,0.32863405
A1lFJXUpxZo$_$0,0.78113794,0.5418768,0.04146809,0.41665515
AB1PbMaW03s$_$13,0.24645528,0.39809653,0.18345413,0.41844934
AB1PbMaW03s$_$20,0.88038576,0.6680331,0.08537281,0.24659406
AB1PbMaW03s$_$14,-0.22669685,0.5308086,0.12481016,0.34438115
AB1PbMaW03s$_$16,0.8076146,0.51279396,0.13034381,0.35686222
AB1PbMaW03s$_$19,1.443252,0.5656867,0.11404726,0.320266
AB1PbMaW03s$_$18,0.20949683,0.52211773,0.04281448,0.43506777
AB1PbMaW03s$_$15,-0.24381778,0.61976504,0.120329574,0.25990537
AB1PbMaW03s$_$3,0.76709694,0.62792104,0.09859964,0.27347934
AB1PbMaW03s$_$4,0.5908319,0.536461,0.062974654,0.40056437
AB1PbMaW03s$_$9,0.1773943,0.4848393,0.14170434,0.37345648
AB1PbMaW03s$_$8,-0.24889874,0.45366168,0.16206676,0.38427162
AHiA9hohKr8$_$1,-0.0026282407,0.59060127,0.12064653,0.2887522
AHiA9hohKr8$_$0,0.28021452,0.5525734,0.105844334,0.34158233
AHiA9hohKr8$_$3,-1.044242,0.6282514,0.08675887,0.2849897
AHiA9hohKr8$_$2,0.7283168,0.5073269,0.11831598,0.37435713
AHiA9hohKr8$_$5,0.79194295,0.7435346,0.055655356,0.20081
AHiA9hohKr8$_$7,1.1668763,0.64689016,0.12238272,0.23072712
AHiA9hohKr8$_$6,-0.46158162,0.5655262,0.09852339,0.33595046
AHiA9hohKr8$_$8,1.161762,0.6951919,0.025691291,0.27911672
AQ4Pktv4-Gc$_$4,0.90876174,0.53658175,0.112620585,0.35079765
AgH84SNRx5s$_$1,1.1362923,0.7119477,0.10832416,0.17972821
AgH84SNRx5s$_$4,0.5937216,0.40809298,0.24589182,0.3460152
AlJX3Jw3xKk$_$3,-0.4551475,0.3949763,0.1778865,0.42713723
AlJX3Jw3xKk$_$6,0.49908835,0.57243836,0.1449245,0.2826371
An8x4UfwZ7k$_$3,0.6168138,0.5637204,0.15082969,0.28544992
An8x4UfwZ7k$_$4,1.0838107,0.5335856,0.17256753,0.29384688
B9oeT0K92wU$_$2,0.8903727,0.67528945,0.0946019,0.23010857
BJS5KCSowgU$_$2,1.4506186,0.7835552,0.015360893,0.20108394
BJS5KCSowgU$_$4,1.2387365,0.5042932,0.12173861,0.3739682
BJS5KCSowgU$_$7,0.08979833,0.7875592,0.05464371,0.15779705
BR2pkk3TK-0$_$0,1.0541731,0.7406433,0.051098783,0.20825796
BR2pkk3TK-0$_$2,0.84452975,0.71756035,0.07304815,0.20939144
BRSyH6yfDLk$_$1,-0.01738068,0.66342795,0.079345055,0.25722697
BRSyH6yfDLk$_$0,-0.14011827,0.7369003,0.04638048,0.21671917
BRSyH6yfDLk$_$3,-1.1457562,0.87410915,0.0129024945,0.11298837
BRSyH6yfDLk$_$2,-0.5161624,0.60226965,0.13337366,0.26435667
BRSyH6yfDLk$_$4,0.2745048,0.49114376,0.11753418,0.391322
BTjV5dU_rfY$_$1,1.7285186,0.64859635,0.043862112,0.30754152
Bpy61RdLAvo$_$5,-0.40806714,0.30674243,0.16381101,0.52944654
C5-cY1nPQ20$_$11,0.5714555,0.51245946,0.16217548,0.32536507
C5-cY1nPQ20$_$10,0.90672827,0.6364379,0.104377314,0.25918472
C5-cY1nPQ20$_$1,0.15793923,0.54593897,0.1361489,0.31791204
C5-cY1nPQ20$_$0,0.37043604,0.44961065,0.18043344,0.36995593
C5-cY1nPQ20$_$3,0.34130302,0.43834782,0.14746639,0.41418582
C5-cY1nPQ20$_$5,0.40763277,0.581342,0.119894676,0.29876336
C5-cY1nPQ20$_$4,0.22485636,0.46593317,0.18305203,0.35101476
C5-cY1nPQ20$_$7,0.76703966,0.7600641,0.10584524,0.13409069
C5-cY1nPQ20$_$9,0.65177613,0.7328224,0.07765596,0.18952157
C5-cY1nPQ20$_$8,0.5993756,0.49596834,0.15199797,0.35203376
CKqDDh50gcU$_$14,1.0486324,0.6211951,0.157651,0.22115391
CKqDDh50gcU$_$1,0.25020343,0.5685474,0.11995646,0.31149617
CKqDDh50gcU$_$3,1.8976073,0.78799725,0.06202241,0.1499804
CKqDDh50gcU$_$7,0.45419538,0.40068182,0.12894142,0.47037682
CKqDDh50gcU$_$6,1.3130164,0.7328027,0.025840228,0.24135706
CKqDDh50gcU$_$9,1.0315384,0.6270452,0.031884793,0.34107
CO2YoTZbUr0$_$1,0.2993417,0.5627253,0.06879297,0.36848176
CO2YoTZbUr0$_$0,-0.7567943,0.6478731,0.06636936,0.2857575
CO2YoTZbUr0$_$3,0.23989308,0.57523113,0.18448193,0.24028696
CO2YoTZbUr0$_$2,-0.74091184,0.69253737,0.06621075,0.24125186
CO2YoTZbUr0$_$5,0.67721725,0.4252307,0.29717356,0.27759573
CO2YoTZbUr0$_$4,1.2128084,0.28640416,0.35519102,0.35840487
CO2YoTZbUr0$_$7,0.7427113,0.36154544,0.35852143,0.27993315
CO2YoTZbUr0$_$6,1.2137405,0.24101973,0.41402784,0.34495243
CO2YoTZbUr0$_$9,-0.15727955,0.5728735,0.10799528,0.31913128
CO2YoTZbUr0$_$8,-0.06313217,0.41213107,0.11509595,0.472773
CO6n-skQJss$_$1,0.37690616,0.60435784,0.12780777,0.26783437
CO6n-skQJss$_$0,0.23547205,0.6646475,0.09839583,0.23695669
CO6n-skQJss$_$3,0.45201164,0.7269613,0.06581122,0.20722745
CO6n-skQJss$_$2,0.29654062,0.77606326,0.06634007,0.15759668
CU6U-gS76K4$_$9,0.8076979,0.6893841,0.09317989,0.21743597
CU6U-gS76K4$_$0,0.97050786,0.7588649,0.08996658,0.15116858
CU6U-gS76K4$_$2,-0.09591466,0.40473774,0.047073532,0.5481887
CU6U-gS76K4$_$20,0.8221506,0.7173469,0.11523119,0.16742192
CU6U-gS76K4$_$23,-0.5261011,0.77300113,0.10428774,0.12271107
CbRexsp1HKw$_$3,-0.093772486,0.55474234,0.14575507,0.2995026
CbRexsp1HKw$_$5,-0.18729451,0.68768847,0.049707286,0.26260424
CbRexsp1HKw$_$4,0.4086172,0.63723046,0.08931252,0.27345702
CbRexsp1HKw$_$7,0.07296428,0.5388485,0.1718602,0.28929132
CbRexsp1HKw$_$6,0.23177975,0.51323265,0.14246093,0.34430638
CbRexsp1HKw$_$8,0.2776424,0.57381743,0.13953575,0.2866468
ChhZna-aBK4$_$11,0.5680943,0.6066224,0.10424401,0.2891336
ChhZna-aBK4$_$10,0.15189907,0.6540979,0.031747613,0.31415448
ChhZna-aBK4$_$12,0.7513225,0.47542512,0.16478391,0.35979098
ChhZna-aBK4$_$15,0.1999051,0.7053901,0.089022,0.20558791
ChhZna-aBK4$_$14,0.8628117,0.5720211,0.0841223,0.34385654
ChhZna-aBK4$_$17,2.3493016,0.66743994,0.10095458,0.23160551
ChhZna-aBK4$_$16,0.3411204,0.4795758,0.17952582,0.34089836
ChhZna-aBK4$_$1,-0.46535325,0.47490698,0.17536967,0.34972334
ChhZna-aBK4$_$0,0.5866459,0.5052426,0.15807824,0.3366792
ChhZna-aBK4$_$3,1.0500296,0.5741616,0.1673695,0.25846887
ChhZna-aBK4$_$2,0.5573658,0.6775492,0.10283989,0.21961096
ChhZna-aBK4$_$5,-0.08422676,0.4325825,0.058538444,0.508879
ChhZna-aBK4$_$4,0.031445976,0.42762062,0.13888304,0.43349636
ChhZna-aBK4$_$7,-0.6304158,0.5321379,0.16489993,0.30296218
ChhZna-aBK4$_$9,0.7245498,0.75765324,0.020994073,0.22135268
ChhZna-aBK4$_$8,0.41704386,0.48901778,0.04446269,0.46651947
CwF97vXPYX4$_$1,-1.32616,0.54484713,0.12284383,0.332309
CwF97vXPYX4$_$4,0.36203712,0.7122959,0.058010034,0.2296941
DMtFQjrY7Hg$_$0,0.43299943,0.5294841,0.12222098,0.34829488
DMtFQjrY7Hg$_$2,0.21181473,0.46375057,0.19253224,0.34371722
DR65no1jCbg$_$1,1.2302467,0.83877456,0.025826294,0.13539916
DR65no1jCbg$_$0,0.84095025,0.5552646,0.043142922,0.4015924
DR65no1jCbg$_$3,1.3729446,0.7764929,0.08471047,0.13879664
DVAY-u_cJWU$_$1,-0.3905539,0.47311127,0.12445005,0.40243873
DVAY-u_cJWU$_$2,0.33794326,0.6545668,0.094746076,0.25068712
DVAY-u_cJWU$_$5,1.406869,0.7256353,0.06982044,0.2045442
DebbnL-_rnI$_$1,1.6289628,0.68281615,0.09851282,0.21867104
DebbnL-_rnI$_$0,2.4521828,0.7094497,0.13867648,0.15187378
DjcZrtcBZi4$_$10,0.44120562,0.3693822,0.1473276,0.48329026
DjcZrtcBZi4$_$1,0.45227876,0.4363033,0.14157437,0.42212236
DjcZrtcBZi4$_$0,-0.38399014,0.49143946,0.14063236,0.36792818
DjcZrtcBZi4$_$2,-0.10733381,0.48789454,0.132863,0.37924245
DjcZrtcBZi4$_$5,0.79501724,0.643326,0.1084908,0.24818316
DjcZrtcBZi4$_$4,0.52665275,0.43130606,0.16174632,0.40694764
DjcZrtcBZi4$_$7,1.5261562,0.69077754,0.09848687,0.21073563
DjcZrtcBZi4$_$6,0.107024625,0.3475069,0.16911137,0.48338175
DjcZrtcBZi4$_$8,0.05019897,0.50051415,0.13595675,0.36352912
DlX-WyVe-D0$_$8,0.5689446,0.5089241,0.13086087,0.36021504
DlX-WyVe-D0$_$2,1.6260117,0.5746518,0.102195434,0.32315275
Dm8AL84e11w$_$1,0.8683065,0.6295123,0.19047639,0.1800113
Dm8AL84e11w$_$5,0.5882627,0.501493,0.1933458,0.30516124
Dm8AL84e11w$_$4,0.8237281,0.47241268,0.14234963,0.38523772
DnBHq5I52LM$_$10,-0.64830005,0.8386088,0.02136366,0.14002755
DnBHq5I52LM$_$0,-0.1744037,0.4697779,0.102901615,0.4273205
DnBHq5I52LM$_$3,-0.54953957,0.57499254,0.10117728,0.32383016
DnBHq5I52LM$_$2,-0.29888108,0.37597343,0.11471931,0.50930727
DnBHq5I52LM$_$5,-0.26720616,0.6324857,0.08639537,0.28111893
DnBHq5I52LM$_$4,-0.38776773,0.51911575,0.113821775,0.36706248
DnBHq5I52LM$_$7,0.10578127,0.6904982,0.10673886,0.20276302
DnBHq5I52LM$_$6,0.49736357,0.38738987,0.18098551,0.43162462
DnBHq5I52LM$_$9,0.12692562,0.53553784,0.066567004,0.39789516
DnBHq5I52LM$_$8,-0.04625868,0.58749783,0.09723245,0.31526974
DtbT85s3i94$_$1,0.098569766,0.48105365,0.15869802,0.3602483
DtbT85s3i94$_$0,0.7544206,0.5753944,0.15932417,0.2652815
DtbT85s3i94$_$2,0.24244922,0.46502358,0.1600609,0.3749155
DtbT85s3i94$_$5,0.5240537,0.5358761,0.10719537,0.35692856
DtbT85s3i94$_$4,0.99922097,0.60323876,0.10387669,0.29288453
DzdPl68gV5o$_$1,-0.14815839,0.7220782,0.09960582,0.178316
DzdPl68gV5o$_$3,-0.4855749,0.681802,0.12138303,0.19681497
E1r0FrFyNTw$_$0,-0.2836625,0.36901137,0.14271134,0.48827732
E1r0FrFyNTw$_$2,1.5426275,0.5004602,0.09448266,0.40505713
E1r0FrFyNTw$_$5,0.46681392,0.3000191,0.02946489,0.67051595
EMS14J0odIE$_$10,0.12512094,0.31999204,0.14384969,0.53615826
EMS14J0odIE$_$21,0.44888443,0.41236496,0.058477316,0.52915776
EMS14J0odIE$_$17,0.1130701,0.654074,0.047779318,0.29814658
EMS14J0odIE$_$16,-0.47494775,0.29567277,0.111432366,0.59289485
EO_5o9Gup6g$_$11,-0.31346783,0.77808785,0.11114674,0.110765375
EO_5o9Gup6g$_$10,-0.6495185,0.7532216,0.13986076,0.10691767
EO_5o9Gup6g$_$13,-1.0871588,0.8442124,0.04990214,0.1058854
EO_5o9Gup6g$_$12,-0.26442283,0.84214586,0.034825966,0.12302822
EO_5o9Gup6g$_$15,-0.8308414,0.73986715,0.13248858,0.1276443
EO_5o9Gup6g$_$22,0.5415826,0.8354225,0.03062036,0.13395706
EO_5o9Gup6g$_$17,-0.64117825,0.744904,0.128813,0.1262831
EO_5o9Gup6g$_$16,0.092786014,0.889884,0.053926162,0.05618983
EO_5o9Gup6g$_$19,-0.56195813,0.80953664,0.079335764,0.11112758
EO_5o9Gup6g$_$1,-1.3094752,0.8378065,0.04880669,0.11338682
EO_5o9Gup6g$_$0,-0.4579004,0.828703,0.06104252,0.110254444
EO_5o9Gup6g$_$3,-0.9684517,0.8353598,0.0985048,0.06613544
EO_5o9Gup6g$_$2,-1.2849133,0.7448256,0.13448687,0.12068752
EO_5o9Gup6g$_$4,-0.36542356,0.875041,0.0658589,0.05910006
EO_5o9Gup6g$_$7,-0.41634452,0.6946833,0.16277833,0.14253841
EO_5o9Gup6g$_$6,-0.17579208,0.7171458,0.0834318,0.19942231
EO_5o9Gup6g$_$9,-0.7412324,0.566944,0.21825542,0.2148006
EO_5o9Gup6g$_$20,-0.07737711,0.696737,0.110237084,0.1930259
EO_5o9Gup6g$_$8,0.39493197,0.7673668,0.122562975,0.11007023
EujJ0SwiCRE$_$2,0.13018245,0.35443673,0.22236706,0.42319617
EyoMU2yoJPY$_$11,0.7991251,0.5453941,0.12850487,0.32610103
EyoMU2yoJPY$_$10,0.5575572,0.568787,0.094225034,0.3369879
EyoMU2yoJPY$_$13,0.6525828,0.4856744,0.083886854,0.43043876
EyoMU2yoJPY$_$7,-0.35588884,0.57283914,0.1210476,0.3061133
F2hc2FLOdhI$_$1,-0.119743034,0.66432273,0.07638174,0.25929546
F2hc2FLOdhI$_$0,0.78208476,0.7384641,0.07632359,0.18521234
F2hc2FLOdhI$_$3,-0.87459147,0.5351825,0.104719654,0.36009786
F2hc2FLOdhI$_$2,0.22905682,0.59970653,0.10198807,0.2983054
F2hc2FLOdhI$_$5,0.31706396,0.5947963,0.09914676,0.30605695
F2hc2FLOdhI$_$4,-0.68566096,0.5380118,0.095978335,0.36600992
F2hc2FLOdhI$_$6,-0.48318645,0.35572472,0.12627661,0.51799864
F7zQPzwFToE$_$1,-0.8372598,0.47161412,0.13715847,0.39122745
F7zQPzwFToE$_$3,-0.79714066,0.5315066,0.12309197,0.34540144
F7zQPzwFToE$_$5,-0.010759175,0.56229746,0.092609234,0.34509337
F7zQPzwFToE$_$6,-0.7577719,0.62879723,0.095155686,0.2760471
F8eQI8E-6q4$_$10,0.20293477,0.60112494,0.022116786,0.37675837
F8eQI8E-6q4$_$3,-0.47744995,0.5716105,0.102728166,0.32566136
F8eQI8E-6q4$_$8,-2.191318,0.6214982,0.1364938,0.24200793
FHDVQkU-nGI$_$1,0.9195788,0.5552689,0.10239299,0.3423382
FHDVQkU-nGI$_$0,0.88918406,0.71475416,0.10016338,0.18508242
FHDVQkU-nGI$_$3,0.7157947,0.7251495,0.04286531,0.23198517
FHDVQkU-nGI$_$2,0.74083596,0.7345729,0.08464533,0.1807818
FHDVQkU-nGI$_$5,1.4638149,0.5763261,0.09232273,0.3313512
FHDVQkU-nGI$_$7,1.3596717,0.7945106,0.06446728,0.14102215
FHDVQkU-nGI$_$6,1.3349771,0.6043824,0.11491781,0.28069976
FHDVQkU-nGI$_$8,1.2297825,0.5449467,0.1494924,0.30556095
FMenDv3y8jc$_$1,0.11558397,0.7287834,0.06880199,0.20241457
FMenDv3y8jc$_$0,0.1747042,0.78611785,0.09306213,0.12082006
FMenDv3y8jc$_$3,0.09337813,0.8402155,0.044144094,0.11564043
FMenDv3y8jc$_$2,-0.11170283,0.46488944,0.10932345,0.4257871
FMenDv3y8jc$_$5,0.1640143,0.3890491,0.092910975,0.5180399
FMenDv3y8jc$_$4,0.43661788,0.6006369,0.06500131,0.3343618
F_YaG_pvZrA$_$1,0.48910537,0.39207774,0.045640443,0.56228185
F_YaG_pvZrA$_$8,0.30756265,0.39014262,0.034519073,0.57533836
F_YaG_pvZrA$_$3,0.017592859,0.39237052,0.13434504,0.47328448
F_YaG_pvZrA$_$10,0.9121606,0.5613029,0.1009878,0.3377093
F_YaG_pvZrA$_$11,0.5834628,0.58149946,0.103802405,0.31469807
FqEekswKPWE$_$1,0.43641007,0.63690627,0.04277892,0.32031476
FqEekswKPWE$_$11,0.26674613,0.416044,0.08547363,0.49848232
FqEekswKPWE$_$0,-0.28557763,0.6067866,0.048198853,0.34501454
FqEekswKPWE$_$7,-0.27062786,0.42725033,0.117945075,0.45480454
FqEekswKPWE$_$6,0.24943763,0.5596855,0.1692887,0.27102572
GAVpYuhMZAw$_$10,0.19716936,0.45469546,0.043091755,0.5022128
GAVpYuhMZAw$_$13,0.465501,0.44081533,0.049716674,0.50946796
GAVpYuhMZAw$_$12,-0.015346933,0.42042175,0.11881123,0.460767
GAVpYuhMZAw$_$1,0.26674625,0.53436136,0.107454695,0.3581839
GAVpYuhMZAw$_$2,-0.041411873,0.3620473,0.049393605,0.5885591
GAVpYuhMZAw$_$5,-0.4227333,0.5551892,0.020354753,0.42445606
GAVpYuhMZAw$_$4,0.62800825,0.53775847,0.099339694,0.3629019
GAVpYuhMZAw$_$7,-0.752426,0.48552924,0.05098068,0.46349007
GAVpYuhMZAw$_$6,-0.73021543,0.6332741,0.05641369,0.31031224
GK-Pprzh0t0$_$1,-1.3774769,0.6896341,0.112599656,0.1977663
GK-Pprzh0t0$_$5,-0.46331674,0.6363683,0.16796516,0.19566652
GK-Pprzh0t0$_$7,-0.60606205,0.47153512,0.17106977,0.35739517
GK-Pprzh0t0$_$6,-0.42202944,0.55081236,0.15056671,0.2986209
GKsjv42t284$_$1,0.90268266,0.53541964,0.14027481,0.32430553
GKsjv42t284$_$0,0.12366235,0.48829687,0.11854646,0.3931567
GKsjv42t284$_$3,0.9110176,0.5685777,0.11709547,0.31432682
GKsjv42t284$_$2,-1.1471475,0.7088961,0.07924522,0.21185862
GKsjv42t284$_$4,0.53650796,0.41942328,0.17146824,0.40910846
GMa0cIAltnw$_$0,-1.1390363,0.60452336,0.09906392,0.2964128
GMa0cIAltnw$_$3,0.14478001,0.5575417,0.13021788,0.3122404
GMa0cIAltnw$_$5,-0.6147661,0.50329113,0.09484099,0.40186784
GMa0cIAltnw$_$6,-0.3488138,0.5875151,0.11650961,0.29597524
GNP0PFas12Y$_$24,1.0126301,0.48938072,0.083616495,0.42700276
GNP0PFas12Y$_$21,0.71758485,0.3791434,0.11862891,0.5022277
GNP0PFas12Y$_$17,-0.34266427,0.65136784,0.07011361,0.27851853
GNP0PFas12Y$_$4,0.23700127,0.37540895,0.17839348,0.44619763
GNP0PFas12Y$_$7,-0.32789716,0.72419494,0.07041429,0.20539078
GNP0PFas12Y$_$6,0.7521938,0.6354601,0.12489986,0.23964006
GNP0PFas12Y$_$14,1.2075543,0.7294018,0.034905583,0.23569258
GO0V4ZGSF28$_$4,0.26939285,0.4800781,0.13519436,0.38472757
GXIfrEUJ5d4$_$0,0.14849763,0.7431042,0.037393432,0.21950233
GXIfrEUJ5d4$_$2,0.17496759,0.36074135,0.09939315,0.5398655
Gc_zIjqqUys$_$1,0.4195845,0.60509986,0.14970483,0.24519531
Gc_zIjqqUys$_$0,1.3769265,0.80377126,0.031428263,0.16480045
Gc_zIjqqUys$_$7,0.3686304,0.6591451,0.09942685,0.24142808
GlShH_ua_GU$_$4,0.3408106,0.29063004,0.102355815,0.6070142
GmpDbIstUdc$_$10,0.38021904,0.5559939,0.08831876,0.35568732
GmpDbIstUdc$_$13,0.91063833,0.52183473,0.10925652,0.36890876
GmpDbIstUdc$_$6,0.06161571,0.43753263,0.082824945,0.4796424
H-74k5vclCU$_$3,0.23939738,0.3960593,0.10967135,0.49426928
H-74k5vclCU$_$2,0.073468745,0.3968816,0.08310993,0.52000844
H-74k5vclCU$_$6,0.35281157,0.33324006,0.11326062,0.55349934
H9BNzzxlscA$_$1,-0.016560856,0.5722182,0.13831148,0.28947031
H9BNzzxlscA$_$0,0.5255347,0.5788521,0.02587386,0.39527404
H9BNzzxlscA$_$3,-0.0155834,0.49040684,0.13237813,0.37721506
H9BNzzxlscA$_$5,0.27359208,0.65171075,0.08060248,0.26768672
H9BNzzxlscA$_$6,-0.081989035,0.47993714,0.06298221,0.45708066
HA2AiTz-qxc$_$3,0.12368867,0.738294,0.105823755,0.15588216
HA2AiTz-qxc$_$2,0.15372658,0.47605473,0.18057805,0.34336728
HA2AiTz-qxc$_$7,0.22641975,0.62675864,0.14900269,0.2242387
HAnQVHOd3hg$_$1,-0.012546048,0.48372144,0.15810871,0.3581699
HAnQVHOd3hg$_$8,0.31447712,0.58863986,0.1222201,0.28914008
HAnQVHOd3hg$_$6,-0.47706604,0.5053989,0.20119531,0.29340583
HFPGeaEPy9o$_$1,-0.728217,0.44332817,0.19727215,0.3593997
HFPGeaEPy9o$_$0,-0.4288544,0.5849622,0.13424747,0.28079033
HFPGeaEPy9o$_$2,-0.4208145,0.51650894,0.18232217,0.30116883
HFPGeaEPy9o$_$4,-0.009715769,0.5653878,0.17022039,0.26439184
HJTxq72GuMs$_$1,1.1489083,0.64587575,0.074093305,0.2800309
HJTxq72GuMs$_$9,0.45539108,0.37489715,0.09888187,0.526221
HJTxq72GuMs$_$6,-0.6049669,0.6052586,0.101577945,0.29316348
HJTxq72GuMs$_$14,-0.097010836,0.43069333,0.050161403,0.5191453
HJTxq72GuMs$_$10,-0.2888771,0.7013103,0.057940513,0.24074924
HMRqR-P68Ws$_$12,0.08507007,0.5059912,0.10028831,0.3937205
HMRqR-P68Ws$_$15,-0.014519859,0.5466179,0.07246122,0.38092083
HMRqR-P68Ws$_$16,-0.83926624,0.45496628,0.09789442,0.4471393
HMRqR-P68Ws$_$0,-0.22198758,0.5014503,0.15856923,0.33998048
HMRqR-P68Ws$_$3,-0.21495473,0.36837995,0.039045762,0.59257436
HMRqR-P68Ws$_$5,-0.10767557,0.3140249,0.09500952,0.59096557
HMRqR-P68Ws$_$7,-0.5106938,0.5625796,0.099591106,0.33782938
HMRqR-P68Ws$_$6,-0.37409848,0.27633017,0.117137365,0.60653245
HMRqR-P68Ws$_$9,0.12308924,0.26491925,0.11065642,0.62442434
HR18U0yAlTc$_$10,1.02286,0.48953608,0.16607185,0.34439215
HR18U0yAlTc$_$12,-0.87805176,0.52704173,0.16356617,0.30939206
HR18U0yAlTc$_$5,0.3156791,0.57479763,0.12832165,0.29688066
HR18U0yAlTc$_$4,0.17083506,0.6016163,0.14832969,0.250054
HR18U0yAlTc$_$9,0.81040514,0.7230744,0.085797876,0.19112769
HR18U0yAlTc$_$8,1.0046796,0.7017451,0.10585283,0.1924021
H_x5O9GdknI$_$1,-0.2693921,0.66079074,0.07696452,0.26224482
H_x5O9GdknI$_$0,-0.29658,0.7207498,0.076788984,0.20246121
HbaycY0VuZk$_$0,0.7382852,0.45795825,0.09540291,0.44663882
HbaycY0VuZk$_$3,1.9544333,0.78683245,0.037332732,0.1758348
HbaycY0VuZk$_$4,1.663691,0.7348336,0.110715285,0.1544511
Hq3cHc6X8BM$_$0,0.5452337,0.72961473,0.033303924,0.23708129
I9iV9q3ePhI$_$12,0.6607084,0.51678944,0.025036002,0.45817453
I9iV9q3ePhI$_$5,0.5822542,0.520105,0.067267425,0.41262755
I9iV9q3ePhI$_$7,0.017875958,0.33043507,0.06835951,0.6012054
IHp8hd1jm6k$_$24,0.21207839,0.43434924,0.13016364,0.43548715
IHp8hd1jm6k$_$25,-0.31717008,0.45803666,0.08944852,0.45251483
IHp8hd1jm6k$_$26,0.64620674,0.36795583,0.12155776,0.51048636
IHp8hd1jm6k$_$27,0.46685484,0.4833975,0.11923435,0.39736804
IHp8hd1jm6k$_$20,0.44616312,0.4389532,0.06453532,0.4965114
IHp8hd1jm6k$_$21,0.57033,0.50862545,0.0242155,0.4671591
IHp8hd1jm6k$_$22,-0.105994225,0.31012496,0.1425217,0.5473534
IHp8hd1jm6k$_$23,0.5287436,0.31831744,0.16576476,0.51591784
IHp8hd1jm6k$_$28,0.45801005,0.46222988,0.104277566,0.4334925
IHp8hd1jm6k$_$29,0.6737515,0.5676189,0.051135927,0.38124523
IHp8hd1jm6k$_$1,-0.0039334632,0.37847337,0.16983454,0.45169204
IHp8hd1jm6k$_$0,0.21806134,0.50357974,0.059964508,0.43645573
IHp8hd1jm6k$_$3,-0.68412876,0.45528218,0.13767463,0.40704322
IHp8hd1jm6k$_$2,1.2234421,0.60608345,0.07164743,0.3222692
IHp8hd1jm6k$_$5,0.60420185,0.6188717,0.11068652,0.2704418
IHp8hd1jm6k$_$4,0.97249055,0.57019496,0.021163618,0.40864146
IHp8hd1jm6k$_$7,-0.025824744,0.2821979,0.12065895,0.5971431
IHp8hd1jm6k$_$6,0.69910884,0.5996085,0.1067685,0.29362306
IHp8hd1jm6k$_$9,0.41188332,0.25606823,0.11339706,0.6305347
IHp8hd1jm6k$_$8,0.62683594,0.5160771,0.107860126,0.37606284
IHp8hd1jm6k$_$11,0.45288515,0.5521862,0.028225867,0.4195879
IHp8hd1jm6k$_$10,0.25074282,0.44180462,0.0973229,0.46087253
IHp8hd1jm6k$_$13,-0.32028395,0.7883282,0.0621819,0.14949
IHp8hd1jm6k$_$12,-0.03193188,0.41108626,0.091551185,0.49736252
IHp8hd1jm6k$_$15,0.75917464,0.6050922,0.098195456,0.29671237
IHp8hd1jm6k$_$14,0.23207341,0.4069453,0.16999725,0.42305753
IHp8hd1jm6k$_$17,-0.0339468,0.41414076,0.109236464,0.47662285
IHp8hd1jm6k$_$16,0.14706323,0.36495754,0.14306399,0.4919785
IHp8hd1jm6k$_$19,0.31856984,0.44311106,0.1680972,0.38879168
IHp8hd1jm6k$_$18,0.250687,0.61354375,0.08741194,0.2990443
IHp8hd1jm6k$_$30,0.49981207,0.4746769,0.113599345,0.41172367
IIPYcCii7Sg$_$1,0.6446201,0.58910304,0.10843537,0.30246165
IIPYcCii7Sg$_$3,0.038854126,0.35095066,0.17645696,0.47259235
IIPYcCii7Sg$_$2,-0.31365845,0.52143234,0.12619577,0.35237193
IIPYcCii7Sg$_$5,0.4418673,0.6613055,0.08541821,0.25327632
IIPYcCii7Sg$_$4,0.26490512,0.43429494,0.15771584,0.40798917
IIPYcCii7Sg$_$7,-0.29941297,0.5231338,0.14085804,0.33600813
IOpWjKAHG8Q$_$1,0.8076808,0.6489341,0.07925703,0.2718088
IOpWjKAHG8Q$_$0,1.4224157,0.73420554,0.09560903,0.17018537
IOpWjKAHG8Q$_$3,-0.18323001,0.5781722,0.1359556,0.2858722
IOpWjKAHG8Q$_$2,0.32252175,0.62944263,0.085902646,0.2846548
IOpWjKAHG8Q$_$5,0.25445378,0.48142636,0.12663637,0.39193726
IOpWjKAHG8Q$_$4,0.3837523,0.8385554,0.03240001,0.12904465
IRSxo_XXArg$_$11,1.9307789,0.6801287,0.042330977,0.27754033
IRSxo_XXArg$_$12,1.802573,0.7476259,0.03049097,0.2218831
IRSxo_XXArg$_$0,0.8310902,0.44979334,0.118829824,0.43137684
IRSxo_XXArg$_$3,1.3369217,0.5299654,0.10901648,0.3610181
IRSxo_XXArg$_$2,2.2993839,0.7706405,0.05769486,0.17166476
IRSxo_XXArg$_$5,0.9256929,0.72993964,0.028832367,0.24122804
IRSxo_XXArg$_$7,1.5574086,0.8109334,0.08462075,0.10444585
IRSxo_XXArg$_$9,1.3826405,0.60356206,0.09149914,0.3049388
Ie6sDptjAsU$_$3,0.3348272,0.69659036,0.10188597,0.20152363
Iemw8vqt-54$_$10,1.78089,0.7816933,0.06065333,0.15765333
Iemw8vqt-54$_$13,1.066513,0.6691307,0.24093427,0.08993511
Iemw8vqt-54$_$12,0.29316685,0.5371109,0.15265645,0.31023264
Iemw8vqt-54$_$1,1.4803224,0.74105203,0.07449581,0.18445225
Iemw8vqt-54$_$0,0.80462945,0.7189292,0.04532429,0.23574649
Iemw8vqt-54$_$9,-0.086943716,0.77497953,0.11298692,0.11203355
Iemw8vqt-54$_$8,0.47796783,0.67625856,0.13349985,0.19024156
JATMzuV6sUE$_$0,0.37336916,0.42209375,0.14862332,0.4292829
JHJOK6cdW-0$_$1,-0.044797096,0.71228075,0.06532322,0.22239603
JHJOK6cdW-0$_$8,0.030090231,0.6335184,0.08607864,0.280403
JHJOK6cdW-0$_$5,-0.06751603,0.46033135,0.099917226,0.43975142
JHJOK6cdW-0$_$7,0.25822914,0.5973736,0.06612475,0.33650166
JHJOK6cdW-0$_$0,0.3733927,0.49329796,0.04383589,0.46286613
JKueLneBoik$_$1,0.81694597,0.657435,0.11748892,0.22507603
JKueLneBoik$_$0,1.6526507,0.7957228,0.059258617,0.14501862
JKueLneBoik$_$3,-0.1674341,0.492773,0.089660175,0.41756687
JKueLneBoik$_$2,-0.623947,0.5531224,0.07519232,0.37168533
JKueLneBoik$_$5,1.6053338,0.6121899,0.1440745,0.24373561
JKueLneBoik$_$4,-0.05162177,0.34774315,0.12108375,0.53117305
JNhqI4JtPXA$_$1,1.5573592,0.6365537,0.07371371,0.2897326
JNhqI4JtPXA$_$0,1.5454359,0.5613378,0.30341834,0.13524385
JNhqI4JtPXA$_$3,1.5902792,0.8387554,0.060644347,0.10060017
JNhqI4JtPXA$_$4,0.73417056,0.79672337,0.08080391,0.1224727
JNhqI4JtPXA$_$7,-0.4037199,0.35800287,0.12860073,0.5133964
JXYot3NDQn0$_$1,0.47520617,0.60106814,0.1214685,0.27746335
JXYot3NDQn0$_$2,1.6659745,0.74926466,0.053310033,0.19742534
JXYot3NDQn0$_$7,1.1622955,0.78043085,0.04844305,0.17112608
Jz1oMq6l-ZM$_$10,-0.7001354,0.33836946,0.15830374,0.50332683
Jz1oMq6l-ZM$_$12,1.92902,0.68617177,0.09633283,0.2174954
Jz1oMq6l-ZM$_$1,-0.08219728,0.45103526,0.086235434,0.46272933
Jz1oMq6l-ZM$_$0,-0.07234728,0.5011403,0.039134648,0.45972508
Jz1oMq6l-ZM$_$3,-0.45231962,0.6282327,0.030239835,0.3415274
Jz1oMq6l-ZM$_$2,0.035383906,0.4536454,0.08841189,0.45794275
Jz1oMq6l-ZM$_$5,0.14162534,0.5616775,0.09570534,0.34261718
Jz1oMq6l-ZM$_$7,-0.35035625,0.7343921,0.0867594,0.17884843
Jz1oMq6l-ZM$_$6,0.1722004,0.5085127,0.061319996,0.43016732
KB5hSnV1emg$_$13,0.27089927,0.4301019,0.13175729,0.4381408
KB5hSnV1emg$_$12,0.10790904,0.6764068,0.088894084,0.23469906
KB5hSnV1emg$_$1,-0.20564975,0.36098754,0.12491418,0.5140983
KB5hSnV1emg$_$0,0.56962615,0.51504844,0.13262747,0.3523241
KB5hSnV1emg$_$3,-0.41506222,0.40311155,0.14622083,0.45066762
KB5hSnV1emg$_$2,0.77635324,0.5273959,0.053403493,0.4192006
KB5hSnV1emg$_$4,0.27932355,0.2637626,0.1681559,0.5680815
KB5hSnV1emg$_$7,0.081118375,0.56268203,0.051538862,0.3857791
KB5hSnV1emg$_$6,-0.09945865,0.33080208,0.15784475,0.51135314
KB5hSnV1emg$_$9,-0.024442706,0.56449515,0.08413737,0.35136747
KRje7su4I5U$_$1,0.13500904,0.39624533,0.15035447,0.45340014
KRje7su4I5U$_$2,1.4200734,0.56521124,0.081840105,0.35294864
KRje7su4I5U$_$5,1.0962256,0.6099048,0.06519754,0.32489762
KRje7su4I5U$_$4,0.5450769,0.73513126,0.06300174,0.20186695
KRje7su4I5U$_$7,1.4193857,0.5572083,0.040910758,0.40188092
KRje7su4I5U$_$6,1.9848543,0.54348403,0.10073548,0.35578045
KRje7su4I5U$_$8,0.5042598,0.5433973,0.06689951,0.38970315
KXsjl0DKgL0$_$5,0.9690702,0.50783455,0.2062037,0.28596172
KYQTwFVBzME$_$2,0.8346501,0.82788,0.038813103,0.13330689
KZzFCrEyKF0$_$11,0.769035,0.5607064,0.12122035,0.31807324
KZzFCrEyKF0$_$8,0.22114468,0.5902242,0.18507609,0.22469977
KZzFCrEyKF0$_$4,-0.12237656,0.4413408,0.2195988,0.3390604
KZzFCrEyKF0$_$6,-0.41640192,0.6618589,0.06228775,0.2758533
KanWhGY33Hk$_$8,0.91190195,0.6357582,0.0302362,0.33400556
KanWhGY33Hk$_$15,-0.4030035,0.6161423,0.09847689,0.28538078
KanWhGY33Hk$_$6,-0.30293787,0.66622734,0.078408025,0.2553646
Kn5eKHlPD0k$_$12,0.15046358,0.47023484,0.12151302,0.40825215
Kn5eKHlPD0k$_$1,-1.1093677,0.634996,0.10932108,0.25568298
Kn5eKHlPD0k$_$0,0.13855177,0.6603521,0.10264165,0.23700622
Kn5eKHlPD0k$_$2,0.384686,0.56867665,0.11037397,0.32094944
Kn5eKHlPD0k$_$5,0.45107087,0.31649688,0.14509878,0.53840435
Kn5eKHlPD0k$_$7,-0.14002155,0.44899195,0.15690671,0.39410132
Kn5eKHlPD0k$_$6,0.5031074,0.47122282,0.17146342,0.35731378
Kn99u05vlpA$_$3,0.901526,0.6984312,0.08323666,0.21833211
Kn99u05vlpA$_$2,0.6978021,0.8731783,0.063055284,0.063766465
Kn99u05vlpA$_$5,0.419901,0.45849591,0.13110912,0.41039503
Kn99u05vlpA$_$6,0.6359328,0.50557846,0.15433277,0.34008873
KrmVX-HANew$_$8,0.51587075,0.44315216,0.14774993,0.40909794
KrmVX-HANew$_$5,0.17997608,0.42584202,0.13345437,0.4407037
KrmVX-HANew$_$6,0.14749734,0.453985,0.1131451,0.43286985
Kyz32PTyP4I$_$1,0.59293306,0.32161534,0.18011133,0.4982734
Kyz32PTyP4I$_$0,1.5363601,0.64045066,0.07949398,0.28005537
Kyz32PTyP4I$_$2,1.049024,0.53292537,0.030265898,0.43680868
Kyz32PTyP4I$_$5,0.3716045,0.6619497,0.036415473,0.30163485
Kyz32PTyP4I$_$6,0.16384423,0.5875055,0.09670672,0.31578776
L-7oRnbi9-w$_$3,0.3524173,0.5300358,0.1302824,0.33968183
L-7oRnbi9-w$_$5,0.77385104,0.5689635,0.04205255,0.38898396
L-7oRnbi9-w$_$4,0.25978422,0.43910733,0.15862907,0.4022636
L-a4Sh6iAcw$_$11,0.06404552,0.26962823,0.5538531,0.17651868
L-a4Sh6iAcw$_$3,0.7147112,0.568637,0.08676413,0.34459883
L-a4Sh6iAcw$_$5,0.13593908,0.45719603,0.14009382,0.40271014
L-a4Sh6iAcw$_$4,0.6597864,0.4882388,0.12684017,0.38492095
L-a4Sh6iAcw$_$7,0.10564028,0.52046096,0.12111197,0.3584271
L-a4Sh6iAcw$_$9,0.5512636,0.44342938,0.07865067,0.47791997
LD3HYOwk1Bc$_$1,-1.3065307,0.60372126,0.094814785,0.3014639
LD3HYOwk1Bc$_$0,0.43449128,0.56246513,0.1218694,0.3156655
LDKWr94J0wM$_$11,0.09972529,0.43902832,0.079273,0.4816986
LDKWr94J0wM$_$14,1.0569919,0.5851207,0.06496274,0.3499166
LDKWr94J0wM$_$3,0.65784705,0.5806028,0.12005605,0.29934114
LDKWr94J0wM$_$2,0.67137986,0.41285914,0.101671524,0.48546934
LDKWr94J0wM$_$5,0.6424546,0.57477456,0.09778126,0.32744414
LDKWr94J0wM$_$4,0.9061177,0.56515706,0.11587873,0.3189642
LDKWr94J0wM$_$8,0.283553,0.5335739,0.09888307,0.36754295
LFOwCSiGOvw$_$1,-0.5536144,0.5014898,0.10605755,0.39245266
LFOwCSiGOvw$_$2,-0.23705536,0.50473446,0.07385828,0.42140728
LFOwCSiGOvw$_$4,-0.18244028,0.37092158,0.14734675,0.4817317
LJGL2sGvSS0$_$20,1.2566472,0.5503786,0.08437264,0.36524874
LJGL2sGvSS0$_$21,1.4120814,0.6349643,0.10389117,0.26114452
LJGL2sGvSS0$_$22,1.143351,0.54369575,0.08720422,0.36909997
LJGL2sGvSS0$_$1,0.31369126,0.41588616,0.11893933,0.46517444
LJGL2sGvSS0$_$0,0.20992757,0.40888855,0.18796083,0.4031506
LJGL2sGvSS0$_$3,0.5745487,0.45047104,0.13190195,0.41762698
LJGL2sGvSS0$_$2,0.7326156,0.35557127,0.13990612,0.5045226
LJGL2sGvSS0$_$5,0.72649205,0.58264124,0.03806192,0.37929687
LJGL2sGvSS0$_$4,0.58029103,0.48580745,0.12343893,0.39075366
LJGL2sGvSS0$_$7,0.6554846,0.62578636,0.107873686,0.26633993
LJGL2sGvSS0$_$6,-0.18031177,0.40691534,0.17732795,0.41575676
LJGL2sGvSS0$_$9,0.70170194,0.41713056,0.13636233,0.44650704
LJGL2sGvSS0$_$8,0.49971664,0.46015397,0.11799369,0.42185235
LJGL2sGvSS0$_$11,1.4314269,0.69949794,0.051689383,0.24881268
LJGL2sGvSS0$_$10,1.2750951,0.70428807,0.06272504,0.23298694
LJGL2sGvSS0$_$13,1.2469953,0.70490944,0.13615254,0.158938
LJGL2sGvSS0$_$12,0.98138857,0.60167354,0.121454254,0.27687228
LJGL2sGvSS0$_$15,-0.1528216,0.6119401,0.06907882,0.31898102
LJGL2sGvSS0$_$14,1.4940797,0.65619695,0.09464484,0.24915816
LJGL2sGvSS0$_$17,0.60867,0.6975162,0.0381481,0.26433572
LJGL2sGvSS0$_$16,0.56921554,0.42873672,0.12816197,0.44310132
LJGL2sGvSS0$_$19,0.009184506,0.54469013,0.08575986,0.36954996
LJGL2sGvSS0$_$18,1.333416,0.72186863,0.041836992,0.2362944
LcfubBagG6Q$_$11,0.69183403,0.685445,0.06746731,0.24708763
LcfubBagG6Q$_$10,0.89924186,0.48277792,0.106959485,0.4102626
LcfubBagG6Q$_$13,0.49875444,0.6526963,0.07223102,0.27507266
LcfubBagG6Q$_$14,0.45718274,0.42508605,0.12164363,0.45327035
LcfubBagG6Q$_$1,0.6165719,0.44352132,0.19740123,0.3590774
LcfubBagG6Q$_$0,-0.41033292,0.71134543,0.07254979,0.2161048
LcfubBagG6Q$_$3,0.3043431,0.4433459,0.12698933,0.42966482
LcfubBagG6Q$_$2,0.4742454,0.6591657,0.096498705,0.24433558
LcfubBagG6Q$_$5,0.8736874,0.6687235,0.046371054,0.2849055
LcfubBagG6Q$_$4,-0.8236182,0.63632995,0.10791904,0.255751
LcfubBagG6Q$_$7,2.1573167,0.65804386,0.07853476,0.2634214
LcfubBagG6Q$_$6,-0.2722216,0.723313,0.0778633,0.19882366
LcfubBagG6Q$_$9,-0.09003003,0.45165947,0.13450839,0.41383213
LcfubBagG6Q$_$8,1.3809167,0.6187175,0.092706315,0.28857613
LpTbjgELALo$_$1,-0.14528155,0.54494804,0.18166935,0.27338257
LpTbjgELALo$_$2,0.38202548,0.618439,0.11642561,0.2651354
LtlL-03S79Q$_$2,0.96047115,0.46657848,0.055869676,0.4775518
LtlL-03S79Q$_$5,-0.29802805,0.45622307,0.20897676,0.33480018
LtlL-03S79Q$_$4,0.24811706,0.50943035,0.16027404,0.33029562
LtlL-03S79Q$_$7,0.22880313,0.4887013,0.19935375,0.3119449
LtlL-03S79Q$_$6,1.1024632,0.67235625,0.08623958,0.24140416
LtlL-03S79Q$_$9,0.65986586,0.60232353,0.07720505,0.32047144
LueQT0vY1zI$_$0,0.07891089,0.5136951,0.11752502,0.36877993
LyOq9mOEPuk$_$8,-0.45390815,0.42058468,0.12483152,0.45458382
LyOq9mOEPuk$_$3,0.70045143,0.5501958,0.10092864,0.34887558
LyOq9mOEPuk$_$13,-0.22973257,0.64652437,0.10962896,0.24384664
M6HKUzJNlsE$_$1,0.38182372,0.510278,0.054192286,0.4355297
M6HKUzJNlsE$_$0,0.8739604,0.53644025,0.064281054,0.39927864
M6HKUzJNlsE$_$3,0.33714858,0.55906326,0.108352914,0.33258384
M6HKUzJNlsE$_$2,0.09429273,0.63171506,0.014096785,0.35418814
M6HKUzJNlsE$_$5,0.5205314,0.4176159,0.1361719,0.44621214
M6HKUzJNlsE$_$4,0.5328382,0.45313147,0.11531118,0.43155733
MHVrwCEWLPI$_$1,0.026470657,0.5875264,0.13694106,0.27553254
MHVrwCEWLPI$_$5,1.02329,0.43162617,0.12238384,0.44598994
MHVrwCEWLPI$_$4,0.3310541,0.3963853,0.17177375,0.43184096
MHVrwCEWLPI$_$6,-0.5329472,0.6896669,0.10986968,0.20046334
MHyW857u_X8$_$13,0.64234227,0.541945,0.102043845,0.35601118
MHyW857u_X8$_$20,-0.7907921,0.7700425,0.054960035,0.1749975
MHyW857u_X8$_$22,1.1687597,0.67390454,0.07868064,0.24741486
MHyW857u_X8$_$17,0.29266158,0.37750927,0.15228419,0.47020656
MHyW857u_X8$_$18,0.31904557,0.77927667,0.06239834,0.15832494
MHyW857u_X8$_$2,-0.07959646,0.45049864,0.06891208,0.48058927
MHyW857u_X8$_$5,0.091421634,0.33792377,0.13117746,0.5308988
MHyW857u_X8$_$7,2.178332,0.7469937,0.06508751,0.1879188
MLegxOZBGUc$_$9,1.3210927,0.5747178,0.1554166,0.26986563
MM2qPdnRmQ8$_$0,0.53093016,0.5007928,0.09589525,0.403312
MM2qPdnRmQ8$_$6,0.14072771,0.27101502,0.15157335,0.5774116
MSHBEntSDjU$_$9,0.087748855,0.44796234,0.18885279,0.36318484
MYEyQUpMe3k$_$1,0.50938904,0.6034757,0.060787957,0.33573636
MYEyQUpMe3k$_$2,-0.13007759,0.7706157,0.06891912,0.16046521
MYEyQUpMe3k$_$5,0.55785173,0.61179435,0.086333215,0.30187243
MYEyQUpMe3k$_$4,0.31753105,0.39864865,0.16204633,0.439305
MYEyQUpMe3k$_$7,0.054442372,0.45093128,0.14967571,0.39939296
MYEyQUpMe3k$_$6,0.21317938,0.6545421,0.099647015,0.24581088
MYEyQUpMe3k$_$9,0.22242069,0.35181403,0.14019957,0.50798637
MYEyQUpMe3k$_$8,0.46116877,0.6895553,0.091901116,0.21854362
MZUr1DfYNNw$_$1,0.8990443,0.7054943,0.098284476,0.19622123
MZUr1DfYNNw$_$0,0.35759258,0.6850919,0.11425499,0.20065315
MZUr1DfYNNw$_$2,0.6531811,0.719638,0.044084642,0.23627734
MtIklGnIMGo$_$5,0.23271134,0.6216969,0.039963644,0.3383395
MvEw24PU2Ac$_$9,0.26127592,0.5584485,0.0272966,0.4142549
MvEw24PU2Ac$_$15,-0.91872454,0.4017203,0.121805005,0.4764747
MvEw24PU2Ac$_$6,0.04046881,0.36826766,0.13182539,0.49990705
N-NnCI6U52c$_$2,1.9714366,0.7422451,0.0135489,0.24420603
N-NnCI6U52c$_$5,1.2763367,0.6433448,0.069753364,0.28690183
N0d2JL7JC1s$_$0,0.21069205,0.61625814,0.08030263,0.30343923
N2nCB34Am-E$_$10,0.40304524,0.6349516,0.11670292,0.24834546
N2nCB34Am-E$_$6,0.7025366,0.5971956,0.12222756,0.2805768
NIpuKcoJhGM$_$0,0.33089897,0.60245115,0.09166789,0.30588093
NIpuKcoJhGM$_$5,-0.13589792,0.71896994,0.047044523,0.23398545
NIpuKcoJhGM$_$4,0.60682356,0.71416914,0.050013147,0.23581767
NOGhjdK-rDI$_$0,-0.9196395,0.61966825,0.09175018,0.28858155
NVLPURuAVLU$_$2,-0.4142419,0.41245836,0.055744026,0.5317976
NVLPURuAVLU$_$4,-0.06357175,0.57620704,0.0906954,0.33309755
NVLPURuAVLU$_$7,0.10245639,0.60460675,0.021930467,0.3734628
NaWmaHwjElo$_$13,0.18127695,0.57251453,0.11999471,0.3074907
NaWmaHwjElo$_$5,-0.16151544,0.3874748,0.15056476,0.46196046
NgENhhXf0LE$_$2,1.3411815,0.71506464,0.08779265,0.19714275
NiAjz4ciA60$_$1,0.91440105,0.46461824,0.14710243,0.38827926
NiAjz4ciA60$_$3,0.41845605,0.6775207,0.075410366,0.2470689
NiAjz4ciA60$_$2,0.28184772,0.5950294,0.09907486,0.3058957
NiAjz4ciA60$_$6,0.34413645,0.5264716,0.1113251,0.36220324
NlrCjfHELLE$_$0,1.5411092,0.43634,0.09609165,0.46756834
NoOt0oU843M$_$8,0.9800773,0.7350467,0.031090386,0.23386292
NoOt0oU843M$_$3,-0.04376169,0.40363604,0.13508083,0.4612831
NoOt0oU843M$_$2,0.58546674,0.54375887,0.10482545,0.35141566
NoOt0oU843M$_$5,0.12619615,0.47858298,0.14979766,0.37161943
NoOt0oU843M$_$6,1.006511,0.7203168,0.07992553,0.19975765
NocexkPXja8$_$13,-0.44410655,0.6267639,0.09897156,0.2742646
NocexkPXja8$_$15,-0.4604138,0.47218174,0.1760905,0.3517278
NocexkPXja8$_$16,-1.4382099,0.5170996,0.08221983,0.4006805
NocexkPXja8$_$1,-0.81270045,0.57417846,0.11478967,0.31103188
NocexkPXja8$_$3,-0.38422137,0.48619443,0.10626975,0.40753585
NocexkPXja8$_$5,0.101482764,0.59741676,0.077756695,0.32482654
NocexkPXja8$_$4,-1.3707371,0.63890123,0.041062493,0.3200363
NocexkPXja8$_$6,-1.1721219,0.5406543,0.036157828,0.42318788
O-b3DQg0QmA$_$1,0.6645559,0.49810973,0.1468353,0.35505497
O-b3DQg0QmA$_$0,0.5412754,0.5420591,0.113041036,0.34489977
O-b3DQg0QmA$_$2,1.8304611,0.74564713,0.02886935,0.22548354
O2ShYliS3CU$_$8,0.4841114,0.6088065,0.1726497,0.21854381
O2ShYliS3CU$_$2,0.6476257,0.67271703,0.04379156,0.2834914
O4UkHVJlIs8$_$10,0.4215053,0.7088341,0.0887394,0.20242651
O4UkHVJlIs8$_$3,0.43496773,0.77461594,0.09676069,0.12862337
O4UkHVJlIs8$_$2,0.62906814,0.54388744,0.10060807,0.35550445
OFia3dWgaoI$_$1,-0.20549652,0.45206404,0.11545243,0.43248355
OFia3dWgaoI$_$0,-0.74089754,0.5801329,0.09399619,0.325871
OFia3dWgaoI$_$3,-0.88942075,0.42317638,0.123899534,0.45292413
OFia3dWgaoI$_$5,-1.0976642,0.66028124,0.07468801,0.26503077
OFia3dWgaoI$_$4,-1.3058251,0.5932253,0.057361294,0.34941334
OFia3dWgaoI$_$6,-1.0137764,0.6423551,0.09923516,0.25840977
OFia3dWgaoI$_$8,-0.083379105,0.5124553,0.2714073,0.21613742
OKJPFisBoPY$_$1,0.36889172,0.5749029,0.033412736,0.3916844
OKJPFisBoPY$_$0,1.0114788,0.536599,0.070872635,0.3925284
OORklkFql3k$_$11,-0.4126736,0.49699548,0.12353695,0.3794675
OORklkFql3k$_$10,-0.07483365,0.54767615,0.08278731,0.36953655
OORklkFql3k$_$15,-1.3986684,0.5587419,0.1312211,0.31003702
OORklkFql3k$_$14,-1.0181795,0.7070707,0.085086085,0.20784318
OORklkFql3k$_$19,-1.6210965,0.70044625,0.08821657,0.21133713
OORklkFql3k$_$1,-1.7574493,0.61787194,0.09799119,0.28413686
OORklkFql3k$_$3,-0.14195682,0.8065184,0.068376325,0.12510535
OORklkFql3k$_$2,-1.1346664,0.6757035,0.09096995,0.23332651
OORklkFql3k$_$4,0.3272296,0.68082064,0.09595352,0.22322586
OORklkFql3k$_$7,-0.052081827,0.81488574,0.06881313,0.116301194
OORklkFql3k$_$6,-1.3145496,0.7917574,0.061313447,0.14692916
OORklkFql3k$_$8,-1.2320942,0.8782403,0.04688254,0.07487711
OWWHjP3pX9o$_$1,-0.11652398,0.54966265,0.11677674,0.33356065
OWWHjP3pX9o$_$0,0.2902434,0.39696038,0.1406597,0.46237984
OWWHjP3pX9o$_$3,0.18462193,0.5118124,0.13896738,0.34922022
OWWHjP3pX9o$_$2,0.20108418,0.61191225,0.07347568,0.31461218
OWWHjP3pX9o$_$5,0.38885078,0.31949282,0.101545334,0.57896185
OWWHjP3pX9o$_$4,-0.08522946,0.43345854,0.13161296,0.43492848
OWWHjP3pX9o$_$7,0.090677395,0.43396422,0.1439147,0.42212108
OWWHjP3pX9o$_$6,0.94258845,0.49706063,0.12871833,0.37422103
OWWHjP3pX9o$_$9,0.42925286,0.48571277,0.14151685,0.3727704
OWWHjP3pX9o$_$8,-1.2266759,0.4555937,0.084331065,0.4600753
OXsTIPdytiw$_$10,0.05109709,0.6267749,0.10160936,0.2716157
OXsTIPdytiw$_$13,0.3857288,0.4973052,0.19169115,0.31100363
OXsTIPdytiw$_$12,0.2978397,0.5887269,0.07909437,0.3321787
OXsTIPdytiw$_$0,0.08521207,0.51894224,0.1659541,0.3151037
OXsTIPdytiw$_$2,-0.15236643,0.5465959,0.17491114,0.27849293
OXsTIPdytiw$_$4,0.16596821,0.37486184,0.22664498,0.39849317
OXsTIPdytiw$_$7,0.3069532,0.42781767,0.1973569,0.37482548
Oa2xVjzAMFc$_$3,-0.009118415,0.5334025,0.1979414,0.2686561
Oa2xVjzAMFc$_$5,1.1302727,0.6288154,0.12714943,0.24403515
Oa2xVjzAMFc$_$4,0.06187212,0.51084507,0.12484409,0.36431083
Oa2xVjzAMFc$_$6,0.63901025,0.4249124,0.14382185,0.4312657
Oa2xVjzAMFc$_$9,-0.012503032,0.50851846,0.10056162,0.39091992
Oa2xVjzAMFc$_$8,0.543856,0.53230834,0.04770316,0.41998845
OaWYjsS02fk$_$0,0.12215227,0.3875319,0.1929121,0.41955593
OaWYjsS02fk$_$2,0.47791785,0.50812936,0.11330839,0.3785623
OaWYjsS02fk$_$5,0.06247245,0.3458044,0.14930545,0.50489014
OaWYjsS02fk$_$4,0.16727808,0.37918642,0.25373575,0.3670779
OaWYjsS02fk$_$6,0.51748425,0.39120895,0.21416831,0.39462274
OctOcfI4KSs$_$13,0.72479534,0.6866515,0.17297803,0.14037046
OctOcfI4KSs$_$1,-0.18264365,0.61150575,0.05708864,0.33140558
OctOcfI4KSs$_$3,-0.10651186,0.7415338,0.096291944,0.16217418
OctOcfI4KSs$_$2,0.1102664,0.58886844,0.14180775,0.26932377
OctOcfI4KSs$_$4,-0.02684303,0.46423826,0.22813152,0.30763027
OctOcfI4KSs$_$7,-0.086821765,0.4822273,0.1022428,0.41552994
OctOcfI4KSs$_$6,-0.4602267,0.54513925,0.1557053,0.29915547
OctOcfI4KSs$_$8,0.06275132,0.63304967,0.04528966,0.3216607
OyK86reBnJE$_$2,0.6919545,0.6300802,0.12328412,0.2466357
P0UHzR4CmYg$_$20,-0.43174934,0.7538788,0.017887278,0.22823401
P0UHzR4CmYg$_$22,0.20296896,0.4300524,0.17308442,0.39686316
P0UHzR4CmYg$_$1,0.88265496,0.68664086,0.118660696,0.19469848
P0UHzR4CmYg$_$0,1.9208946,0.7174611,0.032118194,0.25042072
P0UHzR4CmYg$_$3,1.1425527,0.61391944,0.096328825,0.28975177
P0UHzR4CmYg$_$2,1.1747608,0.62410134,0.1476973,0.22820137
P0UHzR4CmYg$_$5,0.34589535,0.5147963,0.14294338,0.3422603
P0UHzR4CmYg$_$4,1.5695305,0.5756367,0.052563712,0.37179956
P0UHzR4CmYg$_$7,0.61242557,0.5038171,0.09193068,0.40425223
P0UHzR4CmYg$_$6,0.7124176,0.53597856,0.099661626,0.3643598
P0UHzR4CmYg$_$9,0.19653717,0.6449829,0.09664802,0.25836912
P0UHzR4CmYg$_$8,0.18666711,0.3871163,0.15876026,0.45412344
P0UHzR4CmYg$_$11,-0.0026481487,0.63432544,0.09726428,0.26841027
P0UHzR4CmYg$_$10,0.45517665,0.7180166,0.067785665,0.21419774
P0UHzR4CmYg$_$13,0.5562122,0.8248827,0.038170885,0.13694641
P0UHzR4CmYg$_$12,0.70697767,0.5118149,0.1406362,0.34754893
P0UHzR4CmYg$_$15,-0.9174686,0.76096374,0.082984574,0.15605165
P0UHzR4CmYg$_$14,0.17404708,0.65311867,0.025939092,0.32094216
P0UHzR4CmYg$_$17,0.5102314,0.5677853,0.112058364,0.3201563
P0UHzR4CmYg$_$16,-1.5615174,0.6527825,0.09102446,0.25619304
P0UHzR4CmYg$_$19,0.40428698,0.38911542,0.15159735,0.4592872
P0UHzR4CmYg$_$18,1.0929748,0.5819457,0.08930065,0.32875362
P17tYiqMGRU$_$0,0.07338601,0.33120203,0.12545773,0.5433402
PHZIx22aFhU$_$0,0.98594844,0.57180625,0.20969775,0.21849604
Pbu6oAKFCvo$_$0,1.0254486,0.5096782,0.16693239,0.32338938
Pbu6oAKFCvo$_$3,0.02842864,0.5979044,0.047905535,0.35419014
Pbu6oAKFCvo$_$5,0.3161947,0.5991698,0.04760864,0.35322165
PcqKFt1p3UQ$_$9,-0.72463745,0.60191464,0.07137961,0.32670575
PcqKFt1p3UQ$_$10,0.7373878,0.54380685,0.085658714,0.37053445
PcqKFt1p3UQ$_$2,0.048678022,0.4351264,0.101377375,0.46349618
PexNiFbPTYM$_$11,0.4602177,0.53886974,0.09430655,0.36682367
PexNiFbPTYM$_$10,0.8722769,0.63163084,0.025995558,0.3423736
PexNiFbPTYM$_$13,-0.3044953,0.25724134,0.1253079,0.6174507
PexNiFbPTYM$_$12,0.045412015,0.40202183,0.13111086,0.4668673
PexNiFbPTYM$_$15,-0.15170193,0.47711754,0.1411915,0.38169095
PexNiFbPTYM$_$14,0.39125887,0.46517465,0.075798094,0.4590273
PexNiFbPTYM$_$17,-0.2157002,0.50772595,0.13449848,0.35777557
PexNiFbPTYM$_$16,0.5751307,0.4648186,0.0882427,0.44693872
PexNiFbPTYM$_$19,-0.13176472,0.38200146,0.13590033,0.4820982
PexNiFbPTYM$_$18,0.45706728,0.4749666,0.10783095,0.41720247
PexNiFbPTYM$_$1,1.5826418,0.59947866,0.10086279,0.29965854
PexNiFbPTYM$_$3,0.39881805,0.62715065,0.0790997,0.2937496
PexNiFbPTYM$_$2,0.25346667,0.3378842,0.18623012,0.47588566
PexNiFbPTYM$_$5,0.03982952,0.41646165,0.111157954,0.47238046
PexNiFbPTYM$_$4,-0.67700696,0.68380433,0.06859373,0.24760193
PexNiFbPTYM$_$7,0.8217183,0.7154378,0.01949283,0.26506937
PexNiFbPTYM$_$6,0.006407868,0.43339854,0.124239184,0.44236228
PexNiFbPTYM$_$9,0.8250884,0.54148024,0.12529764,0.3332221
PexNiFbPTYM$_$20,0.38851938,0.2947291,0.11969207,0.58557886
PexNiFbPTYM$_$8,0.5021764,0.6394123,0.0722628,0.2883249
PexNiFbPTYM$_$21,0.27687287,0.7175697,0.026402792,0.25602743
PzI6yY9Y2xQ$_$10,0.8387296,0.53418887,0.065078355,0.40073282
PzI6yY9Y2xQ$_$12,0.9831592,0.4195481,0.16981772,0.41063422
PzI6yY9Y2xQ$_$1,1.164971,0.6874487,0.1083653,0.20418604
PzI6yY9Y2xQ$_$0,1.1799196,0.66536015,0.017781345,0.3168585
PzI6yY9Y2xQ$_$2,0.53933686,0.57423306,0.09996458,0.32580236
PzI6yY9Y2xQ$_$4,0.2433894,0.4313349,0.12046342,0.44820172
QBc7X5jj8oA$_$3,-0.6976565,0.62404656,0.07873608,0.2972174
QBc7X5jj8oA$_$2,-0.3324011,0.62270325,0.083867274,0.29342952
QBc7X5jj8oA$_$4,0.1399428,0.64490265,0.106946714,0.24815059
QCR7uyowjhM$_$10,0.19327995,0.5497815,0.16556834,0.28465015
QCR7uyowjhM$_$1,-0.30144086,0.4791726,0.14930011,0.37152725
QCR7uyowjhM$_$0,0.17962363,0.7824842,0.05750798,0.16000786
QCR7uyowjhM$_$2,-1.0529152,0.5957939,0.10548248,0.29872358
QCR7uyowjhM$_$5,0.8871074,0.6122115,0.10689436,0.28089407
QCR7uyowjhM$_$4,-0.59136415,0.7156781,0.059092496,0.22522946
QCR7uyowjhM$_$7,0.083550766,0.7146172,0.09643303,0.18894985
QCR7uyowjhM$_$6,1.1510434,0.69611526,0.13871208,0.16517264
QCR7uyowjhM$_$9,0.23719293,0.6843347,0.052521836,0.26314348
QCR7uyowjhM$_$8,-0.6186147,0.5319792,0.17813508,0.28988576
QIonRUsCqBs$_$1,0.82412744,0.40215707,0.017008565,0.5808344
QIonRUsCqBs$_$0,0.6877209,0.23338263,0.11259437,0.654023
QIonRUsCqBs$_$3,1.4100139,0.6531357,0.055632148,0.2912321
QIonRUsCqBs$_$2,0.6957548,0.4346444,0.12108698,0.44426867
QJBQIOmG1CA$_$1,0.12791058,0.7186754,0.05225496,0.22906967
QLI-OnegxFM$_$17,-0.19389382,0.5339796,0.059545755,0.40647465
QLI-OnegxFM$_$7,-0.41247472,0.5192781,0.13073233,0.3499895
QVyxySAaehE$_$11,0.88154125,0.72110236,0.0800042,0.19889344
QVyxySAaehE$_$10,0.693767,0.7357127,0.06387668,0.20041057
QVyxySAaehE$_$3,1.3173946,0.75421184,0.046719648,0.19906852
QVyxySAaehE$_$9,0.9790076,0.6172753,0.048945967,0.33377874
QWll4lS1qqI$_$12,2.1866887,0.71223724,0.020940006,0.26682273
QWll4lS1qqI$_$14,-1.1125983,0.6274254,0.085409485,0.28716516
QWll4lS1qqI$_$16,1.6110107,0.6669798,0.059480585,0.27353957
QXXexH-ow_k$_$5,-1.0907546,0.6116908,0.11130758,0.2770016
Qfa1fY_07bQ$_$1,0.46032336,0.77713627,0.036713894,0.18614988
Qfa1fY_07bQ$_$0,1.0460826,0.5086363,0.1550248,0.3363389
Qfa1fY_07bQ$_$2,0.96283066,0.49931785,0.12412945,0.3765527
Qfa1fY_07bQ$_$5,0.7670687,0.7382075,0.06433543,0.19745712
Qfa1fY_07bQ$_$4,0.21661681,0.62750125,0.07875956,0.2937392
Qfa1fY_07bQ$_$7,1.300039,0.5963095,0.12081227,0.28287822
Qfa1fY_07bQ$_$6,0.97039294,0.8354708,0.023463182,0.14106603
QnYlpSeVOYo$_$1,0.80349314,0.8088435,0.05863484,0.13252169
R9xTBw3MCWI$_$11,1.2557001,0.63030666,0.023359612,0.3463337
R9xTBw3MCWI$_$10,0.0701572,0.5085808,0.095884055,0.3955351
R9xTBw3MCWI$_$13,0.5412408,0.5645565,0.082186356,0.3532572
R9xTBw3MCWI$_$12,0.46042287,0.5380936,0.042906567,0.41899985
R9xTBw3MCWI$_$15,0.6661127,0.7943723,0.021433707,0.18419398
R9xTBw3MCWI$_$14,-0.18148005,0.68058926,0.06190141,0.25750935
R9xTBw3MCWI$_$17,1.2766391,0.57248485,0.098842554,0.32867262
R9xTBw3MCWI$_$16,0.89431936,0.44604182,0.14505813,0.40890005
R9xTBw3MCWI$_$19,0.61938953,0.8091534,0.062481623,0.12836498
R9xTBw3MCWI$_$18,0.97829133,0.6563049,0.089435585,0.2542595
R9xTBw3MCWI$_$1,0.8854834,0.6968691,0.023086933,0.28004405
R9xTBw3MCWI$_$0,0.8707063,0.53936124,0.08477735,0.37586135
R9xTBw3MCWI$_$3,0.8788142,0.7774044,0.06118645,0.16140918
R9xTBw3MCWI$_$2,-0.047664616,0.68986595,0.07373816,0.23639587
R9xTBw3MCWI$_$5,1.1854229,0.7152188,0.08192383,0.20285746
R9xTBw3MCWI$_$4,0.6101691,0.6490347,0.04754297,0.3034223
R9xTBw3MCWI$_$7,0.43195692,0.53196526,0.1225223,0.34551248
R9xTBw3MCWI$_$6,0.20112322,0.5187348,0.046373848,0.4348913
R9xTBw3MCWI$_$9,-0.5205262,0.7114175,0.0587508,0.2298317
R9xTBw3MCWI$_$8,0.9018655,0.5264774,0.111468345,0.36205423
RB3HA-ZMtFw$_$1,0.2054255,0.71176916,0.06817572,0.22005518
RChkXDS8ulE$_$1,0.42296788,0.8635794,0.051413078,0.08500747
RChkXDS8ulE$_$3,0.56854266,0.68215615,0.056318007,0.26152575
RChkXDS8ulE$_$5,0.735502,0.6106267,0.08969316,0.29968014
RChkXDS8ulE$_$4,-0.14404522,0.7055562,0.08218367,0.21226014
ROC2YI3tDsk$_$11,0.27476966,0.68228245,0.120782286,0.19693536
ROC2YI3tDsk$_$10,0.41721776,0.48901424,0.19466978,0.31631604
ROC2YI3tDsk$_$13,0.56934834,0.54309124,0.09730095,0.35960782
ROC2YI3tDsk$_$12,0.8132946,0.6831829,0.0887436,0.22807352
ROC2YI3tDsk$_$14,1.1792103,0.6669703,0.075898044,0.2571317
ROC2YI3tDsk$_$0,0.68143165,0.6397146,0.059125822,0.30115962
ROC2YI3tDsk$_$3,0.2660878,0.5241526,0.03395118,0.44189623
ROC2YI3tDsk$_$2,0.18536784,0.42035556,0.13927357,0.44037092
ROC2YI3tDsk$_$5,0.27576655,0.7206519,0.057391115,0.22195698
ROC2YI3tDsk$_$4,0.41428405,0.47387862,0.085070126,0.44105124
ROC2YI3tDsk$_$6,0.62378156,0.5674506,0.08718297,0.34536645
ROC2YI3tDsk$_$9,1.1585855,0.8237525,0.06057684,0.11567066
ROC2YI3tDsk$_$8,1.1290936,0.7668856,0.08883195,0.14428246
RVC8l5hf2Eg$_$11,0.7800813,0.66761523,0.08238295,0.2500019
RVC8l5hf2Eg$_$10,0.8741879,0.62807477,0.08025225,0.29167306
RVC8l5hf2Eg$_$13,0.32519203,0.5375751,0.0683792,0.39404568
RVC8l5hf2Eg$_$12,0.45729232,0.5385219,0.11868854,0.34278962
RVC8l5hf2Eg$_$14,0.2810782,0.5179376,0.025587715,0.4564747
RVC8l5hf2Eg$_$17,0.46089253,0.4915946,0.031057285,0.47734803
RVC8l5hf2Eg$_$1,0.5449884,0.34365442,0.03825284,0.6180927
RVC8l5hf2Eg$_$0,-0.016344164,0.3962482,0.12327669,0.48047504
RVC8l5hf2Eg$_$3,0.48289412,0.529293,0.102404684,0.3683023
RVC8l5hf2Eg$_$2,-0.2167478,0.40854728,0.123074204,0.46837857
RVC8l5hf2Eg$_$5,0.24569401,0.4975394,0.03768449,0.46477607
RVC8l5hf2Eg$_$4,-0.13248475,0.4941691,0.08625239,0.41957855
RVC8l5hf2Eg$_$7,0.1371243,0.5475769,0.03032522,0.42209792
RVC8l5hf2Eg$_$6,-0.6058101,0.53459626,0.06060715,0.40479654
RVC8l5hf2Eg$_$8,0.024763476,0.5002664,0.104074545,0.39565912
Rb1uzHNcYcA$_$1,1.4054741,0.6740401,0.06544475,0.26051515
Rb1uzHNcYcA$_$3,-0.5910725,0.4167267,0.078565255,0.50470805
Rb1uzHNcYcA$_$2,0.042084325,0.5574982,0.07962503,0.36287677
Rb1uzHNcYcA$_$5,0.9458269,0.64470375,0.015757151,0.3395391
Rb1uzHNcYcA$_$4,1.1640707,0.49833247,0.1189893,0.3826783
Rb1uzHNcYcA$_$6,0.37998596,0.6590237,0.06266233,0.27831393
Rb1uzHNcYcA$_$8,0.6545708,0.50566953,0.10159435,0.3927361
RmX9t_HY_dU$_$1,0.49205995,0.664483,0.050768584,0.28474844
RmX9t_HY_dU$_$0,0.1153765,0.42144147,0.15507442,0.4234841
RsE2gYghZ2s$_$1,0.6804568,0.73689395,0.020915829,0.24219021
RsE2gYghZ2s$_$2,0.35285553,0.56403196,0.04157355,0.39439452
RvmTZVNAAuQ$_$2,0.47183752,0.5967958,0.11748941,0.28571486
RvmTZVNAAuQ$_$10,0.90503746,0.6508582,0.11744121,0.23170055
RvmTZVNAAuQ$_$12,1.620729,0.83934796,0.0526867,0.10796539
RvmTZVNAAuQ$_$4,-0.21970096,0.55284697,0.13903171,0.30812132
RvmTZVNAAuQ$_$7,0.78195256,0.69355446,0.08134348,0.22510204
SBFnCNzlynQ$_$1,-0.42862213,0.53175586,0.1145218,0.35372233
SBFnCNzlynQ$_$0,-0.18199515,0.6372513,0.09934572,0.2634029
SD6wphlw72U$_$0,-0.061232764,0.60167086,0.041188147,0.35714096
SD6wphlw72U$_$3,1.3755637,0.6087923,0.11222771,0.27898002
SD6wphlw72U$_$2,0.6842426,0.5089391,0.119603716,0.3714572
SH0OYx3fR7s$_$9,1.09983,0.7370111,0.05955017,0.20343873
SH0OYx3fR7s$_$0,0.24872005,0.7250569,0.029988155,0.24495494
SH0OYx3fR7s$_$26,-0.26357797,0.8319081,0.041261278,0.12683062
SH0OYx3fR7s$_$5,-0.070936814,0.413554,0.17200306,0.41444296
SH0OYx3fR7s$_$7,0.5121097,0.49701774,0.12820245,0.37477976
SKTyBOhDX6U$_$11,1.452907,0.6480609,0.08348752,0.2684516
SKTyBOhDX6U$_$10,-0.42209938,0.4648073,0.105830126,0.4293626
SKTyBOhDX6U$_$12,0.049340654,0.52696025,0.108392596,0.36464715
SKTyBOhDX6U$_$1,-0.034067642,0.5464521,0.08511272,0.36843514
SKTyBOhDX6U$_$5,0.75979507,0.52160865,0.08615044,0.3922409
SKTyBOhDX6U$_$4,0.28263628,0.46398604,0.099715784,0.43629807
SKTyBOhDX6U$_$7,0.076046616,0.4593031,0.105222516,0.43547443
SKTyBOhDX6U$_$6,0.66648054,0.47712132,0.09376884,0.4291098
SKTyBOhDX6U$_$9,0.8319515,0.54245514,0.087367,0.37017787
SKTyBOhDX6U$_$8,-0.90760386,0.53590804,0.10985772,0.35423422
SYQ_zv8dWng$_$1,0.3197686,0.36261538,0.18797901,0.44940567
SYQ_zv8dWng$_$0,0.27654657,0.4179526,0.17911159,0.4029358
SYQ_zv8dWng$_$3,-1.2342781,0.52989566,0.10073242,0.36937192
SYQ_zv8dWng$_$2,0.07585025,0.62863284,0.0986725,0.2726947
SYQ_zv8dWng$_$5,0.61235327,0.5317916,0.035331637,0.43287668
SYQ_zv8dWng$_$4,-0.9129819,0.62629056,0.08482384,0.2888856
SYQ_zv8dWng$_$7,0.056686755,0.47683597,0.046976652,0.47618735
SYQ_zv8dWng$_$6,0.0021140538,0.377605,0.18243319,0.43996182
SYQ_zv8dWng$_$9,0.17837918,0.45934197,0.04494932,0.49570873
SYQ_zv8dWng$_$8,0.28368777,0.6627898,0.0994945,0.23771562
SZ7HK5ns6mE$_$11,0.9603956,0.7316487,0.062822476,0.20552886
SZ7HK5ns6mE$_$1,0.7785446,0.51009834,0.11333142,0.37657022
SZ7HK5ns6mE$_$0,0.9015299,0.6680556,0.030433722,0.30151066
SZ7HK5ns6mE$_$3,0.668132,0.7544196,0.04933119,0.19624916
SZ7HK5ns6mE$_$5,-0.024194632,0.60433424,0.0985389,0.29712683
SZ7HK5ns6mE$_$4,-0.060727794,0.50871503,0.108106114,0.38317886
SZ7HK5ns6mE$_$7,0.003607627,0.7069696,0.06809337,0.22493699
SZ7HK5ns6mE$_$8,-1.3453498,0.75969744,0.06380541,0.17649716
Sb6ftNgzz9M$_$3,0.77467835,0.6694456,0.059034277,0.2715201
Sb6ftNgzz9M$_$2,0.41812313,0.5055866,0.115654536,0.37875885
Sb6ftNgzz9M$_$7,0.701648,0.7563962,0.019868238,0.22373565
Sb6ftNgzz9M$_$6,0.23623142,0.60405535,0.07743953,0.31850514
Sq6DIhFxPqQ$_$1,0.51063734,0.5850457,0.10241894,0.31253535
Sq6DIhFxPqQ$_$0,1.1532259,0.5927763,0.11992504,0.28729868
Sq6DIhFxPqQ$_$2,0.4093818,0.6691405,0.080394424,0.25046504
Sq6DIhFxPqQ$_$4,-0.55674756,0.3776773,0.16457331,0.45774943
SqAiJrvHXNA$_$11,1.0012628,0.41367212,0.077369414,0.50895846
SqAiJrvHXNA$_$10,-0.1642423,0.5191509,0.13636048,0.34448865
SqAiJrvHXNA$_$1,0.456794,0.7162743,0.07043388,0.2132918
SqAiJrvHXNA$_$0,0.45290416,0.7144857,0.061715048,0.22379923
SqAiJrvHXNA$_$3,-0.2686094,0.5322632,0.062188778,0.40554804
SqAiJrvHXNA$_$2,1.1961284,0.75051767,0.05809196,0.19139037
SqAiJrvHXNA$_$5,-0.49153262,0.6281799,0.08315964,0.2886604
SqAiJrvHXNA$_$4,0.4013376,0.36319274,0.13525823,0.50154907
SqAiJrvHXNA$_$7,0.18560451,0.48675698,0.07141838,0.4418246
SqAiJrvHXNA$_$6,1.3344661,0.7389696,0.041267633,0.21976276
SqAiJrvHXNA$_$9,1.2840902,0.556809,0.12508678,0.3181043
SqAiJrvHXNA$_$8,0.09105793,0.74428546,0.022071712,0.23364286
SqofxdeEcjg$_$1,-0.2360952,0.5194877,0.11000129,0.37051103
SqofxdeEcjg$_$9,0.5929268,0.4931463,0.15637237,0.35048127
SqofxdeEcjg$_$2,0.6277988,0.8559212,0.040788304,0.10329048
SqofxdeEcjg$_$5,0.48377064,0.40467465,0.17972668,0.41559866
SqofxdeEcjg$_$4,0.6379698,0.55779994,0.05975413,0.3824459
SwT0gh0V8fI$_$11,-0.19426861,0.5461547,0.081333645,0.3725117
SwT0gh0V8fI$_$10,-0.32839194,0.59621096,0.08370307,0.32008594
SwT0gh0V8fI$_$13,0.738576,0.62233007,0.0808582,0.29681173
SwT0gh0V8fI$_$20,0.58136845,0.8178522,0.058712155,0.12343568
SwT0gh0V8fI$_$21,1.0210452,0.586513,0.0785772,0.33490986
SwT0gh0V8fI$_$17,-0.75461346,0.66581124,0.03718433,0.2970044
SwT0gh0V8fI$_$16,-0.27192885,0.50021553,0.025105905,0.47467855
SwT0gh0V8fI$_$19,1.0251379,0.66604143,0.07129174,0.26266685
SwT0gh0V8fI$_$18,0.40246978,0.6656564,0.026506403,0.30783722
SwT0gh0V8fI$_$23,-1.2992319,0.6488028,0.056735408,0.2944618
SwT0gh0V8fI$_$1,0.10964228,0.6932378,0.06745276,0.23930949
SwT0gh0V8fI$_$2,1.0432066,0.6310776,0.10093503,0.26798746
SwT0gh0V8fI$_$5,-1.2663925,0.6787188,0.082283124,0.23899812
SwT0gh0V8fI$_$15,0.65889955,0.58558583,0.11164799,0.3027662
TLPlduck5II$_$1,0.103120625,0.64229476,0.035353847,0.3223514
TLPlduck5II$_$0,-0.26621073,0.6770894,0.05649224,0.26641837
TLPlduck5II$_$3,0.3070255,0.3298335,0.08697942,0.5831871
TLPlduck5II$_$5,0.1632004,0.46625215,0.11820022,0.41554758
TLPlduck5II$_$4,0.76609594,0.78165483,0.02638526,0.19195989
TLPlduck5II$_$6,2.0286117,0.6679821,0.04904713,0.28297082
TXiOSZdaLJ8$_$3,0.47826734,0.70514536,0.08550307,0.20935152
TXiOSZdaLJ8$_$2,1.5358281,0.7225053,0.024619672,0.25287506
TXiOSZdaLJ8$_$4,0.6527207,0.76494217,0.07743788,0.15761998
TcTGCIh6e5s$_$1,-0.13659723,0.4840566,0.15577611,0.3601673
TcTGCIh6e5s$_$0,0.77296,0.70365167,0.09383711,0.20251128
TcTGCIh6e5s$_$3,-0.030200843,0.57973856,0.14109023,0.27917126
TcTGCIh6e5s$_$5,0.465434,0.6338911,0.14174786,0.22436103
TcTGCIh6e5s$_$4,-0.20871021,0.5113183,0.17613651,0.31254512
TcTGCIh6e5s$_$7,0.07755302,0.45345014,0.15312602,0.39342383
TcTGCIh6e5s$_$6,-0.056133788,0.36782187,0.14466658,0.48751155
TqQgIxR7thU$_$0,0.26231235,0.50645053,0.12805897,0.36549053
TsfyeZ8hgwE$_$1,0.6742933,0.52951145,0.09599544,0.37449315
TsfyeZ8hgwE$_$3,1.3038188,0.52592003,0.021064248,0.45301569
TsfyeZ8hgwE$_$2,1.1325692,0.67486405,0.03894154,0.28619444
TtAyUQtmTLk$_$3,0.036878083,0.38168785,0.18467498,0.43363714
TtAyUQtmTLk$_$2,0.022826642,0.6424675,0.07163744,0.2858951
TtAyUQtmTLk$_$4,0.18487658,0.61880815,0.12073506,0.2604568
TtAyUQtmTLk$_$7,1.8869032,0.86954886,0.05281736,0.07763384
TtAyUQtmTLk$_$6,-0.013276223,0.606107,0.14853841,0.24535458
TxRtSItpGMo$_$0,1.2554665,0.7034899,0.095896795,0.20061325
TxRtSItpGMo$_$2,1.3298086,0.6026395,0.12911487,0.26824564
TxRtSItpGMo$_$4,1.2875354,0.70068985,0.07778982,0.22152033
TxRtSItpGMo$_$7,2.1446424,0.742411,0.07781985,0.17976911
TxRtSItpGMo$_$6,1.3139278,0.66220003,0.10489813,0.23290183
U-KihZeIfKI$_$24,0.13382974,0.47693786,0.178102,0.34496015
U-KihZeIfKI$_$25,1.3720363,0.55970144,0.1730076,0.26729095
U-KihZeIfKI$_$20,0.5986632,0.74469095,0.08100734,0.17430171
U-KihZeIfKI$_$21,0.544545,0.58002424,0.17767985,0.24229592
U-KihZeIfKI$_$22,0.34747273,0.7471611,0.110087164,0.14275174
U-KihZeIfKI$_$23,-0.10062212,0.5639447,0.09619241,0.3398629
U-KihZeIfKI$_$1,-0.34911376,0.42946437,0.16292965,0.40760595
U-KihZeIfKI$_$0,0.78343207,0.5069659,0.11539455,0.37763956
U-KihZeIfKI$_$2,-0.026811767,0.94296247,0.025374722,0.03166284
U-KihZeIfKI$_$5,-0.8773082,0.57319695,0.10830918,0.31849387
U-KihZeIfKI$_$7,1.2540709,0.8634077,0.033583634,0.103008814
U-KihZeIfKI$_$6,-1.5270357,0.7283366,0.08609146,0.18557195
U-KihZeIfKI$_$9,0.6034279,0.54643226,0.12535395,0.3282138
U-KihZeIfKI$_$8,0.14566435,0.5467927,0.14168765,0.31151962
U-KihZeIfKI$_$11,0.43301028,0.62610215,0.09025095,0.28364694
U-KihZeIfKI$_$10,1.4908434,0.6795359,0.13183974,0.18862432
U-KihZeIfKI$_$13,0.12344919,0.83743024,0.056752052,0.10581772
U-KihZeIfKI$_$12,-1.3688785,0.7091163,0.07171588,0.21916783
U-KihZeIfKI$_$15,-0.27820045,0.8751311,0.022232903,0.10263607
U-KihZeIfKI$_$14,-1.1137635,0.8597183,0.06621588,0.074065775
U-KihZeIfKI$_$17,-0.19131234,0.56333596,0.11039283,0.32627124
U-KihZeIfKI$_$16,1.1655904,0.7065062,0.11887502,0.17461875
U-KihZeIfKI$_$19,2.411433,0.86681926,0.02280868,0.11037204
U-KihZeIfKI$_$18,1.750086,0.85961235,0.019700835,0.12068688
U6IqFbpM-VM$_$0,1.0028572,0.7761619,0.07055203,0.15328602
U6IqFbpM-VM$_$2,0.2510541,0.46766782,0.16446933,0.3678629
U8VYG_g6yVE$_$10,0.684861,0.46038213,0.2902566,0.2493613
U8VYG_g6yVE$_$3,0.69941366,0.7280524,0.04566389,0.22628367
U8VYG_g6yVE$_$5,0.7974183,0.7413733,0.038215518,0.22041118
U8VYG_g6yVE$_$9,1.7036601,0.8278548,0.059904512,0.11224068
UNLD7eYPzfQ$_$10,0.23794949,0.46977335,0.0269746,0.503252
UNLD7eYPzfQ$_$7,-0.8785807,0.55030864,0.10426187,0.34542948
USkMa4Evv7U$_$2,-0.2709695,0.6586282,0.10024038,0.24113135
USkMa4Evv7U$_$7,0.817333,0.62605774,0.086113036,0.28782916
USkMa4Evv7U$_$6,0.45588475,0.57455206,0.11716285,0.30828506
UTErYLpdAY0$_$1,0.65391207,0.66802675,0.041717082,0.29025617
UcV-bpksJi0$_$3,-0.12817535,0.46922147,0.16620047,0.364578
UcV-bpksJi0$_$5,-0.2954906,0.39807087,0.12815721,0.47377196
UcV-bpksJi0$_$4,0.4735433,0.4459283,0.1597462,0.39432546
UiurP5k-f1A$_$1,1.018789,0.76972973,0.0728317,0.15743853
UiurP5k-f1A$_$2,1.5400766,0.7756997,0.067481376,0.15681899
UiurP5k-f1A$_$4,0.8461693,0.6298514,0.13699763,0.23315097
UjqA6KVW2m8$_$11,0.4074416,0.7320902,0.11042168,0.15748808
UjqA6KVW2m8$_$10,-0.26918575,0.7987126,0.092267945,0.109019406
UjqA6KVW2m8$_$0,-0.24169546,0.587171,0.14442101,0.26840794
UjqA6KVW2m8$_$3,-0.43378806,0.5881107,0.13421708,0.27767226
UjqA6KVW2m8$_$2,-0.845615,0.5962153,0.12819216,0.27559257
UjqA6KVW2m8$_$5,0.97949374,0.7587392,0.08524669,0.15601411
UjqA6KVW2m8$_$4,0.7225626,0.5786249,0.12046492,0.30091012
UjqA6KVW2m8$_$7,-0.22250776,0.62373173,0.11764525,0.25862306
UjqA6KVW2m8$_$9,1.5437561,0.50338125,0.17741564,0.31920314
UjqA6KVW2m8$_$8,1.165044,0.66598225,0.08997105,0.2440467
Uu_XyXyKHAk$_$10,-1.1285754,0.4553854,0.12507538,0.4195392
UweZVaFqruU$_$1,0.3466301,0.5011939,0.14622517,0.3525809
UweZVaFqruU$_$3,-0.18721071,0.326878,0.028415516,0.6447065
UweZVaFqruU$_$2,0.3915268,0.44473407,0.14555296,0.4097129
UweZVaFqruU$_$5,0.45211387,0.4196364,0.03064377,0.5497198
UweZVaFqruU$_$4,0.20334505,0.48283428,0.027637592,0.48952818
UweZVaFqruU$_$7,0.9824581,0.62408346,0.06175206,0.31416446
UweZVaFqruU$_$6,0.06130777,0.37272188,0.13052478,0.49675333
UweZVaFqruU$_$9,0.6208022,0.34559476,0.058351293,0.59605396
UweZVaFqruU$_$8,0.8694035,0.5194649,0.039189193,0.44134587
V0SvSPkiJUY$_$10,-0.0034883246,0.63392156,0.016021537,0.35005695
V0SvSPkiJUY$_$12,-0.38044727,0.4636096,0.10151371,0.43487665
V0SvSPkiJUY$_$1,-0.2876713,0.57645863,0.103301406,0.32023996
V0SvSPkiJUY$_$0,-0.46454495,0.72714055,0.08610722,0.18675224
V0SvSPkiJUY$_$3,-0.18683815,0.59508955,0.09664634,0.30826414
V0SvSPkiJUY$_$2,-0.6122938,0.62865305,0.09348913,0.27785784
V0SvSPkiJUY$_$5,0.18681985,0.7041227,0.06704457,0.22883268
V0SvSPkiJUY$_$4,-1.268334,0.6646415,0.09622792,0.2391306
V0SvSPkiJUY$_$9,-0.27679154,0.6749598,0.05842613,0.26661408
V27mmEkN80g$_$0,0.1496266,0.33659676,0.15736228,0.50604093
V2X1NU5RkwY$_$1,0.28347734,0.55417895,0.09156087,0.35426018
V2X1NU5RkwY$_$0,0.07321139,0.5362801,0.097210556,0.3665094
V2X1NU5RkwY$_$3,-0.14037871,0.48616636,0.15001577,0.36381778
V2X1NU5RkwY$_$2,0.29518005,0.49382156,0.10062186,0.40555662
V2X1NU5RkwY$_$5,0.5051192,0.64959973,0.107895985,0.2425043
V2X1NU5RkwY$_$7,0.29755452,0.5853941,0.105889045,0.30871683
V2X1NU5RkwY$_$6,0.014768373,0.40470055,0.14797103,0.44732845
V7OFSHYcQD0$_$8,-0.25093198,0.49475285,0.11501542,0.39023176
VDkBM0ZG4q8$_$10,0.14530672,0.52923477,0.13292281,0.3378424
VDkBM0ZG4q8$_$1,0.34191483,0.60856235,0.12442999,0.26700765
VDkBM0ZG4q8$_$0,-0.16826844,0.38007352,0.1426387,0.4772878
VDkBM0ZG4q8$_$3,0.8282404,0.62422734,0.10324676,0.2725259
VDkBM0ZG4q8$_$2,-0.12679785,0.69767255,0.09401473,0.20831278
VDkBM0ZG4q8$_$5,0.5485387,0.6601094,0.103145674,0.23674491
VDkBM0ZG4q8$_$4,-0.17017472,0.571925,0.12559418,0.30248088
VDkBM0ZG4q8$_$7,0.9971324,0.540289,0.15907818,0.30063283
VDkBM0ZG4q8$_$6,0.26958904,0.5238083,0.14912304,0.3270686
VIVkYG31Oas$_$0,0.034170147,0.49779156,0.1275326,0.37467587
VLQgw-88v4Q$_$11,1.314754,0.6716878,0.021094553,0.30721766
VLQgw-88v4Q$_$10,0.8421736,0.6305466,0.15562956,0.21382381
VLQgw-88v4Q$_$0,0.89212215,0.5413228,0.039469045,0.4192081
VLQgw-88v4Q$_$3,1.0077726,0.7010629,0.09829383,0.20064333
VLQgw-88v4Q$_$2,1.1231991,0.7469072,0.06782819,0.18526457
VLQgw-88v4Q$_$7,1.6154385,0.6198635,0.04284546,0.337291
VLQgw-88v4Q$_$6,1.0798281,0.66098124,0.12908018,0.2099386
VLQgw-88v4Q$_$9,0.34430748,0.6796818,0.112239935,0.20807827
VLQgw-88v4Q$_$8,1.2293383,0.7971999,0.016708022,0.18609205
VS7xSvno7NA$_$11,0.83941746,0.64973474,0.107650355,0.24261497
VS7xSvno7NA$_$13,0.16440229,0.37284458,0.23076783,0.39638755
VS7xSvno7NA$_$12,0.7753531,0.52683014,0.12262305,0.3505468
VS7xSvno7NA$_$1,-0.45145357,0.5313444,0.051973667,0.41668198
VS7xSvno7NA$_$5,-0.5816097,0.5409709,0.12564524,0.33338377
VS7xSvno7NA$_$7,-0.07974559,0.69269246,0.027189232,0.28011835
VS7xSvno7NA$_$6,0.4242195,0.50510603,0.11763764,0.37725633
VS7xSvno7NA$_$9,0.4147213,0.6573693,0.094847076,0.24778362
VVtx4IDsHZA$_$2,-0.47260177,0.5591984,0.09496617,0.34583545
VXy21GwGs8o$_$0,0.43089247,0.6668221,0.10487908,0.2282988
VXy21GwGs8o$_$2,0.83244056,0.43362257,0.13608792,0.4302895
Vdf1McvE9ao$_$11,0.25188163,0.56336117,0.13621521,0.3004236
Vdf1McvE9ao$_$10,-0.24995852,0.4556471,0.18124552,0.36310735
Vdf1McvE9ao$_$15,0.05977468,0.70854115,0.10978263,0.1816762
Vdf1McvE9ao$_$14,-0.14597473,0.5776579,0.12683743,0.29550475
Vdf1McvE9ao$_$17,0.21457109,0.54207987,0.112889424,0.3450307
Vdf1McvE9ao$_$16,-0.35571676,0.57518727,0.1260054,0.2988073
Vdf1McvE9ao$_$19,-0.5636714,0.48608127,0.17482598,0.3390927
Vdf1McvE9ao$_$18,-0.85028994,0.58380085,0.12439354,0.29180565
Vdf1McvE9ao$_$0,0.6421239,0.430338,0.23548067,0.3341813
Vdf1McvE9ao$_$2,0.50743747,0.36952937,0.15219773,0.47827289
Vdf1McvE9ao$_$5,1.0604054,0.69316864,0.08485781,0.22197357
Vdf1McvE9ao$_$7,0.51019746,0.49594277,0.14506574,0.35899153
Vdf1McvE9ao$_$9,-0.48280817,0.6191976,0.11809094,0.26271147
Vlas-mPydcg$_$11,1.4467641,0.7521143,0.07548092,0.17240478
Vlas-mPydcg$_$17,0.69982064,0.7509985,0.028348178,0.22065338
Vlas-mPydcg$_$19,-0.39492878,0.70905644,0.08738986,0.20355368
Vlas-mPydcg$_$3,0.9871457,0.5823832,0.10648395,0.31113276
Vlas-mPydcg$_$5,-0.27061278,0.6237954,0.057468176,0.3187365
Vlas-mPydcg$_$4,1.44898,0.7570897,0.06908698,0.1738233
VsXGwSZazwA$_$10,-0.20265283,0.6110313,0.1385051,0.2504636
VsXGwSZazwA$_$1,-0.057654116,0.5032455,0.14678016,0.3499744
VsXGwSZazwA$_$0,0.06213486,0.43458167,0.15575676,0.40966162
VsXGwSZazwA$_$2,-0.41884863,0.51379406,0.09203624,0.39416975
VsXGwSZazwA$_$4,-0.18079557,0.62791437,0.11228128,0.2598044
VsXGwSZazwA$_$7,-0.15389456,0.4405049,0.1540116,0.4054835
VsXGwSZazwA$_$6,-0.10941988,0.6315424,0.11418264,0.25427493
VsXGwSZazwA$_$8,0.40798128,0.5234648,0.16551882,0.31101638
VwGPIUNayKM$_$1,-0.036707256,0.4402725,0.17772517,0.38200232
VwGPIUNayKM$_$0,-0.16182029,0.18476908,0.6442727,0.17095828
VwGPIUNayKM$_$3,0.42716846,0.4837986,0.16831042,0.347891
VwGPIUNayKM$_$2,0.37877935,0.3831093,0.1628264,0.45406428
VwGPIUNayKM$_$5,0.243777,0.48960578,0.109254755,0.4011395
VwGPIUNayKM$_$4,0.088214695,0.33642444,0.1498386,0.513737
VwGPIUNayKM$_$7,0.46730894,0.7835318,0.06910512,0.14736305
VwGPIUNayKM$_$6,0.54724085,0.32988992,0.14792119,0.52218884
VwGPIUNayKM$_$8,0.51801574,0.65707535,0.13728693,0.20563777
W1CWpktWtTs$_$10,2.2492905,0.6900403,0.080885656,0.22907408
W1CWpktWtTs$_$1,0.97331524,0.631271,0.032264896,0.33646414
W1CWpktWtTs$_$0,-0.16962427,0.58180714,0.0684435,0.3497493
W1CWpktWtTs$_$3,0.19439146,0.51919913,0.070153035,0.4106478
W1CWpktWtTs$_$2,-0.2986418,0.39163893,0.09877214,0.5095889
W1CWpktWtTs$_$5,1.0048883,0.5124225,0.0800233,0.40755424
W1CWpktWtTs$_$4,1.4227564,0.55163145,0.08054183,0.36782673
W1CWpktWtTs$_$7,0.43372577,0.7885032,0.057198346,0.15429841
W1CWpktWtTs$_$9,0.311334,0.6967543,0.08298537,0.22026041
W1CWpktWtTs$_$8,-0.20606661,0.53840774,0.095142685,0.36644953
WBA79Q3e_PU$_$0,0.711133,0.70866054,0.022973748,0.26836568
WJM8u2I2rQ4$_$13,0.03440043,0.42551854,0.1969012,0.37758029
WJM8u2I2rQ4$_$5,-0.035891738,0.51509345,0.1058513,0.37905523
WJM8u2I2rQ4$_$3,-0.19928735,0.25171208,0.18782298,0.5604649
WQFRctNL8AA$_$0,-0.64070606,0.6834774,0.08012909,0.23639353
WQFRctNL8AA$_$2,-0.29377204,0.4453889,0.18451405,0.37009698
WbtsuXkaGeg$_$1,0.13827802,0.3256748,0.030989975,0.6433352
WbtsuXkaGeg$_$12,0.3454608,0.43805653,0.08106341,0.48088005
WfNiQBXmPw8$_$1,0.39275753,0.44362193,0.15611073,0.40026736
WfNiQBXmPw8$_$0,-0.35128373,0.44826913,0.14918105,0.4025498
WfNiQBXmPw8$_$3,-0.4990853,0.42953148,0.100015216,0.47045332
WfNiQBXmPw8$_$2,0.4008081,0.5256681,0.088004924,0.386327
WfNiQBXmPw8$_$5,-0.5866853,0.6180206,0.078029364,0.30395004
WfNiQBXmPw8$_$4,-0.51809925,0.5588523,0.09392283,0.3472249
WfNiQBXmPw8$_$7,-0.6396054,0.5774492,0.08813936,0.3344114
WfNiQBXmPw8$_$6,0.585053,0.62358356,0.10831242,0.268104
WfNiQBXmPw8$_$9,0.22052222,0.49823186,0.029287493,0.47248068
WfNiQBXmPw8$_$8,0.15508528,0.5724886,0.08498503,0.34252638
WgI8IbJtXHw$_$0,1.4617426,0.7308897,0.11559266,0.15351771
WgI8IbJtXHw$_$3,0.61297286,0.69945765,0.07324666,0.22729574
Wmhif6hmPTQ$_$3,0.0038171373,0.4813703,0.10384094,0.41478878
Wmhif6hmPTQ$_$13,0.03201778,0.44697076,0.02098271,0.53204656
Wmhif6hmPTQ$_$16,0.17683704,0.2963249,0.10628422,0.5973909
WoL4fCxGd8Q$_$11,-0.32038477,0.61178863,0.11612701,0.2720844
WoL4fCxGd8Q$_$10,-0.024788152,0.81690985,0.047796022,0.13529411
WoL4fCxGd8Q$_$13,1.1576673,0.80166155,0.031884182,0.16645424
WoL4fCxGd8Q$_$12,-0.30012405,0.71877074,0.024752803,0.2564765
WoL4fCxGd8Q$_$15,-0.26698515,0.90247685,0.039174758,0.058348443
WoL4fCxGd8Q$_$14,0.040484082,0.6739797,0.025395459,0.3006248
WoL4fCxGd8Q$_$17,0.6757738,0.6277183,0.10846421,0.2638175
WoL4fCxGd8Q$_$1,0.5947391,0.58533865,0.12753053,0.28713083
WoL4fCxGd8Q$_$0,0.926795,0.76122063,0.0595327,0.17924663
WoL4fCxGd8Q$_$2,1.0786269,0.62588245,0.09584269,0.2782749
WoL4fCxGd8Q$_$5,-0.43797755,0.6446498,0.042650484,0.31269976
WoL4fCxGd8Q$_$7,-1.1609912,0.73946106,0.08109445,0.17944449
WoL4fCxGd8Q$_$8,1.656597,0.856716,0.040965714,0.102318354
Wu-wQTmxRgo$_$2,0.4823,0.7598607,0.0368686,0.20327069
Wu-wQTmxRgo$_$4,0.085133135,0.47209114,0.09101053,0.43689832
WuaoxGAKue0$_$7,-0.42273444,0.54049265,0.1146129,0.34489444
X2Hs89fZ2-c$_$13,-0.051904995,0.50750834,0.13156791,0.3609237
X2Hs89fZ2-c$_$27,0.35964745,0.5793434,0.08775528,0.33290136
X2Hs89fZ2-c$_$20,0.23515801,0.4005113,0.16117197,0.43831676
X2Hs89fZ2-c$_$21,1.3671136,0.77540666,0.04568893,0.1789044
X2Hs89fZ2-c$_$22,0.25746948,0.5215485,0.07887325,0.3995782
X2Hs89fZ2-c$_$16,0.75379795,0.46382278,0.08262093,0.4535563
X2Hs89fZ2-c$_$19,1.036852,0.4070789,0.034378007,0.5585431
X2Hs89fZ2-c$_$32,0.2893772,0.36621508,0.15261586,0.48116904
X2Hs89fZ2-c$_$31,0.3492306,0.44454724,0.11881802,0.43663475
X2Hs89fZ2-c$_$30,1.2453066,0.40602612,0.09986791,0.4941059
X2Hs89fZ2-c$_$28,0.65087163,0.6630996,0.04664507,0.2902554
X2Hs89fZ2-c$_$1,0.3602574,0.48273975,0.15470122,0.362559
X2Hs89fZ2-c$_$0,0.46773165,0.44761467,0.087892495,0.4644929
X2Hs89fZ2-c$_$3,-0.043957,0.30118287,0.14790426,0.55091286
X2Hs89fZ2-c$_$2,0.1873812,0.6216161,0.12615016,0.2522337
X2Hs89fZ2-c$_$5,0.45580718,0.51755834,0.026344571,0.45609713
X2Hs89fZ2-c$_$4,0.67398405,0.60960126,0.07390801,0.3164907
X2Hs89fZ2-c$_$7,0.3503251,0.5324291,0.10215762,0.36541334
X2Hs89fZ2-c$_$6,0.7512228,0.6227495,0.08079285,0.29645765
X2Hs89fZ2-c$_$9,0.37075984,0.48000222,0.15250234,0.36749542
X2Hs89fZ2-c$_$14,0.43735352,0.5767411,0.12422986,0.299029
X6N7UEFJLNY$_$0,0.51780427,0.40290388,0.08472162,0.5123745
X6N7UEFJLNY$_$3,0.5281464,0.41215846,0.16248517,0.4253564
X6N7UEFJLNY$_$2,0.2843253,0.5731775,0.10590113,0.3209213
X6N7UEFJLNY$_$5,1.7259542,0.64499146,0.04701212,0.30799642
X6N7UEFJLNY$_$4,0.94607216,0.46812814,0.17614594,0.35572588
XDVit9ASVUg$_$3,0.17584053,0.40006295,0.12666057,0.4732765
XDVit9ASVUg$_$2,0.12012729,0.373812,0.14151628,0.4846717
XKyumlBmix8$_$0,0.4516135,0.6300781,0.09115484,0.2787671
XKyumlBmix8$_$2,-0.70367014,0.46818343,0.13581756,0.395999
XKyumlBmix8$_$5,0.23319843,0.70044845,0.08530044,0.21425106
XKyumlBmix8$_$4,0.046412464,0.5313841,0.12666452,0.34195137
XKyumlBmix8$_$9,-0.21215469,0.378972,0.17136778,0.4496602
XKyumlBmix8$_$8,-0.30899107,0.57673615,0.06955384,0.35371006
XLjpZUsFEXo$_$11,0.35263696,0.5449766,0.1159668,0.33905658
XLjpZUsFEXo$_$10,-0.1310041,0.42333117,0.056018665,0.5206502
XLjpZUsFEXo$_$12,0.5227694,0.5252184,0.06960375,0.4051778
XLjpZUsFEXo$_$5,0.83043975,0.56953955,0.046687987,0.38377246
XLjpZUsFEXo$_$7,0.3366729,0.5886545,0.03893385,0.3724117
XVWiAArXYpE$_$11,-0.4794885,0.5357929,0.09041945,0.37378767
XVWiAArXYpE$_$13,-0.13915552,0.4509545,0.11592138,0.43312413
XVWiAArXYpE$_$12,-0.08186245,0.5293377,0.095512435,0.37514988
XVWiAArXYpE$_$0,-0.2836676,0.6612478,0.08456054,0.25419167
XVWiAArXYpE$_$3,-0.047790352,0.66437316,0.07007495,0.2655519
XVWiAArXYpE$_$2,-1.0895063,0.41836798,0.0956828,0.48594922
XVWiAArXYpE$_$5,-0.05422828,0.5391014,0.07296367,0.38793495
XVWiAArXYpE$_$4,-0.8736816,0.47796616,0.101384915,0.4206489
XVWiAArXYpE$_$6,-1.2794768,0.7413251,0.047855146,0.21081977
XVWiAArXYpE$_$9,-0.7150978,0.637277,0.084658675,0.27806428
XWIp0zH3qDM$_$1,0.28626817,0.5559239,0.10996302,0.33411312
X_TusmBIlC0$_$9,0.35701847,0.50265235,0.15228583,0.34506178
X_TusmBIlC0$_$5,0.49262655,0.36928427,0.238344,0.3923717
Xa086gxLJ3Y$_$12,0.050109867,0.4245387,0.18839544,0.3870659
Xa086gxLJ3Y$_$2,0.23593625,0.5074976,0.21187417,0.2806282
Xa086gxLJ3Y$_$4,-0.12557006,0.39461273,0.2726076,0.3327797
XadAy93f1P8$_$0,0.34404534,0.5168542,0.12976722,0.35337853
XbkYA-iXUwA$_$1,0.29352057,0.65386975,0.11705031,0.22907995
XbkYA-iXUwA$_$0,-0.04230899,0.623225,0.1183647,0.25841036
XbkYA-iXUwA$_$2,0.45161062,0.51539576,0.17860411,0.30600008
XbkYA-iXUwA$_$5,0.20578828,0.6349951,0.1174962,0.24750872
XbkYA-iXUwA$_$4,-1.488278,0.81551766,0.03363032,0.15085202
XlTYSOaZ_vM$_$1,0.5063553,0.4488788,0.09191467,0.45920655
XlTYSOaZ_vM$_$0,1.1024295,0.64363253,0.059556484,0.29681104
XrNaL-MTjXg$_$3,0.063290656,0.8583811,0.063465096,0.078153916
XrNaL-MTjXg$_$2,0.18211417,0.74442196,0.06947175,0.18610623
XrNaL-MTjXg$_$4,1.0378231,0.5256775,0.16388935,0.3104332
XrNaL-MTjXg$_$7,-0.49470747,0.46135643,0.13036923,0.4082743
XrNaL-MTjXg$_$6,1.6841594,0.8870205,0.013096554,0.09988292
Xy57UpKRNEo$_$0,0.31511182,0.42031157,0.19649337,0.3831951
Xy57UpKRNEo$_$2,0.08356851,0.5215929,0.15677673,0.32163033
Xy57UpKRNEo$_$5,0.66253394,0.4657961,0.15227315,0.38193077
Xy57UpKRNEo$_$4,0.08328925,0.46348614,0.16195115,0.37456265
Xy57UpKRNEo$_$7,-0.43949866,0.69682765,0.080037706,0.22313468
Xy57UpKRNEo$_$6,0.0717611,0.47553107,0.13684878,0.3876201
Y2F51I-dzAg$_$1,0.35326266,0.56853557,0.13104446,0.30042002
Y2F51I-dzAg$_$0,-0.66984916,0.62741035,0.088518515,0.28407112
Y2F51I-dzAg$_$3,-0.18968143,0.55737704,0.15052599,0.2920969
Y2F51I-dzAg$_$5,-0.18674682,0.50868547,0.08278084,0.40853366
Y2F51I-dzAg$_$4,0.28905433,0.8008852,0.05422586,0.14488891
Y2F51I-dzAg$_$6,0.48723376,0.59198654,0.119505756,0.28850764
Y8dI1GTWCk4$_$10,0.02290811,0.57218295,0.07865754,0.3491596
Y8dI1GTWCk4$_$1,-0.512092,0.7773613,0.09098628,0.13165241
Y8dI1GTWCk4$_$2,-0.49924183,0.47335857,0.120687716,0.40595374
Y8dI1GTWCk4$_$5,0.24812353,0.56399703,0.08672137,0.34928152
Y8dI1GTWCk4$_$4,-0.21364558,0.68288106,0.08670792,0.23041105
Y8dI1GTWCk4$_$7,0.23218119,0.5603826,0.10192614,0.33769128
Y8dI1GTWCk4$_$6,0.64990646,0.50989413,0.1113777,0.37872812
Y8dI1GTWCk4$_$8,0.105625525,0.4242863,0.16337183,0.4123419
YCEllKyaCrc$_$11,-0.9902617,0.41955763,0.14717995,0.43326244
YCEllKyaCrc$_$10,0.20438771,0.8394842,0.041408777,0.11910709
YCEllKyaCrc$_$6,0.4565391,0.54355186,0.11639881,0.34004927
YCI-ZzclIPQ$_$2,0.10619205,0.44037,0.21832043,0.34130964
YLK58srjhNI$_$1,-0.2681774,0.53433126,0.15844445,0.3072243
YLK58srjhNI$_$8,-0.048753668,0.5076801,0.110991925,0.381328
YLK58srjhNI$_$3,2.013647,0.7287759,0.014889939,0.25633416
YLK58srjhNI$_$2,0.7444685,0.4353957,0.116722256,0.44788212
YLK58srjhNI$_$4,1.5443897,0.6914592,0.09929541,0.2092454
YQZPnHZRp1w$_$1,0.17454438,0.3012789,0.12150678,0.5772143
YUNxD04EvfE$_$11,0.052137855,0.45178965,0.147119,0.40109134
YUNxD04EvfE$_$10,0.21400163,0.35872993,0.14814748,0.49312264
YUNxD04EvfE$_$15,0.2887204,0.5961109,0.03360047,0.3702887
YUNxD04EvfE$_$14,-0.06428325,0.3637155,0.15636517,0.47991934
YUNxD04EvfE$_$1,-0.1346852,0.62450767,0.07634058,0.29915172
YUNxD04EvfE$_$0,0.9676046,0.736356,0.038631435,0.2250126
YUNxD04EvfE$_$2,0.35199928,0.47741097,0.11233686,0.41025218
YUNxD04EvfE$_$4,-0.09195191,0.565672,0.10861551,0.3257125
YUNxD04EvfE$_$6,-0.031568754,0.397533,0.13004678,0.47242022
YUNxD04EvfE$_$9,0.107843086,0.39129376,0.14784543,0.46086088
YgyeyooSz0g$_$4,0.31987,0.6049871,0.089873485,0.30513945
YsMM_1R1vtw$_$10,-0.6814803,0.48231447,0.18501134,0.33267418
YsMM_1R1vtw$_$2,0.5839324,0.60519665,0.13903098,0.2557724
YsMM_1R1vtw$_$0,0.43451735,0.48664346,0.12530401,0.38805255
YsMM_1R1vtw$_$4,0.89067996,0.67969376,0.07985557,0.24045062
YsMM_1R1vtw$_$6,0.33568057,0.39808708,0.19267632,0.4092366
Z4iYSMMMycQ$_$0,-0.3199588,0.5540224,0.16397622,0.28200138
Z4iYSMMMycQ$_$4,0.41649356,0.54002064,0.078539014,0.38144043
ZHUFlEgKk-w$_$1,0.14529811,0.36767915,0.124600254,0.50772065
ZHUFlEgKk-w$_$0,-0.41101432,0.49111348,0.106468216,0.40241832
ZHUFlEgKk-w$_$3,1.602666,0.71400064,0.094843045,0.19115633
ZHUFlEgKk-w$_$4,1.0837934,0.5189468,0.16254947,0.31850374
ZKErPftd--w$_$11,1.1169484,0.553675,0.12321201,0.323113
ZKErPftd--w$_$10,0.6496674,0.38061267,0.032348685,0.5870387
ZKErPftd--w$_$1,-0.17323951,0.72652745,0.05834813,0.21512449
ZKErPftd--w$_$0,-1.0950639,0.70780665,0.047235012,0.24495839
ZKErPftd--w$_$3,-1.4318244,0.5664135,0.2036873,0.22989912
ZKErPftd--w$_$5,0.30583584,0.66822743,0.061522435,0.27025017
ZKErPftd--w$_$4,-0.18388878,0.69281286,0.14542463,0.16176248
ZKErPftd--w$_$7,-0.027815286,0.5995994,0.0922058,0.30819482
ZKErPftd--w$_$6,2.1547084,0.84852695,0.07347816,0.0779949
ZKErPftd--w$_$9,0.43313175,0.52879,0.112626866,0.35858312
ZKKNd0zR8Io$_$5,-1.0143843,0.5532672,0.108590946,0.33814192
ZKZ8UjaQQT4$_$8,0.55092174,0.6553131,0.114186905,0.23049997
ZKZ8UjaQQT4$_$7,0.5033552,0.62066406,0.05192904,0.32740688
ZS1Nb0OWYNE$_$11,1.5855807,0.7341423,0.1107333,0.15512434
ZS1Nb0OWYNE$_$10,1.3996093,0.6547031,0.16240208,0.18289487
ZS1Nb0OWYNE$_$13,1.3004287,0.7548917,0.077272564,0.16783576
ZS1Nb0OWYNE$_$12,1.3862153,0.75351804,0.023930663,0.22255132
ZS1Nb0OWYNE$_$15,1.4497038,0.67020935,0.1288668,0.20092395
ZS1Nb0OWYNE$_$14,0.84105635,0.59096897,0.18831995,0.22071108
ZS1Nb0OWYNE$_$16,2.4270077,0.8304185,0.04250901,0.12707242
ZS1Nb0OWYNE$_$1,0.9367003,0.58800364,0.16591652,0.24607988
ZS1Nb0OWYNE$_$0,1.001355,0.5787494,0.12439403,0.2968566
ZS1Nb0OWYNE$_$3,0.258421,0.6238743,0.18640059,0.1897251
ZS1Nb0OWYNE$_$2,0.61130095,0.7775969,0.11487735,0.10752572
ZS1Nb0OWYNE$_$5,0.553065,0.50294924,0.19682062,0.30023015
ZS1Nb0OWYNE$_$4,0.4289826,0.48165193,0.18115978,0.33718827
ZS1Nb0OWYNE$_$7,1.5296997,0.6321384,0.14325969,0.22460192
ZS1Nb0OWYNE$_$9,1.4117714,0.7364704,0.12122394,0.14230569
ZS1Nb0OWYNE$_$8,1.0984163,0.6421635,0.1401456,0.2176908
Zb7bdrjWyEY$_$3,-0.7567805,0.56684417,0.104086086,0.32906973
ZcFzcd4ZoMg$_$10,0.64974535,0.46780035,0.13794212,0.39425755
ZcFzcd4ZoMg$_$0,1.1477019,0.61751693,0.15145285,0.23103018
ZcFzcd4ZoMg$_$3,0.9156455,0.74969614,0.070909575,0.17939429
ZcFzcd4ZoMg$_$5,0.6543781,0.67223847,0.11035043,0.2174111
ZcFzcd4ZoMg$_$4,-0.78717315,0.67590904,0.08385127,0.24023966
ZcFzcd4ZoMg$_$7,2.0079064,0.7513911,0.06990736,0.17870148
ZcFzcd4ZoMg$_$6,0.17715167,0.44721845,0.1429075,0.40987408
ZcFzcd4ZoMg$_$8,-0.04662432,0.7767988,0.08247281,0.14072847
ZeH7gZw94k0$_$1,1.4649014,0.69299513,0.124971315,0.18203351
ZsLrKF7_Oos$_$1,0.082801476,0.36486349,0.09638026,0.5387563
ZsLrKF7_Oos$_$0,0.9350841,0.6021037,0.042029444,0.35586682
ZtocGyL3Tfc$_$11,-0.6144697,0.77324325,0.121318765,0.10543801
ZtocGyL3Tfc$_$24,-0.03661262,0.6201333,0.08564033,0.29422638
ZtocGyL3Tfc$_$13,0.25524327,0.4558605,0.22389549,0.32024404
ZtocGyL3Tfc$_$12,-0.51002645,0.7257825,0.10336037,0.17085712
ZtocGyL3Tfc$_$20,0.69108874,0.70355135,0.14144023,0.15500842
ZtocGyL3Tfc$_$14,0.42108178,0.75996387,0.08993211,0.15010402
ZtocGyL3Tfc$_$17,0.41011173,0.72425944,0.11485529,0.16088532
ZtocGyL3Tfc$_$10,0.59558123,0.57061356,0.122610755,0.30677572
ZtocGyL3Tfc$_$1,1.0359218,0.7526003,0.049919464,0.19748014
ZtocGyL3Tfc$_$3,0.65756965,0.7087412,0.08486358,0.2063953
ZtocGyL3Tfc$_$2,-0.36693668,0.7964289,0.09894175,0.10462941
ZtocGyL3Tfc$_$7,0.008817416,0.4785345,0.13008235,0.39138317
ZtocGyL3Tfc$_$6,1.0045546,0.85924405,0.064773865,0.075982094
ZtocGyL3Tfc$_$9,0.3315954,0.5377904,0.17256004,0.28964958
ZtocGyL3Tfc$_$8,0.65077835,0.62816596,0.16038908,0.21144499
ZznoGQVwTtw$_$1,-0.23701194,0.39080977,0.12003503,0.48915517
ZznoGQVwTtw$_$3,0.7337477,0.39364308,0.09640208,0.5099548
ZznoGQVwTtw$_$2,0.71104884,0.39852014,0.08419405,0.5172858
ZznoGQVwTtw$_$5,0.27808985,0.50066125,0.15993312,0.3394056
ZznoGQVwTtw$_$4,0.734411,0.559026,0.09403828,0.34693563
ZznoGQVwTtw$_$7,0.5995412,0.56444395,0.123000994,0.31255507
ZznoGQVwTtw$_$6,0.7882817,0.54891723,0.11340024,0.33768255
ZznoGQVwTtw$_$8,-0.27653542,0.7581678,0.062029008,0.17980321
_0efYOjQYRc$_$3,0.73671126,0.56070906,0.08573957,0.35355142
_0efYOjQYRc$_$4,0.5686396,0.6157557,0.15929596,0.22494844
_1nvuNk7EFY$_$11,0.81933755,0.60137004,0.097778246,0.30085164
_1nvuNk7EFY$_$10,-0.45151678,0.7333296,0.03584643,0.23082396
_1nvuNk7EFY$_$13,0.030842263,0.5527902,0.091436,0.35577375
_1nvuNk7EFY$_$12,0.5262691,0.536527,0.089104004,0.37436903
_1nvuNk7EFY$_$20,0.6060594,0.6059504,0.027748015,0.36630154
_1nvuNk7EFY$_$21,0.001035776,0.33777034,0.47988123,0.18234839
_1nvuNk7EFY$_$16,0.55759156,0.503114,0.10071342,0.39617258
_1nvuNk7EFY$_$19,0.16600713,0.3996185,0.17179982,0.42858168
_1nvuNk7EFY$_$18,-0.2351703,0.40670753,0.12204157,0.4712509
_1nvuNk7EFY$_$5,-0.7157899,0.605829,0.09022401,0.30394697
_1nvuNk7EFY$_$17,0.17875768,0.5328858,0.13871107,0.32840315
_1nvuNk7EFY$_$6,0.2697051,0.7460172,0.07084517,0.1831376
_1nvuNk7EFY$_$8,0.4716565,0.5675833,0.103893414,0.3285232
_OmWVs0-6UM$_$0,0.2962371,0.3394083,0.21985407,0.4407376
_OmWVs0-6UM$_$3,0.75979805,0.5109246,0.10051639,0.38855907
_OmWVs0-6UM$_$2,0.6635338,0.4842459,0.10827262,0.4074815
_OmWVs0-6UM$_$5,1.1783446,0.64023185,0.13561265,0.22415553
_WA0HtVEe8U$_$0,0.66273755,0.66544294,0.10231906,0.23223807
_aJghSQmxD8$_$12,0.22048017,0.28781876,0.15458907,0.55759215
_aJghSQmxD8$_$7,0.07640712,0.48929736,0.04518291,0.46551976
_aJghSQmxD8$_$6,0.18688983,0.47279373,0.07368974,0.45351654
_on_E-ZWy0I$_$20,-0.09164873,0.48661545,0.100627154,0.41275737
_on_E-ZWy0I$_$21,0.9019512,0.6522182,0.10050832,0.24727349
_on_E-ZWy0I$_$22,0.93466157,0.5183251,0.14516383,0.33651108
_on_E-ZWy0I$_$1,-0.21864402,0.56027204,0.093576856,0.3461511
_on_E-ZWy0I$_$0,-0.74459803,0.63164306,0.08972357,0.27863333
_on_E-ZWy0I$_$3,-0.69429237,0.6965958,0.027166273,0.27623796
_on_E-ZWy0I$_$2,0.3518398,0.37433198,0.1578215,0.4678465
_on_E-ZWy0I$_$5,-0.8734386,0.56549287,0.080342814,0.35416427
_on_E-ZWy0I$_$4,0.34819692,0.7571406,0.047309235,0.19555023
_on_E-ZWy0I$_$7,0.4209402,0.50395936,0.06210587,0.43393484
_on_E-ZWy0I$_$6,-0.041392464,0.4290216,0.122783415,0.448195
_on_E-ZWy0I$_$9,0.37613738,0.5166283,0.057447366,0.4259243
_on_E-ZWy0I$_$8,0.0863079,0.6374058,0.07354808,0.2890461
_on_E-ZWy0I$_$11,0.369422,0.6670184,0.025597064,0.30738452
_on_E-ZWy0I$_$10,0.024997037,0.43314105,0.1836709,0.3831881
_on_E-ZWy0I$_$13,-0.865745,0.65424776,0.06544365,0.28030854
_on_E-ZWy0I$_$12,0.7121492,0.63194793,0.06982397,0.29822814
_on_E-ZWy0I$_$15,0.22416317,0.48639402,0.12773433,0.3858717
_on_E-ZWy0I$_$14,0.11904827,0.61222047,0.045223422,0.3425561
_on_E-ZWy0I$_$17,0.91069067,0.65031344,0.091887824,0.25779873
_on_E-ZWy0I$_$16,0.2045065,0.40145212,0.15395574,0.4445921
_on_E-ZWy0I$_$19,-0.2805141,0.49875474,0.08690706,0.4143381
_on_E-ZWy0I$_$18,0.25053298,0.5558539,0.09762857,0.34651747
_q7DM8WkzAQ$_$15,1.0625967,0.5093218,0.08704459,0.4036336
_q7DM8WkzAQ$_$17,1.4638946,0.6411056,0.036669515,0.32222483
_q7DM8WkzAQ$_$3,0.01842114,0.41789532,0.029210977,0.5528937
_q7DM8WkzAQ$_$2,-0.51048696,0.38327056,0.17730233,0.43942714
_q7DM8WkzAQ$_$4,0.20668845,0.4686638,0.15389805,0.37743813
_q7DM8WkzAQ$_$9,-0.26910964,0.66908795,0.025218986,0.30569303
a4PHWxILDp0$_$11,-0.024141673,0.3971294,0.20279005,0.40008053
a4PHWxILDp0$_$10,-0.5670469,0.38188845,0.16768393,0.45042762
a4PHWxILDp0$_$13,0.6712401,0.2982317,0.44943774,0.25233054
a4PHWxILDp0$_$15,-0.058140997,0.5422081,0.10998798,0.34780392
a4PHWxILDp0$_$17,-0.32694852,0.46314958,0.1684255,0.36842492
a4PHWxILDp0$_$16,0.1577448,0.4918721,0.1433224,0.36480552
a4PHWxILDp0$_$19,-0.028823141,0.54836994,0.16930574,0.2823243
a4PHWxILDp0$_$0,-0.0037921406,0.63030624,0.10038831,0.26930547
a4PHWxILDp0$_$2,-0.16596468,0.554667,0.18833432,0.2569987
a4PHWxILDp0$_$4,0.5494127,0.6260724,0.10742321,0.26650438
a4PHWxILDp0$_$7,0.5097651,0.68092436,0.09959963,0.21947606
a4PHWxILDp0$_$6,0.34555912,0.6918721,0.07608828,0.2320396
a4PHWxILDp0$_$9,0.40661195,0.51505744,0.1281719,0.3567706
a4PHWxILDp0$_$8,-0.14881109,0.6751193,0.10369411,0.22118662
a8UMRrUjavI$_$10,0.04343405,0.6721255,0.104177095,0.2236973
a8UMRrUjavI$_$3,-0.8301469,0.6276618,0.09625317,0.27608496
a8UMRrUjavI$_$2,-1.404471,0.8431637,0.04378207,0.11305422
a8UMRrUjavI$_$5,-1.1739562,0.5488602,0.08021256,0.3709272
a8UMRrUjavI$_$9,-0.1706009,0.5584752,0.104458794,0.337066
a8UMRrUjavI$_$8,-0.82815266,0.58615863,0.099097066,0.3147443
aa0J1AXSseY$_$1,1.1693125,0.47954604,0.11259381,0.4078601
aa0J1AXSseY$_$0,0.66736984,0.34274104,0.15169618,0.5055628
aa0J1AXSseY$_$3,1.8377045,0.74599105,0.11701555,0.13699348
aa0J1AXSseY$_$2,1.4209576,0.48869956,0.10911757,0.40218282
absh1hsZeF0$_$2,-0.3073965,0.63344586,0.08659799,0.2799562
absh1hsZeF0$_$5,0.60226494,0.73868763,0.03082439,0.23048788
absh1hsZeF0$_$4,0.014900301,0.71065307,0.027995357,0.26135153
absh1hsZeF0$_$7,1.2639005,0.6826456,0.037986662,0.27936777
absh1hsZeF0$_$6,0.4255227,0.48542327,0.11503854,0.3995382
ahG9c_uaf8s$_$1,0.5535115,0.6266176,0.08007473,0.29330772
ahG9c_uaf8s$_$0,0.33595073,0.53754395,0.1139587,0.3484973
ahG9c_uaf8s$_$3,0.0642024,0.4049933,0.13523023,0.45977646
ahG9c_uaf8s$_$4,0.5936571,0.58296657,0.08054568,0.3364877
an_GzG40hcE$_$0,1.3698419,0.64976275,0.09422471,0.2560125
an_GzG40hcE$_$13,1.0550854,0.449485,0.12774873,0.42276627
an_GzG40hcE$_$2,0.92803776,0.5881991,0.09735861,0.31444228
an_GzG40hcE$_$15,0.8856106,0.6460095,0.08505084,0.2689396
an_GzG40hcE$_$7,-0.37191775,0.6831824,0.119756624,0.19706108
b86B3hP8ARM$_$11,-0.07742782,0.5414648,0.1558042,0.30273104
b86B3hP8ARM$_$5,-0.1519769,0.4734244,0.20307048,0.32350516
b92iw0OAnI4$_$1,-0.9019001,0.58661455,0.08601125,0.3273742
b92iw0OAnI4$_$3,-0.12860613,0.36232632,0.16070993,0.47696373
b92iw0OAnI4$_$7,0.08996433,0.54009765,0.05197407,0.4079283
bCBMKwafZKY$_$1,1.026128,0.48967257,0.09442483,0.41590258
bNQOeiAotbk$_$10,1.7531818,0.6411053,0.1287999,0.2300948
bNQOeiAotbk$_$1,0.29491934,0.47537598,0.11236811,0.41225588
bNQOeiAotbk$_$0,1.5091549,0.6271549,0.11201747,0.2608277
bNQOeiAotbk$_$3,0.46660691,0.47795102,0.08999607,0.43205288
bNQOeiAotbk$_$2,0.7751005,0.6209727,0.1169213,0.26210594
bNQOeiAotbk$_$5,0.23934458,0.5998214,0.09674889,0.3034297
bNQOeiAotbk$_$4,0.34198898,0.6127518,0.12105126,0.26619697
bNQOeiAotbk$_$7,0.22546902,0.50676274,0.15370384,0.33953342
bNQOeiAotbk$_$6,0.88417774,0.47226113,0.06328925,0.46444955
bNQOeiAotbk$_$9,1.0923766,0.45695424,0.1351622,0.40788355
bNQOeiAotbk$_$8,0.09078625,0.48201233,0.12030487,0.39768282
bWmrrWQOVCM$_$10,0.5153987,0.5258963,0.05837622,0.41572744
bWmrrWQOVCM$_$13,0.3458594,0.4322085,0.11535277,0.4524387
bWmrrWQOVCM$_$2,0.3229717,0.40592593,0.1356639,0.4584101
bdFCD-3BCRg$_$24,0.68120337,0.6133381,0.03297638,0.35368553
bdFCD-3BCRg$_$25,1.4151641,0.64931536,0.07278252,0.2779021
bdFCD-3BCRg$_$20,0.53788716,0.499645,0.09637946,0.4039755
bdFCD-3BCRg$_$21,0.426292,0.47016644,0.12292724,0.40690634
bdFCD-3BCRg$_$22,0.58864594,0.4757507,0.10188938,0.42235985
bdFCD-3BCRg$_$23,0.24206012,0.5102163,0.07215467,0.41762903
bdFCD-3BCRg$_$1,0.9098053,0.5298093,0.089533776,0.38065696
bdFCD-3BCRg$_$0,1.3146076,0.5420118,0.10650479,0.3514834
bdFCD-3BCRg$_$3,1.8654202,0.6166503,0.12178695,0.26156276
bdFCD-3BCRg$_$2,0.80312455,0.52198577,0.0739318,0.40408245
bdFCD-3BCRg$_$5,0.69119006,0.5573566,0.079318225,0.36332515
bdFCD-3BCRg$_$4,0.6727148,0.4931238,0.09869179,0.40818444
bdFCD-3BCRg$_$7,0.40514195,0.4336632,0.11857819,0.44775864
bdFCD-3BCRg$_$6,0.81103003,0.5879799,0.09683447,0.31518567
bdFCD-3BCRg$_$9,0.44597927,0.38508576,0.15258606,0.46232823
bdFCD-3BCRg$_$8,0.26935065,0.49677193,0.09721143,0.40601662
bdFCD-3BCRg$_$11,0.43509653,0.515964,0.07735153,0.40668455
bdFCD-3BCRg$_$10,0.32800522,0.45658872,0.072753966,0.47065732
bdFCD-3BCRg$_$13,0.48798016,0.36320874,0.11406925,0.522722
bdFCD-3BCRg$_$12,0.33254212,0.45139775,0.10930008,0.4393022
bdFCD-3BCRg$_$15,0.46867967,0.53082174,0.08813226,0.381046
bdFCD-3BCRg$_$14,0.3553359,0.44334477,0.1259176,0.43073767
bdFCD-3BCRg$_$17,0.22550352,0.4517409,0.11604808,0.43221104
bdFCD-3BCRg$_$16,0.108320996,0.48400962,0.078359246,0.4376312
bdFCD-3BCRg$_$19,0.7391889,0.5390105,0.10347645,0.357513
bdFCD-3BCRg$_$18,0.25341463,0.38248003,0.1573471,0.46017292
bkX5FOX22Tw$_$1,0.38946986,0.44794717,0.1280855,0.42396727
bkX5FOX22Tw$_$0,0.11502814,0.42333764,0.15407056,0.42259187
bkX5FOX22Tw$_$2,0.11820367,0.5122114,0.16723889,0.32054976
bkX5FOX22Tw$_$5,0.28882134,0.5347526,0.17429355,0.29095387
bkX5FOX22Tw$_$4,0.86707515,0.68161327,0.11727992,0.20110683
bkX5FOX22Tw$_$7,0.07398987,0.4622647,0.16911866,0.3686167
bkX5FOX22Tw$_$6,0.5095526,0.6461735,0.15094768,0.20287882
bnzVR2ETQQ8$_$0,-0.37066942,0.64350474,0.09170387,0.26479137
bnzVR2ETQQ8$_$3,0.5524283,0.30388668,0.1120623,0.584051
bnzVR2ETQQ8$_$2,0.47596034,0.6200572,0.047781188,0.33216164
bvycs3BXtx0$_$3,0.8208244,0.8317726,0.06298051,0.10524691
bvycs3BXtx0$_$2,-0.1189034,0.71642137,0.06727521,0.21630345
c5VEvmutmVg$_$11,1.4063795,0.61295015,0.17459513,0.21245478
c5VEvmutmVg$_$10,0.387745,0.602817,0.19890667,0.19827628
c5VEvmutmVg$_$13,0.7524419,0.5426288,0.21361613,0.24375501
c5VEvmutmVg$_$12,-0.6055957,0.72260284,0.045108225,0.23228894
c5VEvmutmVg$_$15,-0.80570817,0.53385997,0.15886806,0.307272
c5VEvmutmVg$_$14,-1.0945092,0.42946428,0.15285395,0.4176818
c5VEvmutmVg$_$17,0.53088593,0.5662009,0.18775989,0.2460392
c5VEvmutmVg$_$16,-0.8885633,0.5162471,0.19192985,0.29182312
c5VEvmutmVg$_$19,0.342648,0.63870054,0.14068066,0.2206188
c5VEvmutmVg$_$18,0.65592223,0.7029634,0.13099533,0.16604125
c5VEvmutmVg$_$1,1.6570259,0.7114893,0.11955926,0.16895139
c5VEvmutmVg$_$0,1.5104198,0.88594836,0.019632917,0.094418764
c5VEvmutmVg$_$3,-0.51053953,0.66298056,0.14491016,0.19210923
c5VEvmutmVg$_$2,0.2884894,0.6460859,0.17901658,0.17489748
c5VEvmutmVg$_$5,0.90345615,0.51492536,0.15258159,0.33249304
c5VEvmutmVg$_$4,1.7284586,0.736388,0.11486688,0.14874507
c5VEvmutmVg$_$7,1.5070585,0.6363898,0.10417548,0.25943473
c5VEvmutmVg$_$6,1.1888535,0.49992228,0.13606063,0.36401707
c5VEvmutmVg$_$9,1.351531,0.50948364,0.11134328,0.3791731
c5VEvmutmVg$_$8,2.2491589,0.6003833,0.12121883,0.27839786
c5zxqITn3ZM$_$1,0.4921304,0.5610675,0.086518295,0.35241422
c5zxqITn3ZM$_$3,0.65383154,0.6898334,0.10304361,0.20712303
c5zxqITn3ZM$_$5,-0.4178143,0.6671417,0.11189819,0.22096013
c5zxqITn3ZM$_$4,1.0186647,0.60793006,0.0880528,0.3040171
c5zxqITn3ZM$_$6,0.59672976,0.58393955,0.03738989,0.3786705
c5zxqITn3ZM$_$9,0.44749975,0.6696365,0.10445133,0.2259122
c5zxqITn3ZM$_$8,0.8490806,0.6025629,0.1223394,0.27509773
c9hE1ghElrM$_$1,0.5679758,0.6323909,0.06403264,0.30357644
c9hE1ghElrM$_$0,0.2924227,0.45969167,0.12304694,0.41726142
c9hE1ghElrM$_$3,-0.085581675,0.6043989,0.10196232,0.2936388
c9hE1ghElrM$_$2,0.10895266,0.4942672,0.1187051,0.38702765
c9hE1ghElrM$_$4,-0.5588614,0.63403857,0.079489596,0.2864718
cW-aX4dPVfk$_$24,0.39419377,0.37553185,0.19140413,0.43306404
cW-aX4dPVfk$_$25,-0.32591802,0.48976547,0.17524725,0.3349873
cW-aX4dPVfk$_$26,2.003971,0.61087245,0.10006029,0.28906727
cW-aX4dPVfk$_$27,0.12866864,0.46617404,0.17054053,0.3632854
cW-aX4dPVfk$_$20,-0.4107349,0.68713254,0.05308779,0.25977972
cW-aX4dPVfk$_$21,0.56757766,0.48294285,0.09875904,0.4182981
cW-aX4dPVfk$_$22,2.0230224,0.6369135,0.089399815,0.2736867
cW-aX4dPVfk$_$23,0.37685454,0.6332938,0.09059949,0.27610666
cW-aX4dPVfk$_$29,1.2153748,0.83399165,0.038743064,0.12726527
cW-aX4dPVfk$_$40,0.97290653,0.90483063,0.0260856,0.06908378
cW-aX4dPVfk$_$41,0.43441737,0.43350542,0.15235618,0.41413844
cW-aX4dPVfk$_$1,-0.3938165,0.6596017,0.10700126,0.2333971
cW-aX4dPVfk$_$0,0.30599934,0.49965137,0.09476545,0.40558314
cW-aX4dPVfk$_$3,0.65767956,0.54889655,0.09600489,0.35509852
cW-aX4dPVfk$_$2,0.082164496,0.59219444,0.039494935,0.36831072
cW-aX4dPVfk$_$5,-0.04865544,0.40908116,0.12355975,0.4673591
cW-aX4dPVfk$_$4,0.113062814,0.5618747,0.10122062,0.33690467
cW-aX4dPVfk$_$7,0.8855532,0.6908339,0.07694343,0.23222262
cW-aX4dPVfk$_$6,0.17718694,0.5032183,0.15343209,0.34334958
cW-aX4dPVfk$_$9,-0.57899433,0.5640202,0.17034891,0.26563093
cW-aX4dPVfk$_$8,0.17204374,0.5354856,0.120613396,0.34390098
cW-aX4dPVfk$_$39,0.4568947,0.6201353,0.11776844,0.2620963
cW-aX4dPVfk$_$38,1.2884877,0.7265147,0.06931955,0.20416577
cW-aX4dPVfk$_$11,0.7898183,0.6737662,0.08885673,0.23737709
cW-aX4dPVfk$_$10,-1.0842425,0.6341279,0.107709,0.25816315
cW-aX4dPVfk$_$13,0.6139773,0.75240415,0.09502154,0.15257432
cW-aX4dPVfk$_$12,-0.22678685,0.665514,0.065969996,0.2685161
cW-aX4dPVfk$_$15,-0.54542994,0.64864486,0.08048988,0.27086532
cW-aX4dPVfk$_$14,-0.33568537,0.46390256,0.1390888,0.3970087
cW-aX4dPVfk$_$19,0.16105737,0.68693155,0.069964565,0.2431039
cW-aX4dPVfk$_$32,0.07527089,0.6275438,0.09629767,0.27615854
cW-aX4dPVfk$_$31,0.20602953,0.4680601,0.11040596,0.4215339
cW-aX4dPVfk$_$30,2.30771,0.6994207,0.062019736,0.23855953
cW-aX4dPVfk$_$37,0.5234264,0.56807595,0.09292764,0.33899644
cW-aX4dPVfk$_$36,-0.52750576,0.44321173,0.11432146,0.4424668
cW-aX4dPVfk$_$35,0.76860255,0.54704064,0.14891268,0.30404672
cW-aX4dPVfk$_$34,-0.39249256,0.60065573,0.10311784,0.29622644
cW-aX4dPVfk$_$33,1.8662437,0.7861967,0.049540397,0.16426292
cX8FScpsfLE$_$1,0.93562263,0.5922115,0.10748657,0.30030197
cX8FScpsfLE$_$0,-0.90356815,0.5867572,0.036623944,0.37661886
cY8DcaHXNNs$_$9,0.66784817,0.6877891,0.037942313,0.2742686
cY8DcaHXNNs$_$5,1.2380562,0.7087628,0.06054483,0.23069239
cY8DcaHXNNs$_$4,0.5351632,0.63693863,0.027745048,0.3353163
cia8OM3Oe7Q$_$0,1.8009881,0.5758301,0.023812553,0.4003573
cml9rShionM$_$11,-0.13640475,0.53295964,0.06259145,0.4044489
cml9rShionM$_$10,0.02584022,0.5485715,0.0739973,0.37743112
cml9rShionM$_$14,0.34382865,0.77285475,0.054212954,0.1729323
cml9rShionM$_$3,1.0421029,0.6298632,0.084041044,0.28609577
cml9rShionM$_$5,-0.4603529,0.5587316,0.09389114,0.34737718
cml9rShionM$_$7,0.36579692,0.5264274,0.12743394,0.3461387
cml9rShionM$_$8,0.0190466,0.41339153,0.14064685,0.44596162
cn0WZ8-0Z1Y$_$10,-1.2197994,0.5897403,0.11132217,0.2989376
cn0WZ8-0Z1Y$_$3,-0.07380003,0.43333602,0.18354483,0.3831192
cn0WZ8-0Z1Y$_$2,-0.5643512,0.6405235,0.08903365,0.2704429
cn0WZ8-0Z1Y$_$5,-0.97884464,0.65822774,0.07906063,0.2627117
cn0WZ8-0Z1Y$_$4,0.24131384,0.64339775,0.10520221,0.25140002
cn0WZ8-0Z1Y$_$7,0.64072615,0.6156876,0.09024052,0.29407185
cn0WZ8-0Z1Y$_$6,-0.8592255,0.5855021,0.048883032,0.36561486
cn0WZ8-0Z1Y$_$9,-0.5823026,0.6214611,0.0633831,0.3151558
cn0WZ8-0Z1Y$_$8,0.47109917,0.68466866,0.07819933,0.23713203
ctAZf4sMBUQ$_$1,0.31394798,0.6666153,0.07149561,0.26188913
ctAZf4sMBUQ$_$8,0.75262344,0.74071056,0.057857692,0.20143178
ctAZf4sMBUQ$_$0,1.3504838,0.671797,0.11665086,0.21155216
d-Uw_uZyUys$_$1,0.21962637,0.6799543,0.051543124,0.26850268
d-Uw_uZyUys$_$0,-1.017903,0.5591852,0.15283628,0.28797853
d-Uw_uZyUys$_$2,0.017435864,0.62184334,0.037705842,0.34045085
d-Uw_uZyUys$_$7,0.5900033,0.624711,0.063585296,0.31170377
d-Uw_uZyUys$_$6,-0.66583496,0.50585914,0.033086658,0.46105424
d1CDP6sMuLA$_$11,0.09853333,0.6684352,0.099225484,0.2323393
d1CDP6sMuLA$_$10,-0.7941949,0.41267598,0.16577992,0.4215441
d1CDP6sMuLA$_$12,0.06197339,0.53737485,0.12513654,0.3374886
d1CDP6sMuLA$_$15,0.30567926,0.68095493,0.07322208,0.24582298
d1CDP6sMuLA$_$14,0.49596643,0.6600609,0.094895,0.24504416
d1CDP6sMuLA$_$19,1.3118752,0.5240476,0.14472364,0.33122876
d1CDP6sMuLA$_$18,1.8159515,0.68128246,0.032409877,0.28630757
d1CDP6sMuLA$_$1,0.76871526,0.49607238,0.042463563,0.46146402
d1CDP6sMuLA$_$3,1.8508005,0.69493604,0.08165678,0.22340722
d1CDP6sMuLA$_$4,0.8917033,0.72038156,0.07053037,0.20908806
d1CDP6sMuLA$_$6,0.3284504,0.52915686,0.11736064,0.35348246
d1CDP6sMuLA$_$9,-0.3885596,0.34356365,0.21249364,0.4439427
d1CDP6sMuLA$_$8,-0.20292625,0.6002935,0.119828835,0.2798777
dHk--ExZbHs$_$0,0.94721764,0.5816799,0.056693472,0.36162665
dHk--ExZbHs$_$7,0.5306609,0.6275719,0.048153814,0.32427424
dHk--ExZbHs$_$6,0.13628793,0.57598335,0.100869164,0.3231475
dHk--ExZbHs$_$8,-0.21743433,0.34135467,0.050653253,0.6079921
dR68gbeOWOc$_$1,0.18410411,0.66863316,0.025528278,0.3058386
dR68gbeOWOc$_$3,0.51570463,0.5447743,0.11518293,0.3400428
dTcz1am1eUw$_$0,0.5951936,0.60513043,0.14742272,0.24744688
dTcz1am1eUw$_$3,0.66537935,0.47981048,0.09195398,0.4282356
dTcz1am1eUw$_$2,1.1286417,0.784335,0.09931027,0.11635473
ddWHTdJz2O8$_$1,0.8052189,0.85739195,0.018213192,0.12439485
ddWHTdJz2O8$_$0,0.73103595,0.6990352,0.052011684,0.2489531
ddWHTdJz2O8$_$2,1.1570277,0.5798363,0.03440778,0.3857559
dlE05KC95uk$_$11,-0.026358072,0.44188064,0.1163468,0.44177252
dlE05KC95uk$_$12,0.42286792,0.46705237,0.11075033,0.42219734
dlE05KC95uk$_$15,0.9794833,0.70363206,0.031805474,0.26456243
dlE05KC95uk$_$14,0.84011483,0.75917846,0.06405749,0.17676395
dlE05KC95uk$_$17,0.105321884,0.5633407,0.07473246,0.36192682
dlE05KC95uk$_$18,0.4360321,0.6535397,0.086067066,0.26039326
dlE05KC95uk$_$2,-0.010043357,0.76044804,0.06882569,0.17072625
dlE05KC95uk$_$5,0.21265908,0.53760433,0.09755958,0.36483613
dlE05KC95uk$_$9,0.38104293,0.61348146,0.10228943,0.28422907
dxsPkcG-Q30$_$0,0.24395102,0.43421313,0.12937698,0.4364099
dxsPkcG-Q30$_$3,0.8644677,0.54573286,0.12696518,0.32730195
eD5cScqaf6c$_$1,0.84095883,0.6263546,0.12936573,0.24427976
eD5cScqaf6c$_$0,1.7345258,0.7669306,0.07736138,0.15570796
eD5cScqaf6c$_$3,1.312573,0.7586018,0.030199753,0.21119852
eE8Qr9fOvVA$_$3,1.808777,0.7069744,0.074408494,0.21861716
eE8Qr9fOvVA$_$2,-0.18966217,0.46117914,0.1053462,0.4334747
eE8Qr9fOvVA$_$5,0.6851019,0.7064179,0.063833505,0.22974868
eE8Qr9fOvVA$_$7,0.17344025,0.6900249,0.06966695,0.24030815
eFV7iFPYZB4$_$10,0.62561905,0.69028646,0.09395091,0.21576266
eFV7iFPYZB4$_$13,0.48217386,0.52222997,0.12329363,0.35447642
eFV7iFPYZB4$_$12,0.40433967,0.38147512,0.1670635,0.45146134
eFV7iFPYZB4$_$14,0.6446775,0.5823446,0.09826489,0.3193905
eFV7iFPYZB4$_$1,0.88564503,0.5332198,0.11690141,0.3498787
eFV7iFPYZB4$_$3,0.33179516,0.6241814,0.0977023,0.2781163
eFV7iFPYZB4$_$5,0.1716793,0.4065085,0.13429528,0.45919618
eFV7iFPYZB4$_$4,1.3026401,0.7522548,0.099455,0.1482902
eFV7iFPYZB4$_$7,0.29035172,0.3093684,0.1339976,0.556634
eFV7iFPYZB4$_$6,0.52882934,0.5220367,0.12285521,0.35510814
eFV7iFPYZB4$_$9,0.0025799125,0.44147682,0.14182843,0.41669476
eFV7iFPYZB4$_$8,-1.003802,0.68372416,0.110203974,0.20607182
eJfT7-dDqzA$_$3,-0.56017727,0.6023339,0.0725884,0.32507765
eJfT7-dDqzA$_$2,1.082138,0.5736216,0.13879514,0.2875833
eJfT7-dDqzA$_$5,0.86024964,0.53973436,0.08127572,0.3789899
eJfT7-dDqzA$_$4,-0.30027577,0.6772872,0.055448227,0.26726452
eJfT7-dDqzA$_$7,0.6913808,0.66268027,0.08872453,0.24859518
eJfT7-dDqzA$_$6,-0.03194275,0.3335944,0.12730177,0.5391038
eJfT7-dDqzA$_$8,0.16280521,0.2726917,0.11458693,0.6127214
eKQKEi2-0Ws$_$0,0.11586876,0.7488785,0.07444148,0.17667998
eQc5uI7FKCU$_$1,-0.0070353486,0.52198267,0.14383554,0.3341818
eQc5uI7FKCU$_$0,0.62776434,0.53904104,0.11651101,0.34444797
eQc5uI7FKCU$_$3,0.18460426,0.67592895,0.1186049,0.20546614
eQc5uI7FKCU$_$5,0.7394903,0.48249862,0.099096805,0.41840455
eQc5uI7FKCU$_$4,0.02581152,0.42786142,0.10966446,0.46247417
eQc5uI7FKCU$_$6,-0.06253261,0.486352,0.1357915,0.3778565
eREud0qYR3s$_$5,0.5998026,0.48166266,0.126775,0.3915623
eREud0qYR3s$_$7,1.0170624,0.7555487,0.11930803,0.12514326
eUwbRLhV1vs$_$0,0.12750006,0.58927107,0.16756277,0.24316613
ehZrOdw6PhA$_$1,0.29626304,0.4454292,0.16570164,0.3888692
ehZrOdw6PhA$_$0,-0.12843554,0.70710516,0.081155874,0.21173897
ehZrOdw6PhA$_$4,-0.27800116,0.572238,0.08503014,0.34273183
ex-dKshlXoY$_$11,-0.19976693,0.4411948,0.19952649,0.35927874
ex-dKshlXoY$_$8,0.5911841,0.6430615,0.11481299,0.2421255
ex-dKshlXoY$_$6,-0.22191183,0.60704195,0.10784596,0.28511205
ey1lr8wFFDc$_$1,0.41479325,0.49886116,0.18126151,0.31987733
ey1lr8wFFDc$_$0,0.5806214,0.5944041,0.16503353,0.2405624
ey1lr8wFFDc$_$3,-0.029344294,0.5714635,0.046816964,0.3817195
ey1lr8wFFDc$_$2,-0.20719373,0.6411791,0.15365282,0.20516808
ezuWKsxPRSM$_$1,1.7566944,0.667417,0.046994288,0.28558877
ezuWKsxPRSM$_$0,1.3537012,0.6331225,0.11677863,0.25009888
ezuWKsxPRSM$_$2,0.49289352,0.5361319,0.13351226,0.33035585
ezuWKsxPRSM$_$6,0.18867055,0.47931585,0.20338129,0.31730294
f-VdKweez2U$_$8,0.7418907,0.41670766,0.14538877,0.43790358
f-VdKweez2U$_$2,0.98928523,0.4375491,0.12437142,0.43807954
f-VdKweez2U$_$4,0.8710104,0.7142898,0.03156553,0.25414464
f-VdKweez2U$_$7,0.32175285,0.53222764,0.14470431,0.3230681
f-VdKweez2U$_$0,0.73838806,0.5817693,0.11213682,0.3060939
f8Puta8k8fU$_$1,0.17387733,0.62642604,0.080281,0.29329294
fT6SrlsWV7M$_$11,0.18285346,0.3222279,0.12960333,0.5481688
fT6SrlsWV7M$_$10,0.34668505,0.49768546,0.14226405,0.3600504
fT6SrlsWV7M$_$13,-0.9642493,0.66239923,0.100602314,0.23699844
fT6SrlsWV7M$_$12,0.16629043,0.4317752,0.1188265,0.4493983
fT6SrlsWV7M$_$1,-0.50509775,0.40998697,0.111073226,0.47893977
fT6SrlsWV7M$_$0,0.0025836155,0.4228985,0.056125112,0.52097636
fT6SrlsWV7M$_$3,0.085200086,0.30637124,0.12152935,0.57209945
fT6SrlsWV7M$_$2,0.15942514,0.47318646,0.11703678,0.4097768
fT6SrlsWV7M$_$4,-0.15506466,0.2179485,0.14235163,0.6396999
fT6SrlsWV7M$_$7,-0.08223358,0.42596436,0.18430226,0.3897334
fT6SrlsWV7M$_$6,-0.04136469,0.4262145,0.12736711,0.44641843
fU5AYkq0m9k$_$1,0.13422233,0.7583752,0.102812745,0.13881199
fU5AYkq0m9k$_$0,0.11886415,0.6466897,0.09795968,0.25535056
fU5AYkq0m9k$_$3,-0.9519986,0.7636742,0.05159387,0.18473189
fU5AYkq0m9k$_$4,-0.53588897,0.5598064,0.14849775,0.29169583
fVCDn6SdtVM$_$3,0.36770937,0.89858824,0.02401268,0.07739905
fVCDn6SdtVM$_$2,1.0074112,0.7340671,0.08763881,0.17829415
fVCDn6SdtVM$_$5,0.6536084,0.5637918,0.1302378,0.30597037
fWAKek8jA5M$_$0,-1.1867466,0.5562064,0.11860811,0.32518545
fWAKek8jA5M$_$3,0.3876151,0.4974562,0.20495959,0.2975842
fWAKek8jA5M$_$5,-0.4120781,0.52862674,0.15022919,0.32114407
fWAKek8jA5M$_$4,-0.78890264,0.79602176,0.07957948,0.124398686
fWAKek8jA5M$_$7,0.015643805,0.59218013,0.12002783,0.28779206
fWAKek8jA5M$_$6,0.79625124,0.669922,0.10128388,0.22879413
fWAKek8jA5M$_$9,-0.2224592,0.57675743,0.1281177,0.29512483
fWAKek8jA5M$_$8,0.7436141,0.64940006,0.14967577,0.20092416
faUvT7zfsyk$_$3,1.1600984,0.69114375,0.023344824,0.28551143
faUvT7zfsyk$_$2,0.14199397,0.4425021,0.13276976,0.42472813
faUvT7zfsyk$_$6,0.24343285,0.3908012,0.17473318,0.43446565
fcxbB7ybUfs$_$9,0.1886603,0.28555822,0.10211829,0.6123235
fcxbB7ybUfs$_$3,0.36700624,0.6648535,0.049872287,0.28527424
fcxbB7ybUfs$_$5,0.16105032,0.57305104,0.048985932,0.377963
fdc7iyzKvFQ$_$0,0.44544634,0.54127204,0.17468813,0.2840398
fdc7iyzKvFQ$_$3,-2.3276522,0.7566631,0.10766029,0.13567667
fdc7iyzKvFQ$_$2,1.6035417,0.66687125,0.09286577,0.24026306
fhADeWE5VgU$_$1,1.0465268,0.8052101,0.047828536,0.14696144
fhADeWE5VgU$_$3,-0.2871626,0.4502076,0.18121345,0.36857894
fhADeWE5VgU$_$2,0.09451942,0.6253268,0.11679865,0.25787452
fhADeWE5VgU$_$5,0.7818278,0.6097213,0.09863461,0.29164404
frCWtiam4tE$_$1,0.23480147,0.5553288,0.13305612,0.31161514
frCWtiam4tE$_$0,0.3895831,0.6984802,0.037174623,0.2643452
frCWtiam4tE$_$2,0.20113134,0.70253867,0.12487565,0.17258571
frCWtiam4tE$_$6,-0.491583,0.45221856,0.14398323,0.40379825
fsBzpr4k3rY$_$0,0.1235559,0.71316105,0.06545647,0.22138251
fsd1qPLA3kY$_$1,0.25836453,0.5802751,0.08548373,0.33424115
fsd1qPLA3kY$_$8,0.4098048,0.46788687,0.1428671,0.38924602
fsd1qPLA3kY$_$16,0.6193809,0.58544827,0.11705785,0.29749388
fz-MzQcOBwQ$_$11,-0.1398333,0.8244138,0.052211083,0.1233752
fz-MzQcOBwQ$_$10,1.2848119,0.6130355,0.10037125,0.2865933
fz-MzQcOBwQ$_$12,1.723468,0.8775431,0.044106726,0.07835021
fz-MzQcOBwQ$_$1,0.865685,0.570551,0.057692643,0.37175643
fz-MzQcOBwQ$_$0,1.3244735,0.5990036,0.10055956,0.30043685
fz-MzQcOBwQ$_$3,0.42041075,0.6297772,0.09416258,0.27606025
fz-MzQcOBwQ$_$2,0.57922614,0.61248994,0.07918445,0.30832568
fz-MzQcOBwQ$_$5,0.5488643,0.52839917,0.10865798,0.36294293
fz-MzQcOBwQ$_$4,0.15160975,0.7081063,0.1375838,0.15430985
fz-MzQcOBwQ$_$7,1.7194077,0.7803284,0.0906231,0.12904854
fz-MzQcOBwQ$_$6,0.8265984,0.7561761,0.055157896,0.18866594
fz-MzQcOBwQ$_$9,-0.19679165,0.56098735,0.139399,0.29961362
fz-MzQcOBwQ$_$8,-2.098442,0.82877606,0.055930756,0.11529324
g6VJg6ycUk0$_$1,0.14362109,0.5975769,0.14283422,0.2595889
gE7kUqMqQ9g$_$3,0.011377227,0.41616574,0.14565173,0.4381826
gE7kUqMqQ9g$_$2,-0.9261513,0.6225089,0.027012885,0.3504782
gJjkCPO7iXg$_$1,0.5903901,0.56451386,0.08690856,0.34857753
gJjkCPO7iXg$_$0,0.28521702,0.66609913,0.12040482,0.21349606
gJjkCPO7iXg$_$3,0.7375323,0.4736411,0.21531403,0.3110449
gJjkCPO7iXg$_$2,0.34316415,0.5304489,0.13798776,0.33156335
gKojBrXHhUc$_$12,0.1311287,0.34421602,0.14105144,0.51473254
gKojBrXHhUc$_$14,-0.46175963,0.5900572,0.038218252,0.37172452
gL8h7lOPv1Q$_$11,0.5805659,0.5562017,0.21366833,0.23012997
gL8h7lOPv1Q$_$10,0.42125165,0.5046903,0.2172182,0.2780915
gL8h7lOPv1Q$_$13,1.222026,0.61367315,0.13612759,0.25019923
gL8h7lOPv1Q$_$15,-0.27645248,0.48334333,0.1348072,0.38184953
gL8h7lOPv1Q$_$14,-0.8574488,0.679105,0.09135127,0.22954378
gL8h7lOPv1Q$_$28,-0.34355044,0.52561975,0.19384474,0.28053552
gL8h7lOPv1Q$_$2,-0.006187115,0.52928907,0.056570902,0.41414002
gL8h7lOPv1Q$_$7,0.17278957,0.4506378,0.20011008,0.34925213
gL8h7lOPv1Q$_$9,0.87601525,0.5817882,0.16683096,0.25138083
gL8h7lOPv1Q$_$8,1.6101738,0.6309326,0.13846242,0.23060486
gLTxaEcx41E$_$11,0.05728921,0.7590319,0.05641688,0.18455121
gLTxaEcx41E$_$10,-0.1644061,0.77403855,0.086071625,0.13988985
gLTxaEcx41E$_$12,1.128651,0.8845087,0.052445013,0.06304632
gLTxaEcx41E$_$1,0.31434494,0.5305055,0.20880246,0.2606921
gLTxaEcx41E$_$3,1.0139788,0.62179154,0.14196707,0.23624142
gLTxaEcx41E$_$2,0.25325945,0.7909576,0.08428053,0.124761894
gLTxaEcx41E$_$5,0.5216274,0.4772462,0.26876047,0.25399333
gLTxaEcx41E$_$4,-0.44780457,0.7942029,0.03735151,0.16844557
gLTxaEcx41E$_$7,-0.01803692,0.6527377,0.072500266,0.274762
gLTxaEcx41E$_$6,0.2226453,0.65530235,0.10107011,0.24362758
gLTxaEcx41E$_$9,0.102176204,0.702784,0.106981665,0.19023435
gLTxaEcx41E$_$8,0.897667,0.7692864,0.021574808,0.2091388
gR3igiwaeyc$_$10,0.34306958,0.48570302,0.095322475,0.41897452
gR3igiwaeyc$_$1,1.3166491,0.67179775,0.09877605,0.22942626
gR3igiwaeyc$_$0,0.9264989,0.7652354,0.05054306,0.1842215
gR3igiwaeyc$_$3,0.11512175,0.51296526,0.095258616,0.3917761
gR3igiwaeyc$_$2,-0.23897415,0.7700409,0.1045107,0.12544836
gR3igiwaeyc$_$4,0.20881669,0.630098,0.06358841,0.30631357
gR3igiwaeyc$_$7,1.0005883,0.3968949,0.110182226,0.4929228
gR3igiwaeyc$_$6,-0.07279566,0.19961183,0.19714114,0.60324705
gR3igiwaeyc$_$9,-0.55278313,0.53927153,0.061058566,0.3996699
gcFECfN4BCU$_$24,1.338442,0.4915539,0.055431616,0.4530145
gcFECfN4BCU$_$20,-0.45408535,0.5650656,0.116865076,0.31806934
gcFECfN4BCU$_$21,1.2590121,0.48415378,0.102227576,0.4136186
gcFECfN4BCU$_$22,2.1532383,0.79578346,0.033763465,0.1704531
gcFECfN4BCU$_$23,1.1395293,0.47253543,0.09889454,0.42857006
gcFECfN4BCU$_$1,0.7685795,0.4753209,0.08983851,0.43484053
gcFECfN4BCU$_$0,0.9079718,0.54676867,0.045496166,0.4077352
gcFECfN4BCU$_$3,0.61484015,0.5317064,0.108537704,0.35975596
gcFECfN4BCU$_$5,0.40897053,0.47554958,0.096697696,0.4277527
gcFECfN4BCU$_$4,1.1110479,0.35025594,0.12177191,0.52797216
gcFECfN4BCU$_$7,1.0799259,0.5106914,0.081601344,0.4077073
gcFECfN4BCU$_$6,0.71891433,0.4182632,0.36235163,0.2193852
gcFECfN4BCU$_$9,1.1719112,0.64698577,0.019862138,0.3331521
gcFECfN4BCU$_$8,1.274453,0.5112653,0.024626587,0.46410814
gcFECfN4BCU$_$11,0.4508335,0.35420877,0.15050036,0.49529094
gcFECfN4BCU$_$10,0.98817587,0.51913434,0.08552413,0.39534152
gcFECfN4BCU$_$13,0.44123873,0.48983702,0.101896554,0.40826634
gcFECfN4BCU$_$12,0.4731474,0.5612472,0.10112176,0.33763105
gcFECfN4BCU$_$15,0.48901033,0.43825743,0.04277785,0.51896477
gcFECfN4BCU$_$14,0.45688462,0.53310895,0.112437025,0.354454
gcFECfN4BCU$_$17,0.8482138,0.58479977,0.050826665,0.36437362
gcFECfN4BCU$_$16,0.35124785,0.49939758,0.10816932,0.39243314
gcFECfN4BCU$_$19,0.5200917,0.5231612,0.082207836,0.39463106
gcFECfN4BCU$_$18,1.435336,0.75609064,0.028670894,0.21523853
gpn71-aKWwQ$_$1,0.39185044,0.65275246,0.072380625,0.27486688
gpn71-aKWwQ$_$0,0.9327118,0.5871986,0.08771856,0.32508278
gpn71-aKWwQ$_$2,0.8332642,0.6508955,0.13894692,0.21015762
grsV1YN1z5s$_$6,0.53504366,0.59260476,0.09057814,0.3168171
h1ZZHUU4j0k$_$20,-0.117461905,0.7183362,0.041691802,0.239972
h1ZZHUU4j0k$_$21,-0.46876198,0.32445627,0.15769503,0.5178487
h1ZZHUU4j0k$_$22,0.42100477,0.5078482,0.17526264,0.31688923
h1ZZHUU4j0k$_$23,-0.0018055029,0.48121846,0.10640977,0.41237172
h1ZZHUU4j0k$_$0,1.1766778,0.8162052,0.054323055,0.12947167
h1ZZHUU4j0k$_$3,0.8992062,0.69037825,0.03975075,0.269871
h1ZZHUU4j0k$_$2,0.30000827,0.46763813,0.13513431,0.39722756
h1ZZHUU4j0k$_$5,-0.5365337,0.4005642,0.17013116,0.42930463
h1ZZHUU4j0k$_$4,-0.58746207,0.7369972,0.09140559,0.17159721
h1ZZHUU4j0k$_$6,0.8169097,0.72030723,0.0784239,0.20126884
h1ZZHUU4j0k$_$9,-0.19729029,0.39410114,0.12401699,0.48188186
h1ZZHUU4j0k$_$8,0.14604628,0.41037598,0.17799918,0.41162476
h1ZZHUU4j0k$_$11,0.6279813,0.4574535,0.15100856,0.39153787
h1ZZHUU4j0k$_$10,0.36090946,0.50452965,0.14634305,0.34912732
h1ZZHUU4j0k$_$13,-0.68886477,0.7995246,0.056542672,0.1439328
h1ZZHUU4j0k$_$12,0.19092171,0.7369352,0.06871481,0.19434994
h1ZZHUU4j0k$_$15,0.06749399,0.6519996,0.104881525,0.24311887
h1ZZHUU4j0k$_$14,0.1986029,0.6212198,0.16213831,0.21664192
h1ZZHUU4j0k$_$17,1.1544883,0.71548915,0.12685461,0.15765625
h1ZZHUU4j0k$_$16,-0.33725172,0.45940587,0.14778161,0.39281258
h1ZZHUU4j0k$_$19,0.82047427,0.58115333,0.11201983,0.30682683
h1ZZHUU4j0k$_$18,0.58763176,0.69418365,0.08116959,0.22464676
hBzw4r0kfjA$_$8,-1.237702,0.5535806,0.104849815,0.34156963
hBzw4r0kfjA$_$3,-0.6167209,0.66989946,0.07628784,0.25381267
hE-sA5umuCk$_$0,0.54800487,0.60379577,0.12516378,0.27104038
hE-sA5umuCk$_$2,0.73332924,0.46737495,0.3826977,0.14992738
hI7ObFqn9Bg$_$7,0.28890425,0.42582712,0.14194983,0.43222308
hbJfSyJKBEA$_$4,0.3231267,0.47753537,0.08208371,0.4403809
huzEsVEJPaY$_$10,-0.1752118,0.582084,0.052047733,0.36586827
iFxFTtCQ6zA$_$3,0.25075793,0.5090885,0.16341905,0.32749248
iFxFTtCQ6zA$_$6,0.57096416,0.5701075,0.077860154,0.3520323
iPPp6MCythU$_$11,0.017645177,0.5742428,0.07710181,0.34865537
iPPp6MCythU$_$10,0.2906499,0.48222563,0.07763904,0.44013542
iPPp6MCythU$_$16,0.4622357,0.4542489,0.08486125,0.46088994
iPPp6MCythU$_$1,1.7557945,0.61958116,0.06695776,0.31346104
iPPp6MCythU$_$0,0.15071404,0.4833612,0.08552288,0.43111598
iPPp6MCythU$_$3,0.40964538,0.6298435,0.0584037,0.31175286
iPPp6MCythU$_$7,0.4690608,0.49092925,0.09438717,0.41468352
iPPp6MCythU$_$6,-0.1926046,0.32238677,0.11407384,0.56353945
iQDB_OkAQWs$_$4,0.031009074,0.6887656,0.08701896,0.22421543
iXiMifHNKPI$_$10,0.04071934,0.67661315,0.04156986,0.28181693
iXiMifHNKPI$_$13,-0.019008879,0.82993495,0.056398105,0.11366696
iXiMifHNKPI$_$14,0.3243535,0.4541597,0.15991142,0.38592887
iXiMifHNKPI$_$0,0.5660153,0.5638398,0.01918189,0.41697836
iXiMifHNKPI$_$3,0.6191033,0.5477042,0.029478638,0.42281717
iXiMifHNKPI$_$5,1.0840669,0.73402894,0.07130187,0.19466919
iXiMifHNKPI$_$7,0.21773665,0.35125706,0.1139932,0.5347497
iXiMifHNKPI$_$9,0.51985425,0.5383841,0.09726233,0.3643536
iXiMifHNKPI$_$8,0.27685744,0.4217352,0.1372634,0.44100145
ihPjsliqz5o$_$9,0.5264965,0.5579543,0.10847806,0.33356756
ihPjsliqz5o$_$2,0.8527581,0.6545802,0.04789316,0.29752666
ihPjsliqz5o$_$4,0.14930572,0.32252622,0.13594805,0.5415258
ihPjsliqz5o$_$7,-0.5452127,0.6019455,0.07064129,0.32741314
j1m6ctAgjsM$_$42,0.7452088,0.36908096,0.15464833,0.47627065
j1m6ctAgjsM$_$22,0.7014367,0.3596867,0.17420797,0.46610525
j1m6ctAgjsM$_$43,1.1105511,0.53940606,0.19178052,0.26881343
j1m6ctAgjsM$_$23,0.18529129,0.3521808,0.1627358,0.48508337
j1m6ctAgjsM$_$24,0.4741702,0.54921436,0.11428399,0.33650166
j1m6ctAgjsM$_$25,0.29122218,0.31840292,0.15386003,0.5277371
j1m6ctAgjsM$_$26,0.078724235,0.26880455,0.15690458,0.5742909
j1m6ctAgjsM$_$27,0.45616704,0.56801355,0.1764466,0.25553992
j1m6ctAgjsM$_$20,-0.057110734,0.38752282,0.1097763,0.50270087
j1m6ctAgjsM$_$21,0.5936916,0.40059677,0.13321856,0.46618468
j1m6ctAgjsM$_$48,1.4006666,0.5611889,0.09671921,0.34209195
j1m6ctAgjsM$_$49,1.2624174,0.45388144,0.11764956,0.42846903
j1m6ctAgjsM$_$46,0.94134986,0.59019583,0.09431028,0.3154939
j1m6ctAgjsM$_$47,1.1735772,0.68449455,0.08799884,0.22750664
j1m6ctAgjsM$_$44,-1.2288429,0.5115992,0.14994846,0.3384524
j1m6ctAgjsM$_$45,-0.019947026,0.51175565,0.12039368,0.36785066
j1m6ctAgjsM$_$28,1.0543333,0.46319044,0.024804281,0.5120053
j1m6ctAgjsM$_$29,1.3310641,0.6883297,0.12116145,0.19050889
j1m6ctAgjsM$_$40,0.26989263,0.258999,0.16522698,0.5757741
j1m6ctAgjsM$_$41,1.0559713,0.5554513,0.12996717,0.31458163
j1m6ctAgjsM$_$1,1.1635762,0.6425959,0.1285151,0.22888902
j1m6ctAgjsM$_$0,0.6262544,0.41612273,0.16938668,0.4144906
j1m6ctAgjsM$_$3,0.51005137,0.5476513,0.16039675,0.2919519
j1m6ctAgjsM$_$2,1.2620493,0.5345367,0.10465726,0.36080602
j1m6ctAgjsM$_$5,0.91725034,0.52760434,0.10788166,0.364514
j1m6ctAgjsM$_$4,0.7265758,0.3305264,0.15074559,0.518728
j1m6ctAgjsM$_$7,-1.4891484,0.7685358,0.0799246,0.1515396
j1m6ctAgjsM$_$6,-0.050616417,0.8185686,0.075233825,0.10619757
j1m6ctAgjsM$_$9,0.107350886,0.3759859,0.11453665,0.50947744
j1m6ctAgjsM$_$8,0.24438918,0.6109176,0.11003742,0.27904493
j1m6ctAgjsM$_$39,0.9304253,0.58036447,0.12166007,0.2979754
j1m6ctAgjsM$_$38,0.83572495,0.49982536,0.14424813,0.35592648
j1m6ctAgjsM$_$11,1.2955512,0.73814327,0.030655513,0.23120117
j1m6ctAgjsM$_$10,0.2612749,0.5790096,0.18539533,0.23559506
j1m6ctAgjsM$_$13,0.06991358,0.45275941,0.17013,0.3771106
j1m6ctAgjsM$_$12,-0.081998274,0.47394818,0.17736408,0.34868777
j1m6ctAgjsM$_$15,0.22970387,0.3955871,0.16319612,0.4412168
j1m6ctAgjsM$_$14,0.1794161,0.42559943,0.13473874,0.43966183
j1m6ctAgjsM$_$17,0.76525205,0.20418337,0.19594936,0.5998673
j1m6ctAgjsM$_$16,-0.071558505,0.5076889,0.11106994,0.38124123
j1m6ctAgjsM$_$19,0.41003275,0.44353718,0.11660186,0.43986094
j1m6ctAgjsM$_$18,-0.3047678,0.53819364,0.08327686,0.3785295
j1m6ctAgjsM$_$31,0.40230003,0.46908218,0.13063444,0.4002834
j1m6ctAgjsM$_$30,0.34723043,0.32811537,0.111007944,0.56087667
j1m6ctAgjsM$_$51,1.877559,0.6784973,0.08282034,0.23868231
j1m6ctAgjsM$_$36,0.40606904,0.5561158,0.16667673,0.27720743
j1m6ctAgjsM$_$35,0.21771064,0.3839512,0.14966354,0.46638522
j1m6ctAgjsM$_$34,0.9262301,0.5385922,0.12664717,0.33476058
j1m6ctAgjsM$_$33,0.03724544,0.40202945,0.15081981,0.4471508
j1m6ctAgjsM$_$37,0.072206765,0.38362157,0.14449817,0.47188023
j1m6ctAgjsM$_$32,0.32183248,0.5095579,0.109421425,0.38102064
j1m6ctAgjsM$_$50,0.19781554,0.42489392,0.13633378,0.43877235
jE3gYsxr_5s$_$9,0.7502018,0.63397753,0.06251397,0.3035085
jE3gYsxr_5s$_$0,0.51353765,0.57650816,0.053058416,0.37043336
jE3gYsxr_5s$_$15,1.1405427,0.5658113,0.15583874,0.27834997
jLN6B0aSrW0$_$1,-0.097415105,0.3233754,0.13133344,0.5452911
jLN6B0aSrW0$_$0,0.31785876,0.54046196,0.099518955,0.36001906
jLN6B0aSrW0$_$3,0.98419654,0.57017535,0.076597646,0.353227
jLN6B0aSrW0$_$2,0.16153935,0.39098802,0.13522731,0.4737847
jLN6B0aSrW0$_$5,0.13945763,0.41035295,0.12666725,0.46297985
jPtaz1rN6lc$_$11,0.30985436,0.47431135,0.11358523,0.41210335
jPtaz1rN6lc$_$15,-0.098614335,0.3285466,0.20285296,0.46860045
jPtaz1rN6lc$_$16,0.06668647,0.6769731,0.08818563,0.23484124
jPtaz1rN6lc$_$0,0.11360642,0.36977503,0.19005126,0.44017377
jXQmVFcOiUI$_$0,0.7472463,0.5594676,0.101355135,0.33917725
jXQmVFcOiUI$_$3,-0.1647999,0.5150972,0.1742592,0.31064355
jXQmVFcOiUI$_$6,0.21397129,0.28732195,0.14046782,0.5722102
jZe-2w7pkd8$_$19,0.5088083,0.6026052,0.086978525,0.31041625
jZe-2w7pkd8$_$4,0.57143116,0.6415178,0.111806065,0.24667618
jZe-2w7pkd8$_$14,-0.6342968,0.44469532,0.18767948,0.36762515
jZe-2w7pkd8$_$16,-0.9046136,0.55265206,0.118960835,0.32838714
jj8aSNPHMw8$_$13,-0.8760555,0.80621475,0.048394892,0.14539044
jj8aSNPHMw8$_$12,0.49189332,0.68614894,0.0813619,0.23248917
jj8aSNPHMw8$_$14,-0.20230684,0.74688715,0.053532105,0.19958076
jj8aSNPHMw8$_$17,1.6480727,0.78103715,0.06684881,0.15211403
jj8aSNPHMw8$_$16,1.0296084,0.56304026,0.11109024,0.3258695
jj8aSNPHMw8$_$1,0.55055404,0.8013316,0.014400875,0.18426754
jj8aSNPHMw8$_$0,0.59496963,0.6395027,0.052090313,0.308407
jj8aSNPHMw8$_$3,0.77320707,0.6722575,0.035323698,0.29241887
jj8aSNPHMw8$_$5,0.959188,0.72158474,0.030116536,0.24829875
jj8aSNPHMw8$_$4,0.7382525,0.6305356,0.107145645,0.26231876
jj8aSNPHMw8$_$9,0.76136625,0.75070596,0.083147965,0.16614605
jj8aSNPHMw8$_$8,-0.4236183,0.6979646,0.10579796,0.1962374
jqutn5ou8_0$_$3,0.991876,0.58537513,0.14008388,0.274541
jqutn5ou8_0$_$2,0.9089248,0.58592343,0.053023815,0.36105278
jqutn5ou8_0$_$5,0.75208676,0.56824106,0.1632126,0.2685463
jqutn5ou8_0$_$7,1.4597789,0.55802226,0.15647513,0.2855026
jqutn5ou8_0$_$6,1.0826269,0.64125824,0.020740513,0.3380012
jqutn5ou8_0$_$8,1.5680531,0.66369987,0.06715461,0.26914552
jscKL5jS-SQ$_$24,1.5027264,0.68070245,0.036092788,0.2832048
jscKL5jS-SQ$_$10,-0.9175796,0.4929223,0.14844845,0.35862926
jscKL5jS-SQ$_$13,-0.47060382,0.61368,0.092528425,0.29379153
jscKL5jS-SQ$_$27,0.45911908,0.84386146,0.04712234,0.109016195
jscKL5jS-SQ$_$15,0.06588201,0.4844572,0.12787072,0.38767207
jscKL5jS-SQ$_$17,-0.12186465,0.47029212,0.14842775,0.38128015
jscKL5jS-SQ$_$19,1.0220624,0.67928773,0.08118915,0.23952307
jscKL5jS-SQ$_$30,-1.9761926,0.82663953,0.023534667,0.14982581
jscKL5jS-SQ$_$1,-1.0400796,0.6498177,0.09546936,0.25471297
jscKL5jS-SQ$_$0,0.31842446,0.5824331,0.11703619,0.30053073
jscKL5jS-SQ$_$5,-0.33262828,0.56325924,0.12441822,0.31232253
jscKL5jS-SQ$_$4,-0.20868596,0.55958307,0.11274555,0.32767135
jscKL5jS-SQ$_$6,-0.06501314,0.4800972,0.1640569,0.35584587
k1BrzX5bc7U$_$1,-0.122692466,0.5950513,0.1264807,0.278468
k1BrzX5bc7U$_$3,0.23880187,0.39281523,0.18601269,0.4211721
k1BrzX5bc7U$_$4,0.4957754,0.6083994,0.15603162,0.23556897
k8yDywC4gt8$_$1,0.016229656,0.5973386,0.07352832,0.32913306
k8yDywC4gt8$_$3,0.6375822,0.43449548,0.11089216,0.4546124
k8yDywC4gt8$_$2,-0.25081953,0.3700457,0.14210983,0.48784444
k8yDywC4gt8$_$4,0.15776372,0.45258823,0.108546264,0.43886548
kI6jzM_aLGs$_$3,0.22483999,0.55405253,0.13504978,0.3108977
kI6jzM_aLGs$_$2,0.36342454,0.50642776,0.21228418,0.28128812
kLAXmTx2xOA$_$1,-0.2185534,0.6820769,0.07102021,0.24690287
kLAXmTx2xOA$_$4,0.31198877,0.69935656,0.13598134,0.1646621
kXhJ3hHK9hQ$_$10,0.9661451,0.48489624,0.1480336,0.36707014
kXhJ3hHK9hQ$_$0,0.10891864,0.5773537,0.12271247,0.29993376
kXhJ3hHK9hQ$_$3,0.18079698,0.62886304,0.062134635,0.30900234
kXhJ3hHK9hQ$_$4,0.19150159,0.52219874,0.07039215,0.4074091
kXhJ3hHK9hQ$_$7,-0.8677006,0.4637817,0.123967156,0.41225114
kXhJ3hHK9hQ$_$6,0.27696124,0.45396647,0.08985145,0.45618206
kXiBdruxTvE$_$3,0.69309664,0.6892511,0.016201187,0.2945477
kXiBdruxTvE$_$2,0.7471409,0.52439624,0.031172737,0.44443107
kXiBdruxTvE$_$5,0.6822152,0.42811826,0.11508508,0.45679668
kXiBdruxTvE$_$4,1.0867381,0.82664824,0.026829597,0.14652213
kXiBdruxTvE$_$6,1.2934422,0.8055766,0.04201832,0.15240505
kaudsLIvYC8$_$1,0.123773366,0.6606852,0.098374575,0.24094026
kaudsLIvYC8$_$0,0.88748646,0.57574224,0.09817331,0.32608443
kaudsLIvYC8$_$3,-0.07505013,0.59795594,0.059966873,0.3420771
kaudsLIvYC8$_$2,-0.013615388,0.506655,0.10747698,0.38586804
kbRtSmJM5aU$_$9,0.73992467,0.7417263,0.05810098,0.20017277
kbRtSmJM5aU$_$11,0.8270377,0.6590299,0.122718886,0.21825123
kg-W6-hP2Do$_$10,-0.009237919,0.42561916,0.15464684,0.41973397
kg-W6-hP2Do$_$13,0.6076509,0.5673041,0.13071646,0.30197948
kg-W6-hP2Do$_$12,0.33893332,0.5227084,0.14428097,0.33301055
kg-W6-hP2Do$_$17,-0.49826306,0.6853118,0.103014454,0.21167375
kg-W6-hP2Do$_$16,0.72969675,0.49880236,0.14978012,0.35141748
kg-W6-hP2Do$_$3,-0.5901971,0.8191179,0.055014793,0.12586722
kg-W6-hP2Do$_$4,0.2931588,0.45792323,0.15970668,0.38237014
kg-W6-hP2Do$_$8,0.95255685,0.6285833,0.10723535,0.26418126
kld9r0iFkWM$_$1,0.52896273,0.4001163,0.07588609,0.52399755
kld9r0iFkWM$_$3,0.20895657,0.3269567,0.10824351,0.5647998
kld9r0iFkWM$_$2,-0.08135705,0.2662455,0.10285821,0.63089633
kld9r0iFkWM$_$5,0.45896888,0.3624998,0.11003964,0.5274605
kmgsC68hIL8$_$11,-1.4010915,0.57188773,0.22609426,0.20201802
kmgsC68hIL8$_$1,1.8856344,0.83970606,0.06063969,0.09965431
kmgsC68hIL8$_$0,0.49937177,0.59379536,0.11124691,0.29495773
kmgsC68hIL8$_$3,0.17013784,0.6183306,0.10162496,0.2800445
kmgsC68hIL8$_$4,-0.47447324,0.6013125,0.077661864,0.32102558
kmgsC68hIL8$_$9,-0.13331468,0.5344369,0.052893687,0.41266942
kmgsC68hIL8$_$8,-1.8440766,0.7559744,0.049998034,0.19402757
kpS4BXif_Sw$_$11,0.6574392,0.7727128,0.056685943,0.17060128
kpS4BXif_Sw$_$10,-0.6402901,0.8543444,0.051847845,0.09380767
kpS4BXif_Sw$_$13,0.23018345,0.48682013,0.16055547,0.35262442
kpS4BXif_Sw$_$12,-2.1237054,0.69420135,0.11788955,0.1879091
kpS4BXif_Sw$_$15,0.33902493,0.6946936,0.023718726,0.2815877
kpS4BXif_Sw$_$14,-0.66550684,0.5831232,0.13891539,0.27796146
kpS4BXif_Sw$_$17,0.15094182,0.50073755,0.13511184,0.36415055
kpS4BXif_Sw$_$16,-0.1638714,0.70339257,0.08410825,0.21249919
kpS4BXif_Sw$_$19,-0.19207187,0.529315,0.16963872,0.30104628
kpS4BXif_Sw$_$18,0.34077245,0.56798,0.10077812,0.33124182
kpS4BXif_Sw$_$1,-0.8345231,0.4582951,0.12976496,0.41193998
kpS4BXif_Sw$_$0,0.1811412,0.48293477,0.12639359,0.39067164
kpS4BXif_Sw$_$3,0.34157634,0.40526584,0.041616973,0.5531172
kpS4BXif_Sw$_$2,0.01508474,0.579188,0.13501373,0.28579825
kpS4BXif_Sw$_$5,-1.0273539,0.6802413,0.08410732,0.23565137
kpS4BXif_Sw$_$4,0.39434636,0.6948582,0.06638048,0.23876135
kpS4BXif_Sw$_$7,-1.7356458,0.5742832,0.099710226,0.32600656
kpS4BXif_Sw$_$6,0.77820456,0.45681188,0.16283076,0.38035744
kpS4BXif_Sw$_$9,-1.7206613,0.717163,0.08227664,0.20056035
kpS4BXif_Sw$_$20,0.526574,0.59955543,0.117835335,0.28260922
kpS4BXif_Sw$_$8,-1.7180607,0.6714494,0.10048601,0.22806454
ktblaVOnFVE$_$0,1.2719138,0.6315975,0.08503561,0.28336695
ktblaVOnFVE$_$3,0.08477169,0.73123056,0.025346275,0.2434232
ktblaVOnFVE$_$2,0.97508645,0.62167233,0.08606374,0.29226393
ktblaVOnFVE$_$5,0.7445066,0.7500652,0.06472864,0.18520606
ktblaVOnFVE$_$4,0.4017058,0.42471159,0.120402515,0.45488593
l0vCKpk6Aes$_$24,0.86613536,0.7069412,0.063855805,0.229203
l0vCKpk6Aes$_$13,-1.2144397,0.52139163,0.13409445,0.3445139
l0vCKpk6Aes$_$12,0.49856615,0.47760105,0.124619775,0.39777917
l0vCKpk6Aes$_$15,-0.08111437,0.5246304,0.0892416,0.38612792
l0vCKpk6Aes$_$14,-1.3302681,0.6679419,0.047953334,0.28410473
l0vCKpk6Aes$_$19,-0.5655674,0.6926357,0.06949591,0.2378684
l0vCKpk6Aes$_$18,1.2447858,0.6919553,0.044198327,0.2638463
l0vCKpk6Aes$_$2,-0.49071094,0.3642607,0.13628395,0.49945533
l0vCKpk6Aes$_$7,1.0494341,0.7500081,0.04308266,0.20690931
l0vCKpk6Aes$_$20,0.16096565,0.6052009,0.13062918,0.26416993
l1jW3OMXUzs$_$0,-0.8711856,0.58993876,0.09804606,0.31201512
l4oMbKDuW3Y$_$1,-1.8108107,0.819685,0.029615143,0.15069985
l4oMbKDuW3Y$_$9,1.2127455,0.66476643,0.021777205,0.3134564
l4oMbKDuW3Y$_$3,-0.9923307,0.5584809,0.11685669,0.3246624
l4oMbKDuW3Y$_$5,0.32968277,0.58255404,0.05049728,0.36694866
l4oMbKDuW3Y$_$4,-0.38588712,0.7815641,0.0660561,0.15237981
lD4xtQ6NpDY$_$11,0.092696324,0.39364776,0.32836473,0.27798748
lD4xtQ6NpDY$_$10,0.7151289,0.60160506,0.1976234,0.20077156
lD4xtQ6NpDY$_$1,-1.750878,0.75310594,0.117424406,0.12946972
lD4xtQ6NpDY$_$0,-0.100519225,0.5364668,0.23364513,0.2298881
lD4xtQ6NpDY$_$3,-0.63555706,0.60535103,0.19240808,0.20224088
lD4xtQ6NpDY$_$2,-0.033948142,0.6599645,0.22283477,0.11720073
lD4xtQ6NpDY$_$5,-0.7882343,0.72749305,0.117701724,0.15480523
lD4xtQ6NpDY$_$4,0.12051129,0.44732535,0.30795273,0.24472189
lD4xtQ6NpDY$_$7,0.36648816,0.46256736,0.29382682,0.24360584
lD4xtQ6NpDY$_$6,1.7683502,0.7667322,0.060066964,0.17320082
lD4xtQ6NpDY$_$9,0.2200543,0.45681262,0.2711622,0.27202514
lD4xtQ6NpDY$_$8,0.71138084,0.6240733,0.18325543,0.19267125
lO6N9dyvPTA$_$2,0.7603347,0.64874357,0.1073565,0.24389991
lYwgLa4R5XQ$_$10,-0.13195464,0.4506371,0.12567587,0.423687
lYwgLa4R5XQ$_$1,0.1475267,0.5823181,0.13301586,0.284666
lYwgLa4R5XQ$_$0,-0.56313205,0.5353095,0.07860548,0.38608506
lYwgLa4R5XQ$_$3,-0.7820642,0.7425149,0.07345337,0.18403172
lYwgLa4R5XQ$_$5,0.40313247,0.607038,0.10581242,0.28714955
lYwgLa4R5XQ$_$4,-0.172926,0.39523932,0.18327534,0.4214854
lYwgLa4R5XQ$_$7,-0.25660458,0.7783411,0.061119176,0.16053972
lYwgLa4R5XQ$_$6,-0.0046941824,0.29255667,0.2066652,0.50077814
lYwgLa4R5XQ$_$9,-1.0440067,0.7120589,0.053221054,0.23472002
lYwgLa4R5XQ$_$8,-0.96890974,0.61749333,0.09430875,0.28819793
lc5bSoGlQwY$_$1,0.6534054,0.7099747,0.07544439,0.21458088
lc5bSoGlQwY$_$8,0.062285725,0.40905336,0.140171,0.4507757
lc5bSoGlQwY$_$9,-0.48575723,0.45776606,0.13021629,0.41201767
lc5bSoGlQwY$_$5,0.89107823,0.6444674,0.08263973,0.27289283
lc5bSoGlQwY$_$7,-0.043487508,0.46383828,0.113651335,0.42251033
lkIe41StoGI$_$11,0.7541919,0.26928258,0.5373759,0.19334154
lkIe41StoGI$_$10,1.2645482,0.22938545,0.44899184,0.32162276
lkIe41StoGI$_$1,0.98934984,0.7242093,0.07352429,0.20226634
lkIe41StoGI$_$0,0.021067943,0.7165804,0.090510525,0.19290912
lkIe41StoGI$_$3,0.4803473,0.7629757,0.05508765,0.18193673
lkIe41StoGI$_$2,-0.07582781,0.48063526,0.2994337,0.21993102
lkIe41StoGI$_$4,0.019218113,0.6301896,0.06361978,0.30619067
lkIe41StoGI$_$6,-0.70796824,0.84594595,0.04104404,0.11300995
lkIe41StoGI$_$9,0.8547117,0.5197505,0.13688514,0.3433644
lkIe41StoGI$_$8,0.0874718,0.5691478,0.09191909,0.33893308
lkeVfgI0eEk$_$1,-0.3648957,0.4301548,0.2306591,0.33918613
lkeVfgI0eEk$_$0,0.09821157,0.32205734,0.18989328,0.48804936
lkeVfgI0eEk$_$3,-0.8106317,0.6103723,0.11658666,0.27304104
lkeVfgI0eEk$_$2,-0.7330237,0.5726178,0.14921322,0.27816904
lkeVfgI0eEk$_$5,-1.823163,0.76350105,0.078334786,0.15816416
lkeVfgI0eEk$_$4,1.5726002,0.6350851,0.12602396,0.23889087
lkeVfgI0eEk$_$7,-0.7876218,0.4972007,0.10214545,0.4006538
lkeVfgI0eEk$_$9,-0.29519624,0.7196704,0.07580265,0.20452692
lkeVfgI0eEk$_$8,-1.5293221,0.69966227,0.07276742,0.2275703
lrjm6F3JJgg$_$5,0.35248807,0.47300622,0.042651534,0.48434225
lwL4hjhkid4$_$1,0.116018176,0.41766372,0.13262035,0.44971597
lwL4hjhkid4$_$0,0.60472417,0.4170431,0.36794448,0.21501239
lwL4hjhkid4$_$3,0.43387005,0.585081,0.10359223,0.3113268
lwL4hjhkid4$_$5,0.18023975,0.6603816,0.0839865,0.25563192
lwL4hjhkid4$_$6,0.2122133,0.57461196,0.16378567,0.2616023
lxBKEPIUSgc$_$1,-0.88379765,0.7323715,0.08178748,0.18584104
lxBKEPIUSgc$_$2,0.005965274,0.8529949,0.04640491,0.10060016
m-7yRWZLwLY$_$1,0.5646561,0.66686434,0.061545867,0.2715898
m-7yRWZLwLY$_$0,-0.11456928,0.45863092,0.21004967,0.33131942
m-7yRWZLwLY$_$3,0.6003804,0.8607789,0.042562544,0.09665851
m-7yRWZLwLY$_$2,-0.23476124,0.4908033,0.14630008,0.36289656
mRqqH_gx7Q0$_$0,0.5010198,0.6372857,0.17023574,0.19247858
mRqqH_gx7Q0$_$2,0.39919338,0.69212145,0.035921134,0.27195743
mVnqP-vLpuo$_$10,0.27726394,0.36596775,0.13985316,0.49417904
mVnqP-vLpuo$_$1,0.5784608,0.43620738,0.15686768,0.406925
mVnqP-vLpuo$_$0,0.9026722,0.5628395,0.117050715,0.32010975
mVnqP-vLpuo$_$3,0.32414958,0.47122565,0.15036298,0.37841135
mVnqP-vLpuo$_$2,-0.24492556,0.5911424,0.065635994,0.34322152
mVnqP-vLpuo$_$5,0.6947786,0.48602545,0.1432283,0.37074625
mVnqP-vLpuo$_$4,0.71962726,0.40084717,0.12979397,0.46935886
mVnqP-vLpuo$_$7,0.66020626,0.468902,0.13260138,0.39849663
mVnqP-vLpuo$_$6,0.652433,0.6068546,0.0979892,0.29515615
mVnqP-vLpuo$_$9,0.2790131,0.40378213,0.11286693,0.4833509
mVnqP-vLpuo$_$8,0.933274,0.6324074,0.11740849,0.25018415
mZ_8em_-CGc$_$4,0.1070524,0.4799896,0.14323594,0.37677443
mZ_8em_-CGc$_$7,0.23007302,0.5946919,0.18122652,0.22408165
mfpR4CN9LZo$_$24,0.9512801,0.48125854,0.14945023,0.36929122
mfpR4CN9LZo$_$20,1.0908222,0.6130126,0.099772684,0.28721464
mfpR4CN9LZo$_$23,0.783329,0.67548007,0.047377907,0.277142
mfpR4CN9LZo$_$16,-0.09780267,0.57353276,0.110339195,0.31612802
mfpR4CN9LZo$_$0,-0.3573227,0.3713049,0.20086947,0.42782563
mfpR4CN9LZo$_$4,-0.12782103,0.44652823,0.16967963,0.38379213
mgsvwAVQAQo$_$1,0.062719986,0.43256104,0.15333685,0.41410208
mgsvwAVQAQo$_$0,-0.9405701,0.7111207,0.07661697,0.21226235
mgsvwAVQAQo$_$3,-1.4610106,0.7014604,0.08398579,0.21455382
mgsvwAVQAQo$_$5,1.4452765,0.5818144,0.14489771,0.27328786
mgsvwAVQAQo$_$4,-0.0070790537,0.4663582,0.070543535,0.46309826
mmg_eTDHjkk$_$20,0.23675992,0.61940163,0.10651259,0.27408585
mmg_eTDHjkk$_$21,0.34431195,0.49900255,0.178292,0.3227054
mmg_eTDHjkk$_$22,0.1543854,0.7750482,0.06569911,0.15925266
mmg_eTDHjkk$_$1,1.2338593,0.7565209,0.023427214,0.22005193
mmg_eTDHjkk$_$0,1.4648963,0.57862276,0.18920434,0.23217289
mmg_eTDHjkk$_$3,1.0439125,0.6469229,0.13311234,0.21996482
mmg_eTDHjkk$_$2,1.1100827,0.49092293,0.16971752,0.3393596
mmg_eTDHjkk$_$5,0.5643053,0.30443594,0.12941971,0.56614435
mmg_eTDHjkk$_$4,1.5274049,0.5829174,0.034716766,0.3823658
mmg_eTDHjkk$_$7,-0.1688393,0.73041606,0.096443914,0.17314006
mmg_eTDHjkk$_$6,0.29222047,0.5796015,0.09195158,0.32844687
mmg_eTDHjkk$_$9,0.40666175,0.6098283,0.14205125,0.24812046
mmg_eTDHjkk$_$8,0.4979838,0.47012076,0.13160008,0.39827922
mmg_eTDHjkk$_$11,0.1322231,0.61444545,0.1200591,0.26549542
mmg_eTDHjkk$_$10,1.5167428,0.6166996,0.12012903,0.26317137
mmg_eTDHjkk$_$13,0.67041624,0.38282734,0.115508795,0.50166386
mmg_eTDHjkk$_$12,-0.10767126,0.46829695,0.11780649,0.4138966
mmg_eTDHjkk$_$15,0.1393359,0.6023007,0.1345719,0.2631274
mmg_eTDHjkk$_$14,0.6368267,0.5412439,0.14560021,0.3131559
mmg_eTDHjkk$_$17,0.10233538,0.5912241,0.08545167,0.32332417
mmg_eTDHjkk$_$16,0.52348137,0.45509285,0.16024995,0.38465723
mmg_eTDHjkk$_$19,1.1491882,0.61763906,0.02922333,0.3531376
mmg_eTDHjkk$_$18,0.83849114,0.51745087,0.118672796,0.36387637
mzAu5gxjE-w$_$1,0.735724,0.55704147,0.17871866,0.2642399
mzAu5gxjE-w$_$0,1.9747089,0.8438327,0.024600692,0.13156666
mzAu5gxjE-w$_$2,1.9679046,0.8352624,0.031932198,0.13280539
mzAu5gxjE-w$_$5,1.4721743,0.88868207,0.053347666,0.05797024
nFTo-Lz4Fr8$_$1,0.7391405,0.42313755,0.097113386,0.47974905
nFTo-Lz4Fr8$_$3,0.6710884,0.43457538,0.0715372,0.49388742
nTZSH0EwpnY$_$13,0.6516744,0.7927727,0.08710399,0.12012328
nTZSH0EwpnY$_$14,-1.3923434,0.80264384,0.11051917,0.08683703
nTZSH0EwpnY$_$17,1.0563473,0.8105215,0.02060023,0.16887826
nTZSH0EwpnY$_$0,-0.20664959,0.42561355,0.18502876,0.38935766
nTZSH0EwpnY$_$2,-1.1683496,0.5589714,0.09483678,0.3461918
nTZSH0EwpnY$_$5,-0.26334548,0.7309991,0.039997783,0.22900315
nTZSH0EwpnY$_$4,-0.47727382,0.44454896,0.17379826,0.38165277
nTZSH0EwpnY$_$7,-0.94504035,0.500352,0.1960398,0.30360818
nTZSH0EwpnY$_$8,-1.3462023,0.54903543,0.1406318,0.31033283
nXWNHVZtV9A$_$5,0.43110514,0.78905153,0.07042498,0.14052348
nZFPKP9kBkw$_$1,1.4249442,0.6062551,0.07580395,0.31794098
nZFPKP9kBkw$_$3,1.0764478,0.519434,0.091968805,0.3885972
nZFPKP9kBkw$_$2,0.87194806,0.5848074,0.09617526,0.31901735
nZFPKP9kBkw$_$4,1.2941781,0.66537726,0.05777702,0.2768457
nZFPKP9kBkw$_$7,0.57756066,0.51521945,0.047001004,0.43777958
naZi9AusrW4$_$1,-0.20666294,0.7475568,0.08965939,0.16278379
naZi9AusrW4$_$4,-0.060689766,0.55478853,0.11100574,0.33420572
namehdJxRIM$_$1,-0.00304001,0.33653384,0.16214369,0.50132245
namehdJxRIM$_$0,0.13085186,0.45123148,0.13761519,0.41115332
namehdJxRIM$_$2,-0.39425212,0.31756443,0.16937165,0.5130639
namehdJxRIM$_$5,-0.13093086,0.29113203,0.14517063,0.56369734
namehdJxRIM$_$4,0.37947014,0.4284073,0.11590774,0.45568493
nbru7qLot04$_$10,0.18636057,0.73825234,0.07114677,0.19060084
nbru7qLot04$_$12,-0.350152,0.6494936,0.08295991,0.2675466
nbru7qLot04$_$15,0.39257875,0.4595089,0.15087588,0.38961518
nbru7qLot04$_$16,-0.024229888,0.54494363,0.03200367,0.4230527
nbru7qLot04$_$0,-0.03674758,0.7884046,0.08742526,0.12417017
nbru7qLot04$_$3,0.47611386,0.8425927,0.028659673,0.12874767
nbru7qLot04$_$2,2.327435,0.8297525,0.06715689,0.10309055
nbru7qLot04$_$4,0.25083253,0.67139155,0.06626687,0.26234162
nbru7qLot04$_$7,-0.025784705,0.6752811,0.0676539,0.25706506
nbru7qLot04$_$6,0.014633518,0.4663011,0.033526197,0.50017273
nbru7qLot04$_$9,-0.052993212,0.5166811,0.031553566,0.45176536
nbru7qLot04$_$8,-0.22814459,0.60265636,0.032609943,0.36473376
o2XbNJDpOlc$_$11,-0.21790963,0.68943465,0.098631725,0.2119336
o2XbNJDpOlc$_$10,0.028381791,0.7426523,0.12564358,0.13170409
o2XbNJDpOlc$_$13,0.8769017,0.6411008,0.1231118,0.23578742
o2XbNJDpOlc$_$17,-0.2632985,0.74007374,0.11898869,0.14093755
o2XbNJDpOlc$_$6,0.19402102,0.5683608,0.1610112,0.27062792
o2XbNJDpOlc$_$9,0.32968947,0.68755597,0.10940613,0.20303787
oBS-IW-BO00$_$9,2.179029,0.7676357,0.03131429,0.20104998
oBS-IW-BO00$_$3,0.39189577,0.6046066,0.076851696,0.31854168
oBS-IW-BO00$_$2,0.33558404,0.5424277,0.13944699,0.31812525
oBS-IW-BO00$_$7,0.513144,0.6489585,0.054297734,0.29674378
oGFDE-6nd7Q$_$1,-0.12064092,0.49872416,0.11894544,0.3823304
oGFDE-6nd7Q$_$0,1.5113548,0.6690123,0.07764372,0.25334397
oGFDE-6nd7Q$_$3,0.17544337,0.46548048,0.11309399,0.42142552
oGFDE-6nd7Q$_$2,0.24879539,0.662476,0.07780836,0.25971562
oGFDE-6nd7Q$_$5,0.25144705,0.45047382,0.15749773,0.39202854
oGFDE-6nd7Q$_$6,-0.35925752,0.36929804,0.14967959,0.48102245
oH9fMma8jiQ$_$8,1.2848862,0.76057994,0.026476974,0.21294305
oHff2W51wZ8$_$1,1.1396115,0.6198219,0.10930889,0.2708692
oHff2W51wZ8$_$3,0.755495,0.56003946,0.11132019,0.3286403
oHff2W51wZ8$_$2,1.9419494,0.6672319,0.10481303,0.22795506
oHff2W51wZ8$_$5,1.351622,0.76472324,0.082867175,0.15240955
oHff2W51wZ8$_$4,0.8726294,0.70961255,0.09958765,0.19079982
oHff2W51wZ8$_$7,0.96470225,0.62652075,0.14996772,0.22351149
oHff2W51wZ8$_$6,1.066091,0.4930641,0.19531266,0.31162322
oPlnhc0DkcU$_$1,0.65329486,0.66744494,0.13812779,0.19442727
oPlnhc0DkcU$_$0,0.37177062,0.58742636,0.08853083,0.3240429
oPlnhc0DkcU$_$3,-0.19947049,0.6857726,0.10232171,0.21190572
oPlnhc0DkcU$_$2,0.981063,0.7242448,0.118523605,0.15723154
oPlnhc0DkcU$_$4,1.0499059,0.5688609,0.06262463,0.36851454
oQizLbmte0c$_$10,0.9198125,0.71192366,0.05344709,0.23462923
oQizLbmte0c$_$13,1.0460172,0.64847267,0.09518906,0.25633824
oQizLbmte0c$_$12,0.06347984,0.51906633,0.086712904,0.3942208
oQizLbmte0c$_$15,1.9663502,0.5630856,0.19613439,0.24078
oQizLbmte0c$_$14,0.5666478,0.48179018,0.06712608,0.45108375
oQizLbmte0c$_$1,1.3960234,0.8033983,0.069909625,0.126692
oQizLbmte0c$_$4,-0.04745573,0.5757734,0.07122853,0.35299805
oZxMx8e0x2U$_$1,-0.77970386,0.7028082,0.0830901,0.21410167
oZxMx8e0x2U$_$0,0.60418886,0.5154338,0.14009868,0.34446752
oZxMx8e0x2U$_$2,-0.5819131,0.5015917,0.11980566,0.37860265
obGF3RfWQKE$_$24,0.76944864,0.41582817,0.14064775,0.44352403
obGF3RfWQKE$_$11,1.3534702,0.70768476,0.06239539,0.2299198
obGF3RfWQKE$_$26,0.1647173,0.4210185,0.16911931,0.40986213
obGF3RfWQKE$_$20,0.13593009,0.63385224,0.10714302,0.2590047
obGF3RfWQKE$_$21,1.349984,0.56070364,0.16425085,0.2750455
obGF3RfWQKE$_$23,1.189685,0.42859852,0.13074529,0.4406562
obGF3RfWQKE$_$33,-0.04475129,0.594706,0.14207825,0.26321572
obGF3RfWQKE$_$31,0.75506,0.54770094,0.11986399,0.33243507
obGF3RfWQKE$_$30,0.94061816,0.7927845,0.023611251,0.18360429
obGF3RfWQKE$_$3,1.3863806,0.8227083,0.029039588,0.14825211
obGF3RfWQKE$_$16,-0.9090075,0.5738033,0.08645707,0.3397396
obGF3RfWQKE$_$4,0.68744844,0.6229624,0.07001733,0.3070203
obGF3RfWQKE$_$6,0.64490414,0.29335886,0.25819495,0.44844612
obGF3RfWQKE$_$9,0.68645024,0.5480037,0.15519035,0.296806
obGF3RfWQKE$_$25,0.23177032,0.44059122,0.121074095,0.43833476
ossKC1VrusE$_$0,0.9020517,0.75554186,0.07200014,0.17245804
ossKC1VrusE$_$3,0.53227955,0.57513565,0.11877923,0.30608502
ossKC1VrusE$_$2,0.7457208,0.68220836,0.121093415,0.1966982
ossKC1VrusE$_$5,0.6323445,0.6104249,0.095229425,0.29434565
ozA7pRW4gFM$_$1,0.084407985,0.4683059,0.15083092,0.38086316
ozA7pRW4gFM$_$3,0.12145747,0.62125987,0.09293927,0.2858008
ozA7pRW4gFM$_$2,-1.0370032,0.50815773,0.11402007,0.3778222
ozA7pRW4gFM$_$5,0.7761548,0.5373045,0.10388909,0.35880637
ozA7pRW4gFM$_$4,0.1596054,0.37795162,0.14222923,0.47981915
ozA7pRW4gFM$_$7,-0.04529837,0.40157387,0.1307443,0.4676818
ozA7pRW4gFM$_$6,-0.0653805,0.32766384,0.13473627,0.5375999
ozA7pRW4gFM$_$9,-0.30813396,0.46908596,0.105517544,0.4253965
ozA7pRW4gFM$_$8,0.70180553,0.5732814,0.08119285,0.34552577
p1zqEGwRMI8$_$1,0.60428953,0.50360614,0.07991936,0.41647446
p4WmcxrXkc4$_$1,2.34009,0.7737502,0.09505996,0.13118988
p4WmcxrXkc4$_$0,1.394157,0.67177415,0.03576589,0.29246002
p4WmcxrXkc4$_$3,2.0904117,0.90190643,0.03190201,0.06619153
p4WmcxrXkc4$_$4,1.4465884,0.64109176,0.101635866,0.25727236
p7zuPEZgtY4$_$10,-0.5149977,0.5321269,0.10204557,0.3658275
p7zuPEZgtY4$_$13,0.93575853,0.77005976,0.05272672,0.17721352
p7zuPEZgtY4$_$15,-0.11686252,0.5085663,0.12950881,0.36192495
p7zuPEZgtY4$_$16,0.4225628,0.63488847,0.022110313,0.3430012
p7zuPEZgtY4$_$0,-0.3659854,0.47669584,0.12618482,0.39711937
p7zuPEZgtY4$_$2,0.06953664,0.4707076,0.13378552,0.39550686
p7zuPEZgtY4$_$8,-0.12482394,0.7498228,0.12653376,0.12364337
pDRdCSIyjkA$_$0,0.45544493,0.46441606,0.10147681,0.43410715
pDRdCSIyjkA$_$3,0.20759124,0.40418136,0.1075181,0.48830056
pDRdCSIyjkA$_$2,0.074469194,0.44814056,0.060781136,0.49107835
pIaEcqnzI-s$_$10,0.08994004,0.6060244,0.13703677,0.25693887
pIaEcqnzI-s$_$1,0.5381631,0.6009709,0.17745976,0.22156933
pIaEcqnzI-s$_$0,-0.1945518,0.5692067,0.14152767,0.28926563
pIaEcqnzI-s$_$3,0.74429226,0.7271064,0.13967434,0.13321933
pIaEcqnzI-s$_$2,0.68636906,0.6386236,0.19168726,0.16968913
pIaEcqnzI-s$_$5,0.20606272,0.5135978,0.15526669,0.33113554
pIaEcqnzI-s$_$4,0.29539382,0.4277786,0.13918665,0.43303475
pIaEcqnzI-s$_$7,-0.16682655,0.7477458,0.12609228,0.12616189
pIaEcqnzI-s$_$6,0.016496774,0.58190686,0.1252265,0.29286668
pIaEcqnzI-s$_$9,-0.008419413,0.7247387,0.10236276,0.17289852
pIaEcqnzI-s$_$8,0.3673741,0.6021786,0.1556608,0.24216063
pQpy7RSfWzM$_$11,0.6705164,0.60469013,0.16554739,0.2297625
pQpy7RSfWzM$_$10,1.5267774,0.7720858,0.09450667,0.13340752
pQpy7RSfWzM$_$13,1.5601984,0.6344236,0.15619278,0.20938355
pQpy7RSfWzM$_$15,0.56231093,0.69815934,0.08723538,0.21460527
pQpy7RSfWzM$_$14,0.0013164543,0.6102662,0.16400976,0.22572401
pQpy7RSfWzM$_$16,-0.090271294,0.41588745,0.24031594,0.34379655
pQpy7RSfWzM$_$19,1.1300545,0.77284735,0.07492313,0.15222949
pQpy7RSfWzM$_$20,1.292847,0.73733383,0.10863598,0.15403017
pQpy7RSfWzM$_$0,1.7547368,0.6760609,0.12052827,0.20341076
pQpy7RSfWzM$_$3,1.1004943,0.7020961,0.11543916,0.18246476
pQpy7RSfWzM$_$5,0.78163886,0.6419848,0.13420576,0.22380936
pQpy7RSfWzM$_$4,1.2306021,0.5827304,0.16330968,0.25395992
pQpy7RSfWzM$_$9,1.3741264,0.5193234,0.1868789,0.29379764
pQpy7RSfWzM$_$8,0.07787472,0.6530995,0.14179893,0.20510161
pSxte-ms0t8$_$11,0.69514287,0.5354945,0.14509764,0.31940782
pSxte-ms0t8$_$13,-0.43396395,0.44057232,0.13481048,0.4246172
pSxte-ms0t8$_$15,-0.83428395,0.38276407,0.112249985,0.504986
pSxte-ms0t8$_$14,-0.30521882,0.6849805,0.102423444,0.21259603
pSxte-ms0t8$_$22,0.611024,0.48596364,0.12933072,0.3847057
pSxte-ms0t8$_$23,-0.5566218,0.69554573,0.090481356,0.21397285
pSxte-ms0t8$_$33,-0.3329746,0.8405114,0.02591556,0.133573
pSxte-ms0t8$_$30,-0.22338277,0.7673279,0.0692811,0.16339101
pSxte-ms0t8$_$35,0.35477418,0.8089054,0.059253138,0.13184144
pSxte-ms0t8$_$34,0.31800973,0.7971629,0.069752686,0.13308445
pSxte-ms0t8$_$1,0.22443826,0.47718528,0.1473127,0.37550208
pSxte-ms0t8$_$19,-0.37370908,0.6817969,0.098338194,0.21986498
pSxte-ms0t8$_$3,0.1859543,0.7706328,0.05793508,0.17143211
pSxte-ms0t8$_$2,0.28686562,0.4986708,0.1128415,0.38848782
pSxte-ms0t8$_$5,-0.6909011,0.781456,0.061725855,0.15681818
pSxte-ms0t8$_$4,-1.0763737,0.4942694,0.14430985,0.3614207
pSxte-ms0t8$_$7,-1.0319312,0.6642255,0.08387905,0.25189534
pSxte-ms0t8$_$6,0.48982802,0.5555157,0.12285985,0.3216245
pSxte-ms0t8$_$9,-0.75127006,0.70111686,0.09288428,0.20599882
pSxte-ms0t8$_$8,0.74941075,0.87049735,0.038960207,0.090542436
pSxte-ms0t8$_$20,-0.6704854,0.78896165,0.05676386,0.1542745
pZye4zFzk3o$_$1,-0.63874245,0.3427667,0.15248509,0.50474817
pZye4zFzk3o$_$0,-0.6163898,0.45625153,0.17866626,0.36508217
pZye4zFzk3o$_$3,-0.10015015,0.40439788,0.12521142,0.4703907
pZye4zFzk3o$_$2,0.31777632,0.41115624,0.19573008,0.3931137
pZye4zFzk3o$_$5,-0.592554,0.7838888,0.056932934,0.15917829
pZye4zFzk3o$_$4,-0.7616143,0.7664203,0.076248206,0.15733157
pZye4zFzk3o$_$7,-0.13065657,0.28090838,0.18345185,0.53563976
pZye4zFzk3o$_$6,0.15146671,0.42569187,0.106769234,0.46753883
pZye4zFzk3o$_$9,-0.20809498,0.47660553,0.08475546,0.43863901
pZye4zFzk3o$_$8,-0.67697537,0.5535236,0.07966248,0.36681393
pnpFPX34Agk$_$0,0.9330755,0.66411144,0.11859362,0.21729492
pnpFPX34Agk$_$3,-0.48091263,0.60164183,0.1211388,0.2772194
pnpFPX34Agk$_$2,-0.29285565,0.47728422,0.15221313,0.37050268
pnpFPX34Agk$_$5,-0.51795954,0.47522172,0.12778944,0.39698878
pnpFPX34Agk$_$4,0.31698787,0.5460542,0.09491775,0.35902807
pnpFPX34Agk$_$6,0.23241471,0.42382953,0.15682974,0.41934067
pvIQWWiT4-0$_$0,1.2736225,0.8202499,0.039875094,0.13987504
q17gSr9kNww$_$21,0.8646545,0.47219422,0.21177325,0.31603256
q17gSr9kNww$_$19,0.4553284,0.436462,0.114315785,0.4492223
q17gSr9kNww$_$18,0.7661049,0.66159195,0.08327467,0.25513342
q17gSr9kNww$_$1,0.44629124,0.6134051,0.14155774,0.24503714
q17gSr9kNww$_$2,0.26593286,0.59713775,0.14308742,0.25977483
q17gSr9kNww$_$5,-0.38443446,0.37092546,0.18355945,0.44551513
q17gSr9kNww$_$4,-0.2693479,0.55832386,0.09266653,0.34900963
q5M1God4M6Y$_$11,-0.15093598,0.35023037,0.1530528,0.4967168
q5M1God4M6Y$_$10,0.05025849,0.43718204,0.12444701,0.438371
q5M1God4M6Y$_$1,0.113385096,0.62951386,0.12701748,0.24346861
q5M1God4M6Y$_$0,-0.3038132,0.59310055,0.11197522,0.2949242
q5M1God4M6Y$_$3,-0.030532397,0.5211996,0.22066191,0.25813845
q5M1God4M6Y$_$2,-0.113717645,0.49040952,0.13050434,0.37908617
q5M1God4M6Y$_$5,-0.16677749,0.296376,0.20212427,0.5014998
q5M1God4M6Y$_$4,0.5240731,0.5535879,0.13983111,0.30658096
q5M1God4M6Y$_$7,0.29739735,0.39767173,0.13476966,0.46755853
q5M1God4M6Y$_$6,-0.4267106,0.53536826,0.13292278,0.33170897
q5M1God4M6Y$_$9,-0.17720768,0.5383107,0.15925255,0.30243674
q5M1God4M6Y$_$8,0.13543892,0.63039595,0.042057436,0.32754657
qAip3lZRj-g$_$1,0.3882926,0.54939306,0.18619461,0.26441234
qAip3lZRj-g$_$0,-0.20229577,0.58344537,0.115487985,0.3010666
qAip3lZRj-g$_$2,0.10503174,0.54082835,0.10685502,0.35231665
qBanrqkzobg$_$0,1.6109582,0.7461235,0.068747275,0.18512931
qBanrqkzobg$_$2,0.10573541,0.33355254,0.16705988,0.49938753
qBanrqkzobg$_$5,1.26381,0.6919089,0.09520278,0.21288833
qBanrqkzobg$_$4,0.90129966,0.6692338,0.079488106,0.2512781
qDfSYz0PX9g$_$1,1.3216096,0.77031624,0.09022214,0.13946167
qDfSYz0PX9g$_$0,-2.3329644,0.88800704,0.035245426,0.07674759
qDfSYz0PX9g$_$3,-0.010735545,0.6456752,0.120917775,0.23340704
qDfSYz0PX9g$_$2,0.42920756,0.7256657,0.11255384,0.16178046
qDfSYz0PX9g$_$5,-0.01919872,0.7674847,0.06075406,0.17176121
qDfSYz0PX9g$_$4,-0.15419427,0.540038,0.07852944,0.3814326
qDfSYz0PX9g$_$7,0.08743018,0.5600684,0.08172112,0.35821044
qDfSYz0PX9g$_$6,0.1964106,0.8526105,0.055980787,0.09140872
qDfSYz0PX9g$_$8,-0.028146494,0.5996222,0.12262913,0.2777487
qEuJj4uW93E$_$1,0.3816483,0.55122674,0.12888685,0.31988648
qEuJj4uW93E$_$0,-0.81645143,0.6493314,0.08745873,0.26320988
qEuJj4uW93E$_$3,0.745958,0.41385224,0.22600472,0.36014304
qEuJj4uW93E$_$2,1.2171016,0.63547564,0.1274015,0.2371229
qEuJj4uW93E$_$5,-0.01593133,0.4525293,0.11293396,0.4345367
qEuJj4uW93E$_$4,0.4544707,0.5832254,0.10554251,0.31123206
qTkazqluJ_I$_$14,1.1113663,0.5175729,0.12332438,0.35910276
qTkazqluJ_I$_$3,1.7436194,0.7815354,0.06267384,0.15579078
qTkazqluJ_I$_$2,0.3915347,0.64199406,0.06976902,0.28823698
qTkazqluJ_I$_$5,2.3702247,0.86470103,0.009433681,0.1258653
qTkazqluJ_I$_$9,0.2250177,0.43924215,0.12736219,0.43339568
qTkazqluJ_I$_$8,0.510731,0.49940988,0.12829733,0.37229273
qgC8_emxSIU$_$10,0.9072602,0.6131182,0.093636625,0.2932452
qgC8_emxSIU$_$5,0.41402674,0.44682115,0.028158234,0.5250206
qgC8_emxSIU$_$6,0.39511406,0.583415,0.07109795,0.3454871
qyqVc352g3Q$_$1,0.99420166,0.6773302,0.07843024,0.24423952
r46amqjpWgg$_$24,0.14270276,0.3866937,0.116967455,0.49633878
r46amqjpWgg$_$25,0.32657993,0.41306788,0.113416515,0.47351563
r46amqjpWgg$_$26,1.0132295,0.5795852,0.10856285,0.31185195
r46amqjpWgg$_$27,-0.81894267,0.79565614,0.07693762,0.12740627
r46amqjpWgg$_$20,1.3049866,0.56924725,0.115206376,0.31554636
r46amqjpWgg$_$21,0.7597422,0.47940272,0.14338127,0.377216
r46amqjpWgg$_$22,0.4210081,0.30538166,0.16145459,0.5331638
r46amqjpWgg$_$23,0.50364834,0.61639774,0.10335194,0.28025034
r46amqjpWgg$_$28,0.444821,0.46200368,0.108761474,0.42923486
r46amqjpWgg$_$29,0.5189481,0.5341889,0.16114421,0.30466685
r46amqjpWgg$_$1,-1.4033217,0.47590947,0.111813925,0.4122766
r46amqjpWgg$_$0,0.07330218,0.5003847,0.16774024,0.3318751
r46amqjpWgg$_$3,0.21218288,0.7418113,0.075355865,0.18283284
r46amqjpWgg$_$2,-0.45449728,0.5920829,0.1289755,0.2789416
r46amqjpWgg$_$5,0.43588072,0.45484352,0.10704681,0.43810964
r46amqjpWgg$_$4,-0.42293534,0.44197106,0.10503882,0.45299017
r46amqjpWgg$_$7,0.9516592,0.445586,0.09268334,0.46173066
r46amqjpWgg$_$6,0.6886358,0.4621448,0.120257586,0.41759765
r46amqjpWgg$_$9,0.7083659,0.4312242,0.20726201,0.3615137
r46amqjpWgg$_$8,-0.13541484,0.70971614,0.14345221,0.14683162
r46amqjpWgg$_$11,0.83994347,0.4091006,0.035112847,0.55578655
r46amqjpWgg$_$10,0.7008604,0.41234422,0.12797636,0.45967948
r46amqjpWgg$_$13,1.2805537,0.54364294,0.051390365,0.40496668
r46amqjpWgg$_$12,-0.27970716,0.5556809,0.033798918,0.41052017
r46amqjpWgg$_$15,-0.16243339,0.34360066,0.2105505,0.44584882
r46amqjpWgg$_$14,-0.5894091,0.6950074,0.0704441,0.23454851
r46amqjpWgg$_$17,0.49842763,0.65044296,0.04612585,0.30343118
r46amqjpWgg$_$16,1.0789971,0.5175822,0.12209522,0.36032256
r46amqjpWgg$_$19,0.32938114,0.48687202,0.13799295,0.37513497
r46amqjpWgg$_$18,0.9625445,0.3296813,0.15386869,0.51645005
r46amqjpWgg$_$31,2.0985308,0.62731946,0.09741096,0.27526954
r46amqjpWgg$_$30,0.35053444,0.655174,0.044668376,0.30015755
r46amqjpWgg$_$32,1.7719908,0.59279287,0.02768043,0.37952673
rC29Qub0U7A$_$11,0.70267606,0.79684854,0.076271676,0.12687978
rC29Qub0U7A$_$10,0.31031486,0.68478656,0.10288987,0.21232359
rC29Qub0U7A$_$0,0.665918,0.70261157,0.098218225,0.19917025
rC29Qub0U7A$_$3,0.37660143,0.76265603,0.08970125,0.14764267
rC29Qub0U7A$_$5,0.19291916,0.6217834,0.12641561,0.25180104
rC29Qub0U7A$_$4,0.59397554,0.7866511,0.077327654,0.13602126
rC29Qub0U7A$_$6,0.74218214,0.57505244,0.16446905,0.26047853
rC29Qub0U7A$_$9,0.27995464,0.70768833,0.10981454,0.1824971
rC29Qub0U7A$_$8,0.2645808,0.5715249,0.18440185,0.24407324
rcfnqiD0y8o$_$11,-0.18623106,0.60982335,0.16195367,0.22822303
rcfnqiD0y8o$_$10,-0.67529976,0.6087235,0.106563486,0.28471306
rcfnqiD0y8o$_$1,0.12736309,0.56818277,0.1248417,0.30697557
rcfnqiD0y8o$_$0,1.6024839,0.73750716,0.10276256,0.15973032
rcfnqiD0y8o$_$3,-0.20945837,0.52430564,0.13675725,0.33893716
rcfnqiD0y8o$_$2,-0.15490091,0.35448378,0.24214102,0.4033752
rcfnqiD0y8o$_$4,0.045251727,0.46429864,0.17143704,0.36426437
rcfnqiD0y8o$_$7,0.22139312,0.37179786,0.14447518,0.48372695
rcfnqiD0y8o$_$6,0.3438949,0.45097154,0.15503693,0.39399153
rcfnqiD0y8o$_$9,0.14833093,0.656593,0.12751748,0.21588948
rcfnqiD0y8o$_$8,-0.5036071,0.5735473,0.14374271,0.28270996
rePYTlT5_AY$_$0,-0.022325445,0.5058417,0.10758827,0.38657013
rePYTlT5_AY$_$2,0.30716008,0.5308755,0.10202109,0.36710343
rhQB8e999-Q$_$10,0.070438236,0.51766396,0.046254974,0.43608102
rhQB8e999-Q$_$13,0.71576464,0.609648,0.05234151,0.33801055
rhQB8e999-Q$_$21,1.6519839,0.5187077,0.1169952,0.36429706
rhQB8e999-Q$_$19,0.5965451,0.5227178,0.07337469,0.40390754
rhQB8e999-Q$_$18,1.6907419,0.6207746,0.12591134,0.253314
rhQB8e999-Q$_$1,-0.26658866,0.47780788,0.21873103,0.30346107
rhQB8e999-Q$_$0,0.9225042,0.4969618,0.15741198,0.3456263
rhQB8e999-Q$_$5,0.9916251,0.5945924,0.102952145,0.30245548
rhQB8e999-Q$_$4,0.37715492,0.62984073,0.12178652,0.24837278
rhQB8e999-Q$_$7,0.30319327,0.45775113,0.15231968,0.38992923
rhQB8e999-Q$_$9,1.331832,0.61666304,0.04704616,0.33629072
rhQB8e999-Q$_$8,0.084544465,0.38172624,0.18870662,0.42956716
ryE9VBiR3p8$_$3,-0.21185055,0.66369045,0.074089795,0.26221976
sIusv36VoBY$_$2,0.77411467,0.711059,0.07360953,0.21533148
sfaWfZ2-4c0$_$1,0.63634753,0.7778639,0.019675683,0.2024604
sfaWfZ2-4c0$_$2,-0.19684231,0.80588233,0.03200909,0.16210859
sfaWfZ2-4c0$_$4,-0.4104298,0.8059188,0.031243058,0.16283815
skRqBxLLJkE$_$1,1.1717097,0.64589673,0.03538119,0.31872207
skRqBxLLJkE$_$0,0.61509514,0.61240774,0.053532723,0.33405954
svsbGQn389o$_$8,-0.8547001,0.6469735,0.10950078,0.2435257
svsbGQn389o$_$6,0.8375553,0.6813364,0.116825104,0.20183846
tC2KicUHB9Q$_$10,0.0064707026,0.4255555,0.15838587,0.41605857
tC2KicUHB9Q$_$1,-0.3682378,0.6153182,0.11074298,0.27393886
tC2KicUHB9Q$_$3,0.34007576,0.48698044,0.1720978,0.3409217
tC2KicUHB9Q$_$2,0.7143641,0.23888771,0.09917284,0.66193944
tC2KicUHB9Q$_$5,0.21728772,0.6084819,0.12312893,0.26838923
tC2KicUHB9Q$_$4,0.5254716,0.47779623,0.16917567,0.35302815
tC2KicUHB9Q$_$7,-0.041663084,0.34946644,0.16697183,0.4835617
tC2KicUHB9Q$_$6,0.1514991,0.5876945,0.14286321,0.26944223
tC2KicUHB9Q$_$8,0.368409,0.37170374,0.2166922,0.41160405
tNd3--lvSXE$_$1,0.743006,0.73781717,0.035508834,0.22667399
tNd3--lvSXE$_$0,0.7714111,0.5717429,0.07479371,0.35346344
tNd3--lvSXE$_$3,-0.43742093,0.48466578,0.058510836,0.45682335
tNd3--lvSXE$_$2,-0.8246914,0.45880532,0.06613021,0.47506443
tNd3--lvSXE$_$5,0.57011783,0.5021315,0.073319405,0.42454904
tNd3--lvSXE$_$4,0.917082,0.51653665,0.10354586,0.37991753
tNd3--lvSXE$_$6,-0.10945131,0.58945763,0.035394855,0.37514758
tO68uTk-T_E$_$1,1.0641423,0.6417887,0.113022536,0.24518873
tO68uTk-T_E$_$9,0.42292917,0.46891177,0.024680752,0.5064075
tO68uTk-T_E$_$7,0.55136865,0.50376576,0.1177077,0.37852654
tO68uTk-T_E$_$10,0.026573878,0.4307537,0.15070266,0.41854367
tW5xAWDnbGU$_$1,-0.5521937,0.77865547,0.03281292,0.18853156
tW5xAWDnbGU$_$0,-0.16370946,0.6301591,0.12405698,0.24578395
tW5xAWDnbGU$_$7,-1.6255637,0.7710085,0.10189442,0.12709709
tZDNinnrGf8$_$0,-0.9445355,0.7590027,0.05676996,0.18422733
tZDNinnrGf8$_$2,0.40479612,0.48935258,0.10206438,0.40858305
tZDNinnrGf8$_$5,0.073184595,0.649451,0.15984863,0.19070037
tZDNinnrGf8$_$4,-0.4830379,0.82322,0.09343871,0.08334127
teQqaAmqqx0$_$0,0.7217783,0.60917836,0.10455198,0.2862696
teQqaAmqqx0$_$3,0.819937,0.80968726,0.05048156,0.1398312
tnWmVXZ87h0$_$10,0.05736583,0.65175647,0.048554935,0.29968867
tnWmVXZ87h0$_$12,1.8759652,0.58853334,0.07475549,0.33671114
tnWmVXZ87h0$_$14,0.605324,0.45919287,0.1393686,0.40143847
tnWmVXZ87h0$_$1,0.6264064,0.62444264,0.074570574,0.30098677
tnWmVXZ87h0$_$0,0.6525984,0.57807034,0.074481964,0.34744772
tnWmVXZ87h0$_$3,0.31438994,0.62164444,0.1018431,0.27651253
tnWmVXZ87h0$_$7,0.38948703,0.50838196,0.106704436,0.38491365
tnWmVXZ87h0$_$9,1.1099017,0.694488,0.090170294,0.21534172
ttfaZ8IIWCo$_$1,0.16914919,0.6509569,0.06101848,0.28802457
ttfaZ8IIWCo$_$0,-0.8106986,0.634238,0.10656461,0.25919738
ttfaZ8IIWCo$_$3,0.5246332,0.413731,0.08231365,0.50395536
ttfaZ8IIWCo$_$2,0.68179107,0.49676645,0.0975146,0.40571895
ttfaZ8IIWCo$_$5,0.5128603,0.46914053,0.082625456,0.44823402
ttfaZ8IIWCo$_$4,1.7258166,0.7074024,0.06961012,0.22298746
ttfaZ8IIWCo$_$7,1.3150595,0.6383494,0.07072539,0.29092526
ttfaZ8IIWCo$_$6,0.54931927,0.5103336,0.043774195,0.4458922
ttfaZ8IIWCo$_$9,1.0842818,0.475164,0.08199643,0.44283962
tymso_pAxhk$_$1,0.22314557,0.5112806,0.11968287,0.36903656
tymso_pAxhk$_$18,0.056858685,0.79290664,0.035813324,0.17128007
tymso_pAxhk$_$12,0.43631428,0.71234375,0.0802059,0.20745032
tymso_pAxhk$_$15,0.072104216,0.52862984,0.13033961,0.34103054
tymso_pAxhk$_$17,0.16944487,0.5759152,0.19369568,0.23038906
u9I5WD3Nglk$_$6,0.16538405,0.30416796,0.23468111,0.4611509
u9ZV8jb_-U0$_$0,-0.2769623,0.4611457,0.18258306,0.35627124
u9ZV8jb_-U0$_$5,-1.1021618,0.6872429,0.048296303,0.26446077
uVM4JWjfGgQ$_$11,0.8637098,0.44533056,0.31984344,0.23482601
uVM4JWjfGgQ$_$0,0.8782051,0.6956269,0.064185195,0.2401879
uVM4JWjfGgQ$_$5,0.38295004,0.65333414,0.05885132,0.28781447
um8WVjZMLUc$_$1,-0.9360894,0.48128968,0.14256155,0.37614876
um8WVjZMLUc$_$0,-0.9481613,0.63345253,0.11952016,0.24702734
unOeTDc2rlY$_$15,0.78091604,0.5399274,0.12101818,0.3390544
unOeTDc2rlY$_$27,0.72433877,0.55932593,0.10132509,0.339349
unOeTDc2rlY$_$20,0.8818434,0.5221572,0.08731433,0.39052847
unOeTDc2rlY$_$21,0.9808387,0.5639593,0.034854207,0.40118647
unOeTDc2rlY$_$23,0.5883339,0.38944983,0.084211215,0.52633893
unOeTDc2rlY$_$33,2.1874847,0.7820535,0.043615412,0.17433108
unOeTDc2rlY$_$31,-0.09306227,0.5980448,0.103694074,0.2982611
unOeTDc2rlY$_$30,1.0092754,0.6929172,0.043786075,0.26329666
unOeTDc2rlY$_$28,0.6611565,0.5878508,0.052889645,0.35925958
unOeTDc2rlY$_$29,0.44189006,0.73810446,0.064467534,0.19742803
unOeTDc2rlY$_$35,0.5750795,0.38623857,0.13066159,0.48309976
unOeTDc2rlY$_$36,1.4836138,0.66464657,0.056461304,0.27889216
unOeTDc2rlY$_$1,-0.10451959,0.5766884,0.05561706,0.36769456
unOeTDc2rlY$_$0,0.931627,0.41553938,0.1640053,0.4204554
unOeTDc2rlY$_$2,0.4071285,0.47474417,0.11738886,0.40786693
unOeTDc2rlY$_$5,0.2823819,0.46345124,0.056532916,0.4800159
unOeTDc2rlY$_$4,0.7764773,0.59341806,0.09221902,0.3143629
unOeTDc2rlY$_$8,0.5795916,0.43794125,0.1437777,0.41828108
unOeTDc2rlY$_$12,0.41144812,0.50451094,0.12735814,0.36813092
unOeTDc2rlY$_$14,0.4790135,0.4203231,0.11356261,0.46611425
uogwnZGb-iE$_$24,1.497603,0.6881806,0.08748967,0.22432972
uogwnZGb-iE$_$25,0.9898898,0.524859,0.08008263,0.39505836
uogwnZGb-iE$_$26,1.1802864,0.7075428,0.09719013,0.19526708
uogwnZGb-iE$_$27,1.4845039,0.6085445,0.022554843,0.36890063
uogwnZGb-iE$_$20,1.6931278,0.6216187,0.07945066,0.29893067
uogwnZGb-iE$_$21,0.7070578,0.6063714,0.112252556,0.28137606
uogwnZGb-iE$_$22,2.2144167,0.8302709,0.050001346,0.11972767
uogwnZGb-iE$_$16,2.0852342,0.70841974,0.0823468,0.20923348
uogwnZGb-iE$_$19,1.7032701,0.629038,0.10944725,0.2615148
uogwnZGb-iE$_$32,1.273126,0.53855526,0.047267336,0.41417745
uogwnZGb-iE$_$28,1.5026464,0.67963266,0.05737478,0.26299253
uogwnZGb-iE$_$13,1.4973377,0.7351157,0.07209104,0.1927933
uogwnZGb-iE$_$2,0.77069914,0.5409562,0.084679395,0.3743644
uogwnZGb-iE$_$5,-0.13730827,0.600023,0.10674475,0.29323226
uogwnZGb-iE$_$4,-0.30819944,0.59916174,0.13681906,0.2640192
uogwnZGb-iE$_$6,1.7360812,0.4942321,0.12548105,0.3802868
ussfmzwftQ8$_$1,1.9098574,0.74613947,0.014104485,0.23975609
ussfmzwftQ8$_$3,1.253866,0.5346972,0.03526389,0.43003902
vB_kZocHtYo$_$8,0.14285254,0.38064036,0.16300476,0.4563549
vGkIaClHKDg$_$10,0.25925112,0.5961523,0.10826703,0.29558071
vGkIaClHKDg$_$12,0.2212651,0.65351045,0.09949406,0.24699554
vGkIaClHKDg$_$15,1.903063,0.699572,0.06520041,0.23522757
vGkIaClHKDg$_$14,0.74203444,0.56412834,0.13549547,0.3003762
vGkIaClHKDg$_$16,0.937984,0.52088445,0.124778435,0.35433713
vGkIaClHKDg$_$18,1.2810332,0.37696284,0.04592146,0.5771157
vGkIaClHKDg$_$5,1.5368655,0.45192257,0.020331288,0.52774614
vGkIaClHKDg$_$7,-0.24132574,0.5474539,0.10874092,0.34380516
vGkIaClHKDg$_$6,2.0055816,0.6983032,0.06842188,0.23327494
vGkIaClHKDg$_$9,1.378224,0.622454,0.092908695,0.28463727
vGkIaClHKDg$_$8,0.8172841,0.50254995,0.10702847,0.3904216
vGxqVh_kJdo$_$1,0.10300724,0.5102253,0.13067251,0.35910222
vGxqVh_kJdo$_$0,-0.035154503,0.6767612,0.050293315,0.27294543
vI5JH0daNsM$_$3,0.009124573,0.8410571,0.059159566,0.09978323
vI5JH0daNsM$_$2,-0.11306244,0.5214119,0.1394445,0.33914357
vJDDEuE-FlY$_$2,-0.39206663,0.3375797,0.13344328,0.528977
vJDDEuE-FlY$_$6,0.2421915,0.521769,0.080795415,0.3974356
vR90Pdx9wxs$_$1,0.47115636,0.5836586,0.14873126,0.26761013
vR90Pdx9wxs$_$0,0.032947246,0.83082515,0.06641766,0.10275722
vR90Pdx9wxs$_$3,0.9368174,0.78936374,0.058634106,0.1520021
vR90Pdx9wxs$_$2,0.11246234,0.6802487,0.11957892,0.2001723
vR90Pdx9wxs$_$5,0.2630516,0.5499712,0.07955348,0.37047526
vR90Pdx9wxs$_$4,0.11832312,0.5829996,0.07230626,0.34469417
vR90Pdx9wxs$_$7,0.39660147,0.7560297,0.078100875,0.16586937
vTAV6FThy30$_$1,0.4698959,0.5731481,0.14336649,0.2834855
vTAV6FThy30$_$0,0.6858184,0.70484555,0.06415461,0.23099983
vTAV6FThy30$_$2,0.87080306,0.50521225,0.050770365,0.44401732
vTAV6FThy30$_$4,0.5480609,0.6517326,0.16948767,0.17877975
vTAV6FThy30$_$7,-0.112389386,0.58515984,0.0698786,0.34496164
vTAV6FThy30$_$6,-0.01603185,0.68963313,0.055624176,0.25474265
vTAV6FThy30$_$9,0.5150572,0.66535646,0.04501281,0.28963065
v_8QeoNc4QY$_$1,-0.10667649,0.39942312,0.15814479,0.44243208
v_8QeoNc4QY$_$2,-0.044619028,0.46408328,0.1607566,0.3751602
v_8QeoNc4QY$_$5,0.07959245,0.5562537,0.11115756,0.3325888
v_8QeoNc4QY$_$4,-0.31818223,0.63440275,0.101550885,0.26404637
v_8QeoNc4QY$_$7,0.021387924,0.43350688,0.06769596,0.49879715
veA6ECsGFxI$_$0,0.91983265,0.60044587,0.03185578,0.3676984
veA6ECsGFxI$_$3,0.1988737,0.6489037,0.14313324,0.20796305
wC_1M7KIv9s$_$24,0.20165808,0.42492613,0.15824346,0.41683033
wC_1M7KIv9s$_$10,-0.16485736,0.48057264,0.13388099,0.38554633
wC_1M7KIv9s$_$13,-0.039328013,0.44737774,0.12678786,0.42583445
wC_1M7KIv9s$_$12,0.40179735,0.4825876,0.10773868,0.40967366
wC_1M7KIv9s$_$14,0.46521443,0.35469732,0.122964434,0.5223383
wC_1M7KIv9s$_$17,0.009019716,0.57984346,0.11482379,0.30533275
wC_1M7KIv9s$_$23,-0.110862225,0.47253066,0.17044295,0.35702643
wC_1M7KIv9s$_$19,0.7133196,0.5682421,0.1072572,0.3245007
wC_1M7KIv9s$_$18,0.7425863,0.6450449,0.03129983,0.32365522
wC_1M7KIv9s$_$28,1.2586297,0.69113976,0.07391845,0.23494181
wC_1M7KIv9s$_$1,-0.43181354,0.28414747,0.21590167,0.49995083
wC_1M7KIv9s$_$0,0.62862873,0.54695284,0.13496506,0.31808215
wC_1M7KIv9s$_$3,0.08709304,0.3246451,0.1378661,0.5374888
wC_1M7KIv9s$_$11,0.51596403,0.52120066,0.21316521,0.26563415
wC_1M7KIv9s$_$5,-0.02530251,0.3169335,0.13227421,0.5507923
wC_1M7KIv9s$_$25,0.34203658,0.65562797,0.05908387,0.28528813
wC_1M7KIv9s$_$6,-0.21707758,0.37890407,0.1603101,0.46078584
wC_1M7KIv9s$_$9,0.21876886,0.46466374,0.14242287,0.39291334
wC_1M7KIv9s$_$8,0.94963974,0.83268833,0.029861867,0.1374498
wC_1M7KIv9s$_$21,0.07777871,0.4069165,0.18985163,0.40323183
wHeZHLv9wGI$_$12,-0.37249467,0.51264703,0.036335442,0.45101756
wO8fUOC4OSE$_$0,-1.4059826,0.7678424,0.06954713,0.16261041
wO8fUOC4OSE$_$5,-1.7666105,0.7081632,0.06902144,0.22281538
wd8VQ5E7o7o$_$3,1.2565571,0.83605915,0.043132897,0.120807976
wd8VQ5E7o7o$_$2,0.68589497,0.68885285,0.08909246,0.2220547
wk5lFk5kFjY$_$3,1.2334006,0.6530706,0.038891714,0.30803767
wnL3ld9bM2o$_$25,-0.08673632,0.5146883,0.11678046,0.36853123
wnL3ld9bM2o$_$20,0.5335143,0.5696793,0.09246606,0.33785462
wnL3ld9bM2o$_$21,-0.5673587,0.60187864,0.06579312,0.3323283
wnL3ld9bM2o$_$22,-0.50679487,0.61207664,0.14293097,0.24499243
wnL3ld9bM2o$_$23,-1.0756236,0.61751986,0.09111174,0.29136842
wnL3ld9bM2o$_$1,0.7614015,0.7124268,0.072059125,0.2155141
wnL3ld9bM2o$_$0,-0.117371306,0.48318142,0.15478896,0.36202958
wnL3ld9bM2o$_$3,0.53093815,0.5668874,0.071482904,0.3616297
wnL3ld9bM2o$_$2,0.129962,0.3190668,0.09544716,0.58548605
wnL3ld9bM2o$_$5,0.44741,0.49087662,0.06807779,0.4410456
wnL3ld9bM2o$_$4,1.6994518,0.7023224,0.017181024,0.28049657
wnL3ld9bM2o$_$9,1.001778,0.6401139,0.051591408,0.30829468
wnL3ld9bM2o$_$11,0.9069251,0.6839848,0.090789914,0.22522533
wnL3ld9bM2o$_$10,0.27745557,0.63103575,0.10089719,0.26806712
wnL3ld9bM2o$_$13,-0.058771078,0.52163327,0.13802867,0.34033808
wnL3ld9bM2o$_$12,0.44933373,0.36520422,0.115069576,0.5197262
wnL3ld9bM2o$_$15,0.06398332,0.28344685,0.10715676,0.6093964
wnL3ld9bM2o$_$14,-0.014900807,0.66282886,0.11716911,0.22000198
wnL3ld9bM2o$_$17,1.327897,0.6625876,0.07147112,0.2659413
wnL3ld9bM2o$_$16,-0.19300553,0.7783289,0.011712784,0.20995836
wnL3ld9bM2o$_$19,-0.017237056,0.41887623,0.09643807,0.48468566
wnL3ld9bM2o$_$18,0.6953222,0.4094812,0.019039726,0.5714791
wznRBN1fWj4$_$10,0.30901843,0.3663363,0.12358358,0.5100801
wznRBN1fWj4$_$0,-0.18526818,0.5592943,0.1072187,0.333487
wznRBN1fWj4$_$2,0.16144386,0.5618505,0.1045647,0.3335848
wznRBN1fWj4$_$5,0.326218,0.44824225,0.12993957,0.42181814
wznRBN1fWj4$_$7,-1.3930242,0.7244002,0.062437385,0.2131624
wznRBN1fWj4$_$6,0.37143373,0.4984488,0.13647349,0.36507767
wznRBN1fWj4$_$9,0.35196257,0.5979494,0.07886091,0.3231897
x0rLwBIocuI$_$12,0.4991858,0.72513515,0.07199553,0.20286937
x0rLwBIocuI$_$4,0.007832136,0.4542029,0.17509377,0.3707033
x0rLwBIocuI$_$7,-0.23240823,0.49525943,0.041762725,0.46297786
x266rUJQC_8$_$10,-0.32178843,0.5632569,0.07290052,0.3638426
x266rUJQC_8$_$12,0.60551757,0.5272586,0.089624934,0.38311648
x266rUJQC_8$_$2,-0.790755,0.3534475,0.14030962,0.5062429
x266rUJQC_8$_$5,-0.5200311,0.39348716,0.12766,0.47885278
x266rUJQC_8$_$0,0.24913979,0.57692516,0.058897126,0.36417773
x2n19Cn96aw$_$9,0.058847602,0.44316593,0.11454254,0.4422916
x2n19Cn96aw$_$4,0.47949034,0.42254737,0.04078641,0.5366662
x8UZQkN52o4$_$11,0.21421549,0.59820855,0.04000448,0.36178693
x8UZQkN52o4$_$10,-1.1097304,0.54017985,0.079055935,0.38076428
x8UZQkN52o4$_$12,-0.60568887,0.640746,0.08701187,0.2722422
x8UZQkN52o4$_$3,0.40694374,0.59029096,0.08932574,0.32038325
x8UZQkN52o4$_$2,-0.8951992,0.6820609,0.07335348,0.24458566
x8UZQkN52o4$_$5,0.017186966,0.54211086,0.13358475,0.32430437
x8UZQkN52o4$_$6,-0.2855147,0.5696264,0.10404496,0.32632858
x8UZQkN52o4$_$9,-0.08974376,0.40342823,0.14751358,0.44905818
xBE9YWYGjtk$_$1,0.26861733,0.71466756,0.09006415,0.19526826
xBE9YWYGjtk$_$0,1.0513121,0.55921215,0.12516893,0.315619
xBE9YWYGjtk$_$3,0.65554637,0.4257651,0.195097,0.3791379
xBE9YWYGjtk$_$2,1.3997844,0.5031961,0.16343132,0.33337253
xBE9YWYGjtk$_$5,0.25337285,0.62699276,0.099325545,0.2736817
xBE9YWYGjtk$_$4,-0.27799785,0.5918724,0.12747818,0.28064948
xBE9YWYGjtk$_$7,1.1280478,0.58932215,0.11394973,0.29672813
xBE9YWYGjtk$_$6,0.70905924,0.7878777,0.102305226,0.10981715
xBE9YWYGjtk$_$9,1.2521559,0.66774374,0.10860123,0.22365502
xBE9YWYGjtk$_$8,0.61971563,0.7277873,0.078918934,0.19329377
xSCvspXYU9k$_$20,-1.0447172,0.58292717,0.13319351,0.28387934
xSCvspXYU9k$_$14,-0.607077,0.48444608,0.32267827,0.19287562
xSCvspXYU9k$_$19,-1.0848305,0.5793968,0.25271723,0.167886
xSCvspXYU9k$_$18,-0.8255873,0.5308283,0.1518619,0.3173099
xSCvspXYU9k$_$0,0.6852181,0.49003023,0.24435224,0.2656175
xSCvspXYU9k$_$5,-0.89362246,0.5576654,0.19624831,0.24608636
xSCvspXYU9k$_$7,0.37829226,0.6101652,0.112509996,0.27732477
xSCvspXYU9k$_$8,0.034351643,0.6433529,0.10364724,0.25299984
xU3N7ujUB-g$_$1,0.048735287,0.43372864,0.029742094,0.5365293
xU3N7ujUB-g$_$3,0.6561769,0.4969819,0.09426013,0.408758
xU3N7ujUB-g$_$2,0.2229467,0.4488755,0.10016613,0.45095843
xU3N7ujUB-g$_$4,0.2154205,0.5803523,0.09871186,0.3209358
xXXcgb9eZ9Y$_$1,0.063889384,0.4610765,0.13307546,0.405848
xXXcgb9eZ9Y$_$3,-0.47436062,0.60661334,0.11548123,0.27790537
xXXcgb9eZ9Y$_$2,0.986153,0.53534985,0.10772047,0.35692966
xXXcgb9eZ9Y$_$4,0.26313928,0.17487249,0.19417414,0.6309534
xXXcgb9eZ9Y$_$7,-0.60637414,0.509585,0.12493856,0.36547646
xXXcgb9eZ9Y$_$6,-0.5914134,0.6381645,0.1048524,0.25698313
xXXcgb9eZ9Y$_$8,-0.38108706,0.53315043,0.09795521,0.36889434
xkEK17UUyi4$_$0,0.6080008,0.47617742,0.108095236,0.41572732
xmLJHru6Z1M$_$12,0.14109784,0.45697317,0.1334603,0.40956658
xmLJHru6Z1M$_$14,-0.12854885,0.44343203,0.09985914,0.4567089
xmLJHru6Z1M$_$5,0.087216645,0.3806759,0.19152087,0.42780328
xmLJHru6Z1M$_$6,0.2601089,0.39576155,0.15469977,0.44953862
xmLJHru6Z1M$_$9,0.17829995,0.31647673,0.14734848,0.5361748
xmLJHru6Z1M$_$8,0.2565112,0.43850085,0.12483821,0.43666092
xobMRm5Vs44$_$1,1.4212335,0.65214705,0.113983355,0.23386955
xwvSYhQrHoA$_$0,0.49838305,0.56993693,0.15287411,0.27718902
xwvSYhQrHoA$_$4,0.853353,0.5916032,0.15904577,0.24935095
y3r2kk8zvl0$_$11,-0.24552451,0.37720084,0.18318869,0.43961045
y3r2kk8zvl0$_$10,-0.3467908,0.39807102,0.060305513,0.5416235
y3r2kk8zvl0$_$13,0.36584187,0.60381347,0.13089253,0.26529405
y3r2kk8zvl0$_$12,-0.9162462,0.5492633,0.14901587,0.3017208
y3r2kk8zvl0$_$1,0.54253405,0.5184349,0.14928846,0.3322766
y3r2kk8zvl0$_$0,0.5174357,0.6675235,0.057976425,0.2745
y3r2kk8zvl0$_$3,0.37603173,0.6663653,0.064293236,0.26934144
y3r2kk8zvl0$_$2,0.3717514,0.4706992,0.15579097,0.37350982
y3r2kk8zvl0$_$5,0.10369673,0.4334672,0.17134495,0.39518782
y3r2kk8zvl0$_$4,0.64983016,0.5439245,0.20455733,0.25151816
y3r2kk8zvl0$_$7,-0.22324632,0.48631394,0.1475164,0.3661696
y3r2kk8zvl0$_$6,-0.36595654,0.40167615,0.18801337,0.4103105
y3r2kk8zvl0$_$9,0.113021985,0.46160388,0.18324237,0.35515374
y3r2kk8zvl0$_$8,0.31324545,0.5454902,0.1147861,0.33972374
y5Jpf48SUX8$_$1,0.25930694,0.4547556,0.07703967,0.4682048
y5Jpf48SUX8$_$7,0.19886908,0.3508651,0.13029355,0.5188413
yBtMwyQFXwA$_$11,0.93874836,0.49408716,0.09587881,0.41003397
yBtMwyQFXwA$_$10,0.37666866,0.47966847,0.10800255,0.41232902
yBtMwyQFXwA$_$0,1.2850612,0.594014,0.10969637,0.2962896
yBtMwyQFXwA$_$3,0.4658325,0.3817438,0.13896087,0.47929534
yBtMwyQFXwA$_$4,0.7138244,0.38922325,0.06896098,0.54181576
yBtMwyQFXwA$_$7,0.16102427,0.39711192,0.14052008,0.46236798
yBtMwyQFXwA$_$6,1.183514,0.56491375,0.09722315,0.33786306
yBtMwyQFXwA$_$8,0.4485404,0.43364376,0.14040758,0.42594865
yCpHmPSshKY$_$1,-0.16916841,0.6564148,0.09457224,0.24901296
yCpHmPSshKY$_$0,0.57651067,0.6518089,0.042742126,0.30544895
yCpHmPSshKY$_$3,0.24813506,0.53025806,0.08371878,0.38602316
yCpHmPSshKY$_$2,-0.48770905,0.7064774,0.08101083,0.21251176
yLo-Jl8nBXU$_$11,1.0918527,0.710566,0.045680456,0.24375357
yLo-Jl8nBXU$_$13,0.48703325,0.576543,0.09993862,0.32351843
yLo-Jl8nBXU$_$0,0.42806923,0.81853145,0.047616646,0.13385193
yLo-Jl8nBXU$_$7,1.656476,0.71971625,0.14782219,0.13246158
yLo-Jl8nBXU$_$6,1.6593381,0.869083,0.03866761,0.09224934
yLo-Jl8nBXU$_$9,0.66729754,0.566029,0.10291112,0.33105984
yLo-Jl8nBXU$_$8,0.13786079,0.6752287,0.101307385,0.2234639
ySblgk7T7eQ$_$11,0.5267881,0.30827755,0.1333093,0.5584132
ySblgk7T7eQ$_$10,0.072151154,0.7354925,0.06338986,0.20111756
ySblgk7T7eQ$_$13,-0.99897915,0.7394068,0.11655671,0.14403646
ySblgk7T7eQ$_$12,-0.87112147,0.6564781,0.17203782,0.17148404
ySblgk7T7eQ$_$14,-0.9821398,0.7216162,0.10350698,0.17487682
ySblgk7T7eQ$_$1,1.0382742,0.6330228,0.07246334,0.29451382
ySblgk7T7eQ$_$0,1.836142,0.5626947,0.16740018,0.26990515
ySblgk7T7eQ$_$3,0.97048146,0.48430276,0.17581774,0.33987954
ySblgk7T7eQ$_$2,-0.14053486,0.43777534,0.12096091,0.44126377
ySblgk7T7eQ$_$5,1.0966436,0.6698639,0.042167116,0.28796902
ySblgk7T7eQ$_$4,0.87721175,0.5773818,0.14789246,0.2747257
ySblgk7T7eQ$_$7,-1.88971,0.7120271,0.107783124,0.1801898
ySblgk7T7eQ$_$6,-0.5345864,0.6158345,0.15715028,0.22701529
ySblgk7T7eQ$_$9,-0.46381745,0.71683365,0.026080202,0.25708607
ySblgk7T7eQ$_$8,-0.10604672,0.5572763,0.13615605,0.3065677
yUqNp-poh9M$_$11,0.7327021,0.77461344,0.020934403,0.20445217
yUqNp-poh9M$_$10,1.0739638,0.5613516,0.020388182,0.41826022
yUqNp-poh9M$_$13,0.2911309,0.411242,0.10095599,0.487802
yUqNp-poh9M$_$12,0.78720856,0.46810922,0.16928753,0.36260322
yUqNp-poh9M$_$15,0.6747833,0.6357015,0.028964799,0.33533368
yUqNp-poh9M$_$14,-0.11961965,0.3259265,0.094030485,0.580043
yUqNp-poh9M$_$1,-0.29010212,0.5264713,0.067215875,0.40631282
yUqNp-poh9M$_$0,-0.037810538,0.48965776,0.08782045,0.42252186
yUqNp-poh9M$_$3,0.07190654,0.46395147,0.0885209,0.44752765
yUqNp-poh9M$_$2,-0.78501135,0.77583814,0.046448357,0.17771353
yUqNp-poh9M$_$5,-0.30799872,0.47954127,0.08144668,0.43901205
yUqNp-poh9M$_$4,-0.4999664,0.6852199,0.062491883,0.25228822
yUqNp-poh9M$_$7,0.585104,0.630183,0.0751469,0.29467013
yUqNp-poh9M$_$6,-0.20404239,0.27883542,0.11137442,0.6097902
yUqNp-poh9M$_$9,-1.1662574,0.7065348,0.04776618,0.24569905
yUqNp-poh9M$_$8,-1.1304747,0.7237078,0.06814293,0.20814927
yXE_XZUb8qE$_$12,0.46719262,0.49244502,0.09435766,0.41319734
yXE_XZUb8qE$_$4,-0.49941975,0.4899505,0.14117557,0.368874
yXE_XZUb8qE$_$6,-0.124704644,0.6079127,0.10690372,0.28518358
ybK5wRaaUyE$_$13,0.41186142,0.45823076,0.17574269,0.36602655
ybK5wRaaUyE$_$19,-0.94892853,0.69650483,0.07062872,0.23286644
ybK5wRaaUyE$_$18,-0.083490655,0.5744843,0.026377643,0.39913803
ybK5wRaaUyE$_$0,-0.8367157,0.67694503,0.08924111,0.23381385
ybK5wRaaUyE$_$3,-0.37540892,0.81474704,0.049528204,0.13572475
ybK5wRaaUyE$_$2,-0.22234766,0.73700535,0.084416926,0.17857772
ydzNAuqUAnc$_$1,-0.6436548,0.55984575,0.087684825,0.3524694
ydzNAuqUAnc$_$0,-1.0283972,0.6766542,0.07875817,0.24458762
ydzNAuqUAnc$_$2,0.16036531,0.36928195,0.16272314,0.4679949
ydzNAuqUAnc$_$6,-0.026680294,0.67479235,0.10279619,0.22241145
yoDMh8FlHR8$_$0,0.703102,0.3309433,0.168574,0.5004827
yoDMh8FlHR8$_$4,0.33436722,0.49341676,0.16026595,0.34631723
yzCHa2qchpg$_$1,0.9182515,0.6103388,0.036789857,0.35287136
yzCHa2qchpg$_$0,0.36028105,0.57903045,0.13181555,0.28915402
yzCHa2qchpg$_$2,1.2680409,0.8180222,0.07793169,0.104046054
z0y1ZxH1f74$_$10,0.1222316,0.57928455,0.109920636,0.31079486
z0y1ZxH1f74$_$14,0.0045241676,0.56607723,0.05200938,0.38191333
z0y1ZxH1f74$_$3,-0.5015646,0.47718355,0.13585573,0.38696072
z0y1ZxH1f74$_$2,-0.8225632,0.47934017,0.09981772,0.42084208
z0y1ZxH1f74$_$5,-0.6834785,0.60348815,0.042528838,0.35398304
z0y1ZxH1f74$_$7,-0.6936876,0.5615654,0.104483284,0.33395126
z0y1ZxH1f74$_$6,-0.9894194,0.56271505,0.1389692,0.2983158
z441aDJvAcU$_$24,0.8817583,0.69388634,0.022778545,0.28333506
z441aDJvAcU$_$25,1.6292486,0.68619233,0.08602095,0.22778672
z441aDJvAcU$_$13,-0.022469167,0.50014067,0.100490496,0.39936885
z441aDJvAcU$_$12,0.007889628,0.34444922,0.13495752,0.5205933
z441aDJvAcU$_$20,1.236731,0.663558,0.07551366,0.26092836
z441aDJvAcU$_$21,0.50671846,0.47133982,0.12829119,0.40036896
z441aDJvAcU$_$22,0.37439382,0.6005591,0.058363266,0.3410776
z441aDJvAcU$_$23,1.722385,0.61235696,0.10543313,0.28220996
z441aDJvAcU$_$19,0.7044257,0.46288309,0.08453257,0.45258436
z441aDJvAcU$_$1,0.28659353,0.6376772,0.07702461,0.28529817
z441aDJvAcU$_$5,0.6359054,0.6380191,0.07782632,0.28415462
z441aDJvAcU$_$4,0.834151,0.49996346,0.07458751,0.425449
z441aDJvAcU$_$6,0.63198364,0.42036593,0.1536168,0.4260173
z441aDJvAcU$_$8,0.04409487,0.47847584,0.13187578,0.38964835
zfZUOvZZTuk$_$11,0.16108604,0.53123116,0.1804455,0.2883233
zfZUOvZZTuk$_$10,-0.077464685,0.40218806,0.2029844,0.39482754
zfZUOvZZTuk$_$13,-0.79354024,0.64749354,0.12607296,0.2264335
zfZUOvZZTuk$_$12,-0.7651125,0.68609625,0.09185848,0.22204521
zfZUOvZZTuk$_$15,0.033786308,0.51931363,0.15888998,0.32179642
zfZUOvZZTuk$_$14,-0.4006136,0.5142745,0.16374995,0.32197556
zfZUOvZZTuk$_$17,0.78686833,0.61533946,0.10485998,0.27980053
zfZUOvZZTuk$_$16,0.01081131,0.54147744,0.14326757,0.31525496
zfZUOvZZTuk$_$18,0.70759606,0.6501464,0.11629737,0.2335562
zfZUOvZZTuk$_$1,-0.12062895,0.5522382,0.11370129,0.33406046
zfZUOvZZTuk$_$0,0.19089761,0.47458458,0.16879104,0.3566243
zfZUOvZZTuk$_$3,-0.6095668,0.5884929,0.123073086,0.28843406
zfZUOvZZTuk$_$2,0.16263393,0.5046488,0.17368217,0.32166898
zfZUOvZZTuk$_$5,-0.49472335,0.5664174,0.1301393,0.30344334
zfZUOvZZTuk$_$4,0.13929147,0.6678697,0.09866619,0.23346409
zfZUOvZZTuk$_$7,-0.5437909,0.6593509,0.09400347,0.24664561
zfZUOvZZTuk$_$6,-0.5626268,0.26020873,0.22523098,0.5145603
zfZUOvZZTuk$_$9,-0.007923428,0.4722372,0.1611357,0.3666271
zfZUOvZZTuk$_$20,1.1091567,0.5880746,0.123134546,0.28879088
zfZUOvZZTuk$_$8,0.34153226,0.6103519,0.11830635,0.27134174
zhNksSReaQk$_$42,1.058119,0.5516279,0.16215278,0.28621936
zhNksSReaQk$_$43,1.684433,0.7547822,0.061814047,0.18340376
zhNksSReaQk$_$24,0.2068873,0.52716476,0.12871933,0.3441159
zhNksSReaQk$_$25,-0.20365651,0.78876,0.06889107,0.14234889
zhNksSReaQk$_$26,-0.24636586,0.684977,0.024472259,0.29055068
zhNksSReaQk$_$27,0.27911732,0.49875665,0.16866036,0.33258307
zhNksSReaQk$_$20,0.2233907,0.65202475,0.10805093,0.23992436
zhNksSReaQk$_$21,-0.41686672,0.60912776,0.12958518,0.26128706
zhNksSReaQk$_$22,0.1611039,0.4233418,0.14698683,0.42967135
zhNksSReaQk$_$23,-0.7992568,0.64534026,0.028519545,0.32614022
zhNksSReaQk$_$46,1.174941,0.52100956,0.22859517,0.25039527
zhNksSReaQk$_$44,1.2718931,0.73052216,0.063052736,0.20642509
zhNksSReaQk$_$45,1.2132546,0.80651784,0.04360158,0.14988056
zhNksSReaQk$_$28,-0.28098366,0.8086429,0.075829856,0.11552718
zhNksSReaQk$_$29,-2.5060513,0.77925164,0.068233564,0.15251483
zhNksSReaQk$_$40,0.24299115,0.6529259,0.11977539,0.22729874
zhNksSReaQk$_$41,0.24889684,0.7631828,0.08305143,0.15376577
zhNksSReaQk$_$1,0.6905231,0.49765983,0.1169604,0.38537982
zhNksSReaQk$_$3,1.347838,0.5836885,0.10916168,0.30714986
zhNksSReaQk$_$2,-0.15884471,0.79289705,0.07378014,0.13332282
zhNksSReaQk$_$5,0.2787357,0.76481855,0.021445667,0.21373577
zhNksSReaQk$_$4,-0.8459964,0.78768843,0.060726836,0.15158464
zhNksSReaQk$_$7,-0.46431082,0.57422644,0.11761503,0.30815852
zhNksSReaQk$_$6,-0.7396914,0.45825058,0.10677708,0.4349723
zhNksSReaQk$_$9,0.55919844,0.5113379,0.09744681,0.39121532
zhNksSReaQk$_$8,0.175551,0.5017055,0.16152522,0.33676922
zhNksSReaQk$_$10,0.18310204,0.53632826,0.111834794,0.35183692
zhNksSReaQk$_$39,-0.56567526,0.7261333,0.07524725,0.19861946
zhNksSReaQk$_$12,0.03894243,0.41805303,0.1296422,0.45230478
zhNksSReaQk$_$15,-0.53902274,0.7155411,0.093297035,0.19116181
zhNksSReaQk$_$14,-0.36716604,0.67197233,0.11571942,0.21230827
zhNksSReaQk$_$17,0.059440147,0.74021214,0.05370533,0.20608254
zhNksSReaQk$_$19,0.19765353,0.8040672,0.077721275,0.1182115
zhNksSReaQk$_$18,0.33624253,0.4750548,0.13865094,0.3862943
zhNksSReaQk$_$31,0.058786597,0.60033333,0.101768136,0.29789847
zhNksSReaQk$_$30,-0.9460044,0.8322365,0.042526834,0.12523662
zhNksSReaQk$_$37,-0.36096895,0.5977595,0.09662224,0.3056183
zhNksSReaQk$_$36,-1.2142099,0.7474854,0.07650167,0.17601295
zhNksSReaQk$_$35,0.21612592,0.5844077,0.14131722,0.27427515
zhNksSReaQk$_$34,-1.3838797,0.51939887,0.17052487,0.3100763
zhNksSReaQk$_$33,1.3190831,0.7610445,0.042841297,0.19611414
zvZd3V5D5Ik$_$3,1.761352,0.61007184,0.06292056,0.3270076
zvZd3V5D5Ik$_$2,0.8560467,0.4823144,0.13088898,0.38679665
