segment_id,true_label,prediction
-6rXp3zJ3kc$_$9,0.3333333432674408,0.07706519
-6rXp3zJ3kc$_$8,-1.0,-0.8567343
-6rXp3zJ3kc$_$3,0.0,-0.032408856
-9y-fZ3swSY$_$1,1.3333333730697632,1.459628
-9y-fZ3swSY$_$0,1.0,1.9291627
-9y-fZ3swSY$_$3,1.3333333730697632,0.44408262
-9y-fZ3swSY$_$2,0.3333333432674408,-0.3889696
-9y-fZ3swSY$_$4,0.0,0.17944354
-9y-fZ3swSY$_$7,0.3333333432674408,0.4681688
-9y-fZ3swSY$_$6,-0.3333333432674408,0.4322034
-9y-fZ3swSY$_$8,1.6666666269302368,0.42306668
-AUZQgSxyPQ$_$2,0.6666666865348816,2.0796757
-HeZS2-Prhc$_$1,1.3333333730697632,0.69604576
-HeZS2-Prhc$_$8,-0.6666666865348816,-0.86261284
-HeZS2-Prhc$_$2,0.6666666865348816,0.5390656
-HeZS2-Prhc$_$5,1.0,0.33124512
-MeTTeMJBNc$_$0,0.3333333432674408,0.32159376
-MeTTeMJBNc$_$13,0.3333333432674408,0.50236976
-MeTTeMJBNc$_$2,0.0,1.7359649
-MeTTeMJBNc$_$7,1.3333333730697632,0.30802602
-RfYyzHpjk4$_$11,2.0,1.4300193
-RfYyzHpjk4$_$8,0.3333333432674408,0.20369801
-RfYyzHpjk4$_$2,0.3333333432674408,-0.16246597
-RfYyzHpjk4$_$9,0.0,0.44513756
-UUCSKoHeMA$_$9,0.6666666865348816,0.17860748
-UUCSKoHeMA$_$10,-0.3333333432674408,-0.16069886
-UUCSKoHeMA$_$2,0.0,0.4515053
-UUCSKoHeMA$_$0,0.0,0.19168772
-cEhr0cQcDM$_$8,0.0,0.09325875
-cEhr0cQcDM$_$14,1.3333333730697632,1.0463889
-ri04Z7vwnc$_$1,-0.3333333432674408,-0.23538022
-ri04Z7vwnc$_$0,0.0,-0.26076764
-ri04Z7vwnc$_$2,-0.3333333432674408,-0.13362698
-ri04Z7vwnc$_$5,0.3333333432674408,0.1318366
-ri04Z7vwnc$_$7,0.6666666865348816,0.06839481
-ri04Z7vwnc$_$6,1.0,-0.0005813949
-rxZxtG0xmY$_$0,-1.0,-0.37570488
-rxZxtG0xmY$_$2,0.0,-0.34702587
-s9qJ7ATP7w$_$1,0.6666666865348816,-0.57988364
-s9qJ7ATP7w$_$0,-0.3333333432674408,-0.60989594
-s9qJ7ATP7w$_$3,0.6666666865348816,0.5337234
-s9qJ7ATP7w$_$2,1.3333333730697632,0.7985012
-s9qJ7ATP7w$_$5,-2.0,-1.9377204
-s9qJ7ATP7w$_$4,0.0,-0.03229188
-s9qJ7ATP7w$_$7,1.0,0.1695185
-s9qJ7ATP7w$_$6,0.0,0.07419077
-s9qJ7ATP7w$_$9,1.0,-0.12580582
-s9qJ7ATP7w$_$8,1.3333333730697632,0.34473407
-yRb-Jum7EQ$_$1,0.0,-1.0211211
-yRb-Jum7EQ$_$3,0.0,-1.13551
-yRb-Jum7EQ$_$5,-0.6666666865348816,-0.57581055
-yRb-Jum7EQ$_$4,0.0,-0.14719896
-yRb-Jum7EQ$_$6,0.0,-2.0298667
0Fqav67TDEw$_$1,0.3333333432674408,0.556539
0JaYazphxfM$_$5,1.0,0.62500185
0JaYazphxfM$_$6,0.0,-0.25337517
0K7dCp80n9c$_$13,0.3333333432674408,-0.013454646
0K7dCp80n9c$_$12,1.6666666269302368,0.4188922
0K7dCp80n9c$_$2,0.0,-0.13298903
0K7dCp80n9c$_$5,0.0,0.30073804
0K7dCp80n9c$_$4,0.3333333432674408,-0.9745822
0K7dCp80n9c$_$7,0.0,0.08534607
0K7dCp80n9c$_$6,0.0,-0.6855304
0K7dCp80n9c$_$8,1.0,0.19061707
0PlQc98SccA$_$0,0.6666666865348816,-0.11845939
0PlQc98SccA$_$3,0.3333333432674408,0.09724139
0PlQc98SccA$_$2,0.3333333432674408,0.20215504
0YiAKqU36KE$_$1,1.3333333730697632,-0.3465904
0YiAKqU36KE$_$0,-1.0,-1.6115161
0YiAKqU36KE$_$3,1.0,0.06243088
0YiAKqU36KE$_$2,0.0,-0.28218758
0YiAKqU36KE$_$5,-1.6666666269302368,-0.38876843
0YiAKqU36KE$_$4,0.0,0.084156744
0YiAKqU36KE$_$7,-0.3333333432674408,1.0165653
0YiAKqU36KE$_$6,1.6666666269302368,0.60273445
0YiAKqU36KE$_$8,0.0,-0.25981474
0bxhZ-LIfZY$_$3,-0.3333333432674408,-1.0289146
0bxhZ-LIfZY$_$4,-0.3333333432674408,-0.6005895
0eTibWQdO5M$_$6,-0.6666666865348816,0.34927922
0uftSGdwo0Q$_$11,1.3333333730697632,0.5139249
0uftSGdwo0Q$_$0,0.0,0.5941517
0uftSGdwo0Q$_$3,0.3333333432674408,0.4949485
0uftSGdwo0Q$_$6,0.6666666865348816,0.64713234
100178$_$11,-2.0,-1.794601
100178$_$10,0.0,-0.6107366
100178$_$13,1.3333333730697632,1.3331866
100178$_$12,-1.3333333730697632,-0.88988173
100178$_$15,0.0,-0.30045867
100178$_$14,0.6666666865348816,-0.10182604
100178$_$17,-1.3333333730697632,-2.0038898
100178$_$16,0.3333333432674408,0.55113244
100178$_$1,0.0,-0.070822716
100178$_$0,0.0,0.24872209
100178$_$3,0.0,0.06313144
100178$_$2,0.0,-0.15733147
100178$_$5,0.3333333432674408,0.6912508
100178$_$4,0.0,-0.062236995
100178$_$7,-0.6666666865348816,-0.31742734
100178$_$6,-2.0,-1.850271
100178$_$9,-1.0,-1.1632468
100178$_$8,-2.3333332538604736,-0.6889753
10219$_$11,2.6666667461395264,0.6455096
10219$_$10,2.0,-0.30612177
10219$_$13,2.0,0.60488725
10219$_$12,0.0,-0.042688847
10219$_$1,0.0,-0.22588165
10219$_$0,0.0,0.098984204
10219$_$3,0.6666666865348816,-0.15239477
10219$_$2,2.6666667461395264,1.347149
10219$_$5,1.6666666269302368,0.5249627
10219$_$4,1.0,0.045161325
10219$_$7,1.3333333730697632,0.39040792
10219$_$6,0.0,-0.010955669
10219$_$9,1.3333333730697632,1.0564268
10219$_$8,0.3333333432674408,0.24475972
102213$_$11,-2.0,-1.925341
102213$_$10,-1.6666666269302368,0.13806245
102213$_$13,-1.0,1.097936
102213$_$12,-2.3333332538604736,-1.2991335
102213$_$1,0.3333333432674408,-0.38185632
102213$_$0,0.0,-0.27746987
102213$_$3,0.3333333432674408,-1.532858
102213$_$2,1.3333333730697632,0.886691
102213$_$5,-1.0,-1.0340194
102213$_$4,-0.3333333432674408,-0.55599797
102213$_$7,-1.0,-0.3336473
102213$_$6,-0.6666666865348816,0.13620314
102213$_$9,-1.3333333730697632,-1.1858151
102213$_$8,0.0,-0.79268205
102389$_$11,-1.0,-0.52458847
102389$_$10,-0.6666666865348816,0.32053268
102389$_$13,0.3333333432674408,0.6867701
102389$_$12,-2.0,-0.33448297
102389$_$14,-1.6666666269302368,0.44060194
102389$_$1,-2.0,-2.1454852
102389$_$0,0.0,0.1350643
102389$_$3,0.0,0.4394722
102389$_$2,0.0,-0.05339334
102389$_$5,-1.6666666269302368,-0.8586987
102389$_$4,0.0,-0.01747562
102389$_$7,-1.0,-0.58568263
102389$_$6,-1.3333333730697632,-0.1490099
102389$_$9,-0.3333333432674408,-0.6056212
102389$_$8,-1.6666666269302368,-1.3169374
104741$_$1,0.0,0.260612
104741$_$0,0.0,0.34378666
104741$_$3,-1.6666666269302368,0.0879216
104741$_$2,-1.6666666269302368,-2.0008464
104741$_$5,0.0,0.4140805
104741$_$4,-0.3333333432674408,0.46050024
104741$_$7,-1.3333333730697632,-0.98087204
104741$_$6,0.3333333432674408,-0.054951787
104741$_$9,-0.6666666865348816,0.7642089
104741$_$8,-0.6666666865348816,-2.1220057
107585$_$11,-2.0,-0.5828016
107585$_$10,-1.3333333730697632,-0.7563921
107585$_$13,-1.0,-1.1319603
107585$_$12,-2.0,-1.5113583
107585$_$15,-1.0,-1.1366408
107585$_$14,-1.0,-1.861548
107585$_$17,-1.0,0.052420758
107585$_$16,-0.6666666865348816,-0.9220109
107585$_$19,-1.0,-2.1510088
107585$_$18,-2.0,-1.8961608
107585$_$1,-0.6666666865348816,0.2560441
107585$_$0,0.3333333432674408,-0.09787369
107585$_$3,-2.3333332538604736,-2.3615856
107585$_$2,-2.0,-2.04222
107585$_$5,-1.3333333730697632,-1.7765888
107585$_$4,-2.0,-1.0209357
107585$_$7,-1.0,-1.2400314
107585$_$6,-2.0,-1.28664
107585$_$9,-2.0,-2.06403
107585$_$8,-2.0,-0.4503479
108146$_$11,-1.0,-0.39019382
108146$_$10,-1.6666666269302368,-0.7020551
108146$_$1,1.6666666269302368,0.9465221
108146$_$0,0.0,0.079062924
108146$_$3,-1.6666666269302368,-1.3802227
108146$_$2,1.3333333730697632,0.6626638
108146$_$5,1.0,0.5405663
108146$_$4,-2.6666667461395264,-1.9721652
108146$_$7,-2.0,-0.7480811
108146$_$6,1.3333333730697632,0.21089715
108146$_$9,-2.0,-2.03149
108146$_$8,-0.3333333432674408,-0.44078094
110565$_$1,-1.0,0.59722716
110565$_$0,-2.0,-0.8433792
110565$_$3,-1.6666666269302368,-1.9612268
110565$_$2,-1.0,-0.30513
110565$_$5,1.0,1.0978111
110565$_$4,1.6666666269302368,1.79262
110565$_$7,-1.3333333730697632,-1.60892
110565$_$6,-1.3333333730697632,-1.6940334
110565$_$8,-1.6666666269302368,-1.6070119
111881$_$11,-1.0,-1.3016479
111881$_$10,-2.0,-1.2147628
111881$_$13,0.0,-0.90005755
111881$_$12,-2.0,-1.5422813
111881$_$15,-2.0,-1.4501233
111881$_$14,0.3333333432674408,0.021423683
111881$_$17,-1.6666666269302368,-0.18646628
111881$_$16,-2.0,-1.280569
111881$_$1,-0.3333333432674408,0.33130246
111881$_$0,0.0,-0.05615288
111881$_$3,-1.0,-1.0366611
111881$_$2,-2.6666667461395264,-1.9719456
111881$_$5,0.0,-0.0050917864
111881$_$4,-1.3333333730697632,-0.48738867
111881$_$7,-2.0,-0.6629607
111881$_$6,0.3333333432674408,0.2929943
111881$_$9,-2.0,-0.6151774
111881$_$8,0.6666666865348816,0.4405278
112425$_$11,1.6666666269302368,1.2795545
112425$_$10,2.3333332538604736,0.28450125
112425$_$12,0.3333333432674408,0.06953448
112425$_$1,0.6666666865348816,-0.12200777
112425$_$0,0.0,0.16881159
112425$_$3,0.6666666865348816,0.2961051
112425$_$2,1.6666666269302368,0.8242127
112425$_$5,-1.0,-1.5203599
112425$_$4,2.0,2.1050599
112425$_$7,1.3333333730697632,2.4566185
112425$_$6,1.0,1.2279373
112425$_$9,2.6666667461395264,1.1075047
112425$_$8,2.6666667461395264,0.40812868
112509$_$1,-1.0,-1.5494443
112509$_$0,-0.3333333432674408,-0.31770945
112509$_$3,-1.3333333730697632,-0.09699206
112509$_$2,-0.3333333432674408,-0.21223108
112509$_$5,1.3333333730697632,2.2839222
112509$_$4,-2.0,-0.80777276
116213$_$11,0.3333333432674408,0.55657667
116213$_$10,0.0,0.28061035
116213$_$12,1.3333333730697632,1.7284166
116213$_$1,2.3333332538604736,0.33906972
116213$_$0,0.3333333432674408,0.18825482
116213$_$3,-0.6666666865348816,-0.2536437
116213$_$2,2.3333332538604736,1.2258857
116213$_$5,1.6666666269302368,0.019946083
116213$_$4,0.0,-0.748641
116213$_$7,0.0,-0.0889927
116213$_$6,-0.3333333432674408,-0.15168238
116213$_$9,0.3333333432674408,0.17976013
116213$_$8,-0.6666666865348816,0.33138674
11UtTaDYgII$_$11,1.6666666269302368,0.73086536
11UtTaDYgII$_$0,1.6666666269302368,1.7362989
11UtTaDYgII$_$3,1.3333333730697632,0.7731744
11UtTaDYgII$_$2,2.0,1.1715714
11UtTaDYgII$_$4,1.3333333730697632,0.9632235
11UtTaDYgII$_$7,0.6666666865348816,0.21707796
11UtTaDYgII$_$8,2.0,1.8853923
121400$_$11,-0.3333333432674408,-0.10662633
121400$_$10,-0.6666666865348816,-0.27397788
121400$_$1,-2.3333332538604736,-2.013838
121400$_$0,0.0,0.6209632
121400$_$3,0.0,0.039027907
121400$_$2,-0.6666666865348816,-1.7487545
121400$_$5,0.0,0.68447983
121400$_$4,1.0,2.0133595
121400$_$7,0.0,-0.41511542
121400$_$6,0.6666666865348816,0.6172757
121400$_$9,-0.3333333432674408,-0.16424504
121400$_$8,0.0,1.205778
126872$_$11,-2.0,-1.1372452
126872$_$10,0.0,-0.110444725
126872$_$13,-0.6666666865348816,-0.64871335
126872$_$12,-0.3333333432674408,0.45587957
126872$_$14,-2.0,-1.1179992
126872$_$1,-1.0,-1.4967908
126872$_$0,0.0,-0.39580387
126872$_$3,-0.6666666865348816,-0.5327344
126872$_$2,-2.0,-1.5066832
126872$_$5,-2.6666667461395264,-0.07111646
126872$_$4,-2.0,-1.609681
126872$_$7,-0.3333333432674408,0.058554076
126872$_$6,-1.0,-1.2027193
126872$_$9,-1.6666666269302368,-1.8331941
126872$_$8,-1.6666666269302368,-1.1168414
130366$_$11,-1.3333333730697632,-0.8593818
130366$_$10,-0.3333333432674408,-0.08304098
130366$_$1,0.3333333432674408,0.16560891
130366$_$0,0.3333333432674408,0.6052879
130366$_$3,0.0,-0.13036354
130366$_$2,0.3333333432674408,-0.0031706467
130366$_$5,0.0,-0.043078795
130366$_$4,-0.3333333432674408,-0.59278655
130366$_$7,-2.3333332538604736,-2.141941
130366$_$6,-2.0,-2.1448762
130366$_$9,-0.6666666865348816,-0.531363
130366$_$8,-1.0,-0.02135919
132028$_$1,0.0,-0.1470544
132028$_$0,0.0,0.210598
132028$_$3,-1.3333333730697632,-1.2110969
132028$_$2,-1.3333333730697632,-1.8732066
132028$_$5,0.0,0.31438118
132028$_$4,1.0,0.8962145
132028$_$7,0.3333333432674408,1.2112755
132028$_$6,-0.3333333432674408,0.6460749
135623$_$1,-1.6666666269302368,-1.4009832
135623$_$0,0.0,0.44315934
135623$_$3,-2.0,-2.364935
135623$_$2,-1.3333333730697632,1.5289391
135623$_$5,-2.3333332538604736,-1.2711291
135623$_$4,-2.0,-0.95734847
135623$_$7,-1.6666666269302368,-1.7813483
135623$_$6,-2.6666667461395264,-1.8257552
135623$_$9,-2.0,-0.8689102
135623$_$8,-1.3333333730697632,-1.1863092
136196$_$11,-1.6666666269302368,-1.4253097
136196$_$10,-1.6666666269302368,-1.8010854
136196$_$13,-2.3333332538604736,-1.6627575
136196$_$12,-2.3333332538604736,-2.1644082
136196$_$14,-1.3333333730697632,-1.631042
136196$_$1,0.0,-1.542117
136196$_$0,0.3333333432674408,0.11911777
136196$_$3,1.0,-0.13443203
136196$_$2,0.0,-0.52128
136196$_$5,-0.3333333432674408,-1.1804746
136196$_$4,-1.6666666269302368,-1.6948692
136196$_$7,-1.3333333730697632,-0.23958187
136196$_$6,-1.6666666269302368,-1.6912795
136196$_$9,-2.0,-1.3556917
136196$_$8,-1.6666666269302368,-1.6328025
167521$_$11,0.0,-0.9972601
167521$_$10,-0.3333333432674408,-0.21348037
167521$_$13,2.6666667461395264,3.441902
167521$_$12,1.6666666269302368,1.4558811
167521$_$15,2.3333332538604736,2.6440878
167521$_$14,2.6666667461395264,1.3569549
167521$_$17,1.3333333730697632,-0.8108227
167521$_$16,2.0,1.9156885
167521$_$1,2.3333332538604736,2.5072122
167521$_$0,0.6666666865348816,0.32123947
167521$_$3,0.3333333432674408,0.06834307
167521$_$2,0.0,-0.1371307
167521$_$5,0.3333333432674408,-0.96734345
167521$_$4,0.3333333432674408,0.110632494
167521$_$7,1.3333333730697632,0.303971
167521$_$6,2.3333332538604736,2.0282564
167521$_$9,0.6666666865348816,1.1500074
167521$_$8,2.3333332538604736,0.0687175
173CpFb3clw$_$0,0.0,0.21004595
173CpFb3clw$_$3,0.3333333432674408,0.60023236
173CpFb3clw$_$2,0.0,0.6619482
180971$_$1,0.0,0.02709851
180971$_$0,0.0,0.33647418
180971$_$3,0.0,-0.24232246
180971$_$2,1.0,0.13932149
180971$_$5,-2.6666667461395264,-2.0960202
180971$_$4,0.6666666865348816,0.59021825
180971$_$6,0.6666666865348816,1.08273
190743$_$11,-0.3333333432674408,-0.03912586
190743$_$10,0.0,-0.5354359
190743$_$13,-2.0,-0.3813098
190743$_$12,-1.3333333730697632,-1.1106541
190743$_$15,-3.0,-2.8555217
190743$_$14,-3.0,-2.2495883
190743$_$17,-2.0,-1.2882122
190743$_$16,-1.6666666269302368,-1.2905614
190743$_$18,-3.0,-1.7978201
190743$_$1,0.0,-0.022374779
190743$_$0,0.0,0.41533417
190743$_$3,-0.3333333432674408,-0.5456876
190743$_$2,0.0,-0.15037765
190743$_$5,-2.0,-1.9824363
190743$_$4,0.0,-0.07069126
190743$_$7,-2.0,-1.5935667
190743$_$6,-2.3333332538604736,-1.748204
190743$_$9,-0.6666666865348816,-0.4540037
190743$_$8,0.0,0.23885478
194299$_$11,-0.3333333432674408,-0.030904353
194299$_$10,0.0,-0.059590958
194299$_$13,0.0,0.21332337
194299$_$12,0.0,0.14187053
194299$_$15,-1.0,-1.3435982
194299$_$14,0.0,0.41986114
194299$_$16,0.0,-0.47208285
194299$_$1,0.6666666865348816,0.71266997
194299$_$0,0.0,0.28855348
194299$_$3,0.0,0.32051742
194299$_$2,0.0,0.32104653
194299$_$5,-1.3333333730697632,-1.2963351
194299$_$4,-1.0,-1.4418583
194299$_$7,1.3333333730697632,1.7068888
194299$_$6,-1.0,-0.9003967
194299$_$9,0.0,0.5601352
194299$_$8,0.0,0.7361124
198112$_$11,0.0,-0.5136203
198112$_$10,1.0,0.2525738
198112$_$12,2.0,1.7261906
198112$_$1,0.0,0.11302552
198112$_$0,0.3333333432674408,0.43748802
198112$_$3,0.3333333432674408,-0.25975484
198112$_$2,0.0,0.019952357
198112$_$5,1.0,0.72352546
198112$_$4,2.0,1.0611852
198112$_$7,2.0,-0.5165157
198112$_$6,0.0,-0.18127814
198112$_$9,2.3333332538604736,-0.18507735
198112$_$8,2.0,0.38176388
1Gp4l-ZTCVk$_$1,0.6666666865348816,-0.052719027
1Gp4l-ZTCVk$_$0,1.0,0.33501142
1HS2HcN2LDo$_$10,1.6666666269302368,1.4199134
1HS2HcN2LDo$_$1,0.3333333432674408,0.33138496
1HS2HcN2LDo$_$3,-2.3333332538604736,0.48831797
1HS2HcN2LDo$_$5,0.3333333432674408,1.0820199
1HS2HcN2LDo$_$4,0.3333333432674408,0.593994
1HS2HcN2LDo$_$7,0.6666666865348816,0.6323021
1HS2HcN2LDo$_$6,1.0,0.69029933
1HS2HcN2LDo$_$9,1.3333333730697632,0.22570334
1HS2HcN2LDo$_$8,1.6666666269302368,1.4509684
1LkYxsqRPZM$_$1,2.0,2.8723588
1LkYxsqRPZM$_$0,2.3333332538604736,1.568512
1LkYxsqRPZM$_$2,2.0,1.397811
1S6ji_d4OLI$_$9,0.6666666865348816,0.02405899
1S6ji_d4OLI$_$5,0.3333333432674408,0.20036323
1jogeKX0wGw$_$2,2.6666667461395264,1.0555509
1jogeKX0wGw$_$5,1.6666666269302368,0.55351233
1jogeKX0wGw$_$4,1.0,0.9253758
1pl2FVdQWj0$_$0,0.3333333432674408,1.0044562
1pl2FVdQWj0$_$2,0.6666666865348816,0.4749233
1pl2FVdQWj0$_$5,-0.3333333432674408,0.5133316
1zXAYdPdzy8$_$2,-0.3333333432674408,0.48919284
200941$_$11,-1.3333333730697632,-1.0771508
200941$_$10,-1.0,-1.8940777
200941$_$13,-2.0,-1.1967311
200941$_$12,-1.3333333730697632,0.52640253
200941$_$15,-1.3333333730697632,-0.54159313
200941$_$14,-1.3333333730697632,-1.0397023
200941$_$1,-1.6666666269302368,-1.3552829
200941$_$0,0.0,-0.16066118
200941$_$3,-2.3333332538604736,-1.5803145
200941$_$2,-0.3333333432674408,-0.012708053
200941$_$5,-2.3333332538604736,-1.8697525
200941$_$4,-2.0,-0.99647784
200941$_$7,-1.6666666269302368,-1.2895586
200941$_$6,0.6666666865348816,1.8886169
200941$_$9,0.0,-0.4338603
200941$_$8,-1.6666666269302368,-2.08269
201005$_$10,1.0,0.54617935
201005$_$1,0.0,0.31312078
201005$_$0,0.3333333432674408,0.33149773
201005$_$3,-0.3333333432674408,0.16819371
201005$_$2,0.0,0.24207835
201005$_$5,0.3333333432674408,0.29705912
201005$_$4,0.0,-0.06955072
201005$_$7,0.0,-0.11690985
201005$_$6,-1.6666666269302368,-0.32131302
201005$_$9,-1.0,-1.9949523
201005$_$8,1.3333333730697632,0.104175866
202826$_$11,0.0,0.6550387
202826$_$10,-1.6666666269302368,-1.4585899
202826$_$13,-1.3333333730697632,-1.1836256
202826$_$12,-1.6666666269302368,-1.631045
202826$_$14,0.0,-0.1335267
202826$_$1,0.0,-0.27310562
202826$_$0,0.0,0.06978704
202826$_$3,0.0,-0.020265736
202826$_$2,-0.6666666865348816,-1.5176443
202826$_$5,-1.3333333730697632,-1.5810062
202826$_$4,0.0,0.09641702
202826$_$7,1.0,0.4693238
202826$_$6,-1.3333333730697632,-1.6962239
202826$_$9,-2.0,-2.233895
202826$_$8,-1.0,-1.051504
206585$_$1,-2.6666667461395264,-1.7756149
206585$_$0,0.3333333432674408,0.42461586
206585$_$3,0.0,0.7325039
206585$_$2,0.0,-0.5346794
206585$_$5,-2.3333332538604736,-1.1525058
206585$_$4,0.6666666865348816,1.6036263
208322$_$11,0.0,0.074159965
208322$_$10,-1.3333333730697632,0.6065081
208322$_$13,0.0,0.068747595
208322$_$12,-2.3333332538604736,0.3918116
208322$_$1,0.0,0.11242392
208322$_$0,0.3333333432674408,0.17788216
208322$_$3,-1.6666666269302368,-1.7146221
208322$_$2,-2.0,-1.8579404
208322$_$5,0.6666666865348816,-0.31044084
208322$_$4,-2.0,-0.11908074
208322$_$7,-1.0,-0.39346159
208322$_$6,-1.6666666269302368,-0.53598297
208322$_$9,-3.0,-2.5989552
208322$_$8,-1.6666666269302368,-0.22547589
208592$_$10,-2.6666667461395264,-1.9099311
208592$_$1,0.0,0.124818474
208592$_$0,0.3333333432674408,0.13766645
208592$_$3,-2.0,-1.8085796
208592$_$2,0.0,-0.020518623
208592$_$5,0.0,0.2551914
208592$_$4,-2.6666667461395264,-1.7023773
208592$_$7,-1.0,-0.034492597
208592$_$6,0.0,0.13408223
208592$_$9,-2.6666667461395264,-0.90036094
208592$_$8,-1.3333333730697632,-0.6435641
209758$_$11,0.0,0.46251905
209758$_$10,0.6666666865348816,0.017705575
209758$_$13,0.0,0.7054778
209758$_$12,1.6666666269302368,2.2963417
209758$_$15,1.3333333730697632,0.30837828
209758$_$14,1.6666666269302368,1.8803359
209758$_$1,0.0,0.34585953
209758$_$0,1.6666666269302368,0.9339871
209758$_$3,0.0,0.51371485
209758$_$2,0.0,0.030711118
209758$_$5,0.0,0.45651025
209758$_$4,0.0,-1.0509725
209758$_$7,0.0,0.41868925
209758$_$6,2.0,1.4166005
209758$_$9,2.0,1.1294895
209758$_$8,0.6666666865348816,0.62549454
20LfN8ENbhM$_$1,2.0,0.93470323
20LfN8ENbhM$_$0,2.3333332538604736,0.894853
20LfN8ENbhM$_$2,0.6666666865348816,0.587731
20LfN8ENbhM$_$5,0.6666666865348816,0.49915713
20LfN8ENbhM$_$4,1.0,0.59648955
20LfN8ENbhM$_$6,1.6666666269302368,0.9559555
210259$_$11,-3.0,-1.5169322
210259$_$10,-1.6666666269302368,-0.7367743
210259$_$13,-1.6666666269302368,-1.0785221
210259$_$12,-1.6666666269302368,-1.18001
210259$_$15,-1.6666666269302368,0.046584725
210259$_$14,-2.6666667461395264,-1.964985
210259$_$17,-1.6666666269302368,-1.1815349
210259$_$16,-2.3333332538604736,-2.5446837
210259$_$1,2.3333332538604736,0.33736163
210259$_$0,0.0,0.06924765
210259$_$3,0.0,0.10553926
210259$_$2,-2.6666667461395264,-0.45409608
210259$_$5,0.0,-0.04761836
210259$_$4,0.0,0.35542566
210259$_$7,-2.0,-1.8709096
210259$_$6,-1.3333333730697632,-0.5637444
210259$_$9,0.0,-0.4899171
210259$_$8,-2.3333332538604736,-1.8908647
210433$_$1,0.0,0.19866712
210433$_$0,0.0,0.3678096
210433$_$3,1.3333333730697632,1.3222021
210433$_$2,0.3333333432674408,-1.1341828
210433$_$5,-1.0,-1.5953964
210433$_$4,0.0,0.11982673
210433$_$7,-2.0,-1.72341
210433$_$6,-1.0,-0.38683558
210433$_$8,-1.3333333730697632,-1.8345696
211875$_$11,-2.0,-0.68640065
211875$_$10,-2.3333332538604736,-1.747846
211875$_$1,0.0,0.0725943
211875$_$0,0.0,0.31332755
211875$_$3,0.0,0.004542984
211875$_$2,0.0,0.15764832
211875$_$5,-1.6666666269302368,-1.7919222
211875$_$4,-1.6666666269302368,0.2000766
211875$_$7,-2.0,-2.1190915
211875$_$6,-2.3333332538604736,-2.3146865
211875$_$9,-2.0,-0.85117096
211875$_$8,-1.3333333730697632,-1.0904039
213327$_$10,-1.6666666269302368,-1.7617127
213327$_$1,0.0,0.8641777
213327$_$0,0.0,0.04739038
213327$_$3,-0.3333333432674408,-0.62042856
213327$_$2,-1.3333333730697632,-1.2231239
213327$_$5,0.0,0.35337543
213327$_$4,0.0,-0.7477287
213327$_$7,-1.6666666269302368,0.9684936
213327$_$6,-2.3333332538604736,-0.40194702
213327$_$9,-1.0,-2.071652
213327$_$8,-2.0,-1.3107677
215318$_$11,0.6666666865348816,1.0185647
215318$_$10,0.0,-0.029328898
215318$_$13,0.6666666865348816,0.23651534
215318$_$12,0.0,-0.18835406
215318$_$15,-1.6666666269302368,-2.0834033
215318$_$14,0.6666666865348816,-0.09621371
215318$_$1,0.3333333432674408,0.17877741
215318$_$0,0.6666666865348816,0.012674119
215318$_$3,-1.3333333730697632,-1.392926
215318$_$2,0.0,-0.20064862
215318$_$5,0.3333333432674408,0.03558048
215318$_$4,-2.6666667461395264,-2.778194
215318$_$7,0.3333333432674408,0.22533499
215318$_$6,0.3333333432674408,0.060694903
215318$_$9,0.3333333432674408,0.2990607
215318$_$8,-2.3333332538604736,-2.4282517
221137$_$1,0.0,0.072288245
221137$_$0,0.3333333432674408,0.25561106
221137$_$3,-2.0,-2.1198072
221137$_$2,0.0,0.21035469
221137$_$5,-2.0,-1.7071542
221137$_$4,-1.3333333730697632,0.016812228
221137$_$7,-1.0,-1.1588813
221137$_$6,-1.3333333730697632,-0.027605906
221137$_$8,-2.3333332538604736,-2.0658484
221153$_$10,0.0,0.27220714
221153$_$13,0.3333333432674408,0.3673864
221153$_$15,-1.3333333730697632,-1.1575762
221153$_$14,-1.6666666269302368,-1.6067296
221153$_$17,0.0,0.52939993
221153$_$16,-0.6666666865348816,-0.9235612
221153$_$19,-0.6666666865348816,-1.1598476
221153$_$18,1.0,0.7049215
221153$_$1,0.3333333432674408,-0.12916805
221153$_$0,0.3333333432674408,0.07285005
221153$_$3,0.3333333432674408,0.1677246
221153$_$2,0.0,-0.1411836
221153$_$5,0.3333333432674408,-0.15786909
221153$_$4,0.3333333432674408,0.041345276
221153$_$7,0.3333333432674408,-0.12503843
221153$_$6,0.0,-0.30105704
221153$_$9,0.3333333432674408,-0.060533106
221153$_$20,0.3333333432674408,0.15387064
221153$_$8,0.0,0.1479721
221274$_$1,-2.0,-2.148445
221274$_$0,0.3333333432674408,-0.21233793
221274$_$3,0.6666666865348816,0.2801789
221274$_$2,0.3333333432674408,0.34788126
221274$_$5,-2.0,-1.3868176
221274$_$4,1.0,-0.79597896
221274$_$7,-0.3333333432674408,-0.6922878
221274$_$6,-2.0,-1.7748665
221274$_$9,-1.0,-0.6829364
221274$_$8,-1.6666666269302368,-1.6298655
222247$_$11,-2.0,-1.2436758
222247$_$10,-1.0,-1.6777707
222247$_$13,-2.0,-2.0903785
222247$_$12,0.3333333432674408,0.13867664
222247$_$14,-1.3333333730697632,-1.3634787
222247$_$1,0.3333333432674408,-0.41083795
222247$_$0,0.0,0.20563485
222247$_$3,0.0,-0.11701286
222247$_$2,0.0,0.17103921
222247$_$5,-1.3333333730697632,-0.96236134
222247$_$4,0.3333333432674408,-0.1408494
222247$_$7,-2.0,-1.7258679
222247$_$6,-1.3333333730697632,-1.1469834
222247$_$9,-1.6666666269302368,-1.6363318
222247$_$8,-2.0,-1.8177545
22373$_$10,-2.6666667461395264,-1.7306795
22373$_$1,0.0,-0.0006627925
22373$_$0,0.0,0.13530017
22373$_$3,0.0,-0.22287275
22373$_$2,-2.3333332538604736,0.08067116
22373$_$5,-1.3333333730697632,-1.8277661
22373$_$4,1.6666666269302368,0.22100602
22373$_$7,0.0,-1.226017
22373$_$6,-1.0,-1.0741826
22373$_$9,-0.6666666865348816,-1.0884055
22373$_$8,-0.6666666865348816,-1.4141027
224263$_$11,-2.6666667461395264,-2.661147
224263$_$10,-3.0,-1.9201478
224263$_$13,0.6666666865348816,1.1283032
224263$_$12,-1.6666666269302368,0.5561029
224263$_$15,-2.0,-1.8430873
224263$_$14,-2.3333332538604736,-1.8375276
224263$_$17,-1.3333333730697632,-2.319933
224263$_$16,-2.3333332538604736,-1.831721
224263$_$1,0.0,0.14173166
224263$_$0,0.0,0.42298734
224263$_$3,-2.3333332538604736,-2.0764456
224263$_$2,-1.3333333730697632,-1.8135818
224263$_$5,-2.0,0.2233915
224263$_$4,-1.6666666269302368,-1.0886632
224263$_$7,-2.6666667461395264,-0.74849576
224263$_$6,-1.0,-2.2664955
224263$_$9,0.0,-0.93914163
224263$_$8,-1.6666666269302368,-1.4783136
224370$_$20,-2.6666667461395264,-1.1004525
224370$_$21,0.0,-0.4309845
224370$_$22,1.0,1.4746548
224370$_$1,0.0,-0.31447518
224370$_$0,0.0,-0.053149164
224370$_$3,-2.0,-2.1560555
224370$_$2,-2.3333332538604736,-1.6452243
224370$_$5,-2.6666667461395264,-0.69034266
224370$_$4,-2.0,-1.9807624
224370$_$7,0.0,0.14897437
224370$_$6,-2.0,-1.2717127
224370$_$9,1.0,0.5803113
224370$_$8,0.0,-1.1922837
224370$_$11,0.3333333432674408,-0.4051668
224370$_$10,-0.3333333432674408,-0.24190368
224370$_$13,-1.6666666269302368,-1.8621582
224370$_$12,-1.0,-0.19817884
224370$_$15,-1.6666666269302368,-0.6281933
224370$_$14,-1.6666666269302368,-0.8003932
224370$_$17,-2.0,-2.2019017
224370$_$16,-2.3333332538604736,-1.7398676
224370$_$19,-2.0,-0.081337005
224370$_$18,-2.0,-1.8062261
224631$_$11,2.0,0.8327776
224631$_$10,2.3333332538604736,0.72299016
224631$_$1,0.3333333432674408,0.23765889
224631$_$0,0.6666666865348816,0.17387694
224631$_$3,1.3333333730697632,1.0675088
224631$_$2,1.0,-0.17034368
224631$_$5,0.3333333432674408,0.15434399
224631$_$4,1.6666666269302368,0.7045952
224631$_$7,0.6666666865348816,-0.56618047
224631$_$6,0.0,0.236623
224631$_$9,0.0,-0.69928133
224631$_$8,0.0,0.26054785
226601$_$11,-1.3333333730697632,-1.2074503
226601$_$10,-1.3333333730697632,-0.79991764
226601$_$13,-2.3333332538604736,-1.8531061
226601$_$12,-2.0,-1.2605518
226601$_$15,0.0,0.030566737
226601$_$14,0.0,-0.16163112
226601$_$17,1.3333333730697632,0.40621763
226601$_$16,-0.6666666865348816,-1.708557
226601$_$18,-2.0,-1.8391796
226601$_$1,0.6666666865348816,-0.35431612
226601$_$0,0.3333333432674408,0.3611142
226601$_$3,1.0,0.05046402
226601$_$2,0.0,-0.21070246
226601$_$5,0.3333333432674408,-0.052225128
226601$_$4,-0.3333333432674408,0.0024536178
226601$_$7,-1.6666666269302368,-1.4695772
226601$_$6,0.3333333432674408,0.20126337
226601$_$9,1.3333333730697632,2.0110881
226601$_$8,-1.0,-1.1803282
226640$_$1,0.0,0.025195137
226640$_$0,0.6666666865348816,0.10708456
226640$_$3,0.3333333432674408,-0.048355244
226640$_$2,0.0,0.3193041
226640$_$5,-2.0,-1.9262543
226640$_$4,-1.3333333730697632,-1.3389726
226640$_$7,1.3333333730697632,0.82500136
226640$_$6,-0.3333333432674408,-2.0436559
226640$_$9,0.0,-0.41816765
226640$_$8,-0.3333333432674408,-0.15664904
22689$_$11,-1.3333333730697632,-1.5419266
22689$_$10,-1.6666666269302368,-2.0577555
22689$_$1,-2.0,-1.891438
22689$_$0,0.0,0.3089171
22689$_$3,-1.3333333730697632,-1.3237435
22689$_$2,-0.3333333432674408,-0.0323703
22689$_$5,-1.3333333730697632,-2.0029206
22689$_$4,0.0,-0.84681106
22689$_$7,0.0,-0.30890727
22689$_$6,-2.0,-1.3934873
22689$_$9,-2.0,-1.272317
22689$_$8,-0.6666666865348816,0.2368805
233939$_$11,-0.3333333432674408,-0.1648088
233939$_$10,-1.3333333730697632,-2.1843405
233939$_$13,-2.3333332538604736,-0.54274356
233939$_$12,-0.6666666865348816,0.2859675
233939$_$15,-2.3333332538604736,-2.6029315
233939$_$14,-2.6666667461395264,-1.6028777
233939$_$16,0.0,0.03716188
233939$_$1,0.0,0.010923848
233939$_$0,0.3333333432674408,-0.18947092
233939$_$3,-2.6666667461395264,-2.4761403
233939$_$2,0.0,-0.033100754
233939$_$5,0.0,-0.5119736
233939$_$4,-2.0,-2.2817082
233939$_$7,-1.3333333730697632,-1.8179817
233939$_$6,-2.6666667461395264,-2.8803904
233939$_$9,-2.3333332538604736,-1.270266
233939$_$8,-2.0,-1.422804
234046$_$11,-2.3333332538604736,-2.0693817
234046$_$10,-0.3333333432674408,-0.34908003
234046$_$13,-2.0,-1.2573594
234046$_$12,-1.6666666269302368,-1.9169323
234046$_$15,-0.3333333432674408,-1.1856459
234046$_$14,-2.3333332538604736,-1.567613
234046$_$17,-1.0,-1.4281329
234046$_$16,-1.6666666269302368,-1.5922755
234046$_$19,0.0,0.11786039
234046$_$18,-2.0,-1.6589239
234046$_$1,0.0,0.08927906
234046$_$0,0.3333333432674408,0.14023456
234046$_$3,-0.3333333432674408,-0.014401078
234046$_$2,0.3333333432674408,0.433066
234046$_$5,-0.6666666865348816,-0.50048244
234046$_$4,0.0,-0.4704951
234046$_$7,-0.6666666865348816,-1.1894219
234046$_$6,-0.3333333432674408,-1.0048398
234046$_$9,0.6666666865348816,0.20392703
234046$_$8,0.0,0.026109941
236442$_$11,0.6666666865348816,0.3395943
236442$_$10,-1.6666666269302368,-0.94102466
236442$_$1,0.3333333432674408,-0.13819002
236442$_$0,0.3333333432674408,0.19489218
236442$_$3,-1.3333333730697632,-1.2424525
236442$_$2,-2.0,-1.5300436
236442$_$5,-2.0,-1.9997197
236442$_$4,-1.3333333730697632,-0.22082584
236442$_$7,0.3333333432674408,-0.14840116
236442$_$6,0.0,-1.9852985
236442$_$9,-1.0,-1.8414251
236442$_$8,-1.0,-2.2287498
23656$_$20,0.0,0.30131453
23656$_$21,-0.3333333432674408,-0.0033944957
23656$_$1,0.0,0.2762286
23656$_$0,0.3333333432674408,0.20392673
23656$_$3,-0.3333333432674408,0.40218443
23656$_$2,1.0,0.9181951
23656$_$5,-0.3333333432674408,0.88574475
23656$_$4,-1.6666666269302368,-0.5712086
23656$_$7,-2.0,0.3079278
23656$_$6,-1.3333333730697632,-1.2386142
23656$_$9,-1.3333333730697632,0.049383983
23656$_$8,-1.3333333730697632,-1.1015135
23656$_$11,0.0,0.26518553
23656$_$10,-1.6666666269302368,-0.7152224
23656$_$13,-0.3333333432674408,-0.09972368
23656$_$12,-2.0,-1.9972478
23656$_$15,0.3333333432674408,0.81653607
23656$_$14,-0.3333333432674408,-0.2741906
23656$_$17,0.0,-0.13112469
23656$_$16,-1.6666666269302368,-1.251572
23656$_$19,-1.0,-1.0719631
23656$_$18,-3.0,-2.225306
237363$_$11,-1.3333333730697632,-0.8115423
237363$_$10,0.0,-0.11630194
237363$_$13,-2.3333332538604736,-2.2399206
237363$_$12,-2.3333332538604736,-1.97023
237363$_$1,2.0,0.7996268
237363$_$0,0.3333333432674408,0.06775716
237363$_$3,-1.0,-0.31556046
237363$_$2,2.0,0.40537477
237363$_$5,-1.0,-1.893262
237363$_$4,0.0,-0.25717443
237363$_$7,-1.6666666269302368,0.19305067
237363$_$6,-2.3333332538604736,-1.9986404
237363$_$9,-1.3333333730697632,-0.4924829
237363$_$8,-2.6666667461395264,1.2804323
238063$_$11,-1.0,-1.1898307
238063$_$10,0.0,-0.25291598
238063$_$13,-0.3333333432674408,-0.68236655
238063$_$12,2.0,-1.4092339
238063$_$15,-1.3333333730697632,-2.1654453
238063$_$14,-1.0,-0.4551763
238063$_$17,1.0,-0.79215884
238063$_$16,-1.0,1.6892824
238063$_$1,1.3333333730697632,0.14253646
238063$_$0,0.3333333432674408,0.09270945
238063$_$3,-0.6666666865348816,-1.438979
238063$_$2,0.0,-0.08581318
238063$_$5,1.6666666269302368,0.77249074
238063$_$4,0.0,0.5881989
238063$_$7,-0.3333333432674408,-0.61947227
238063$_$6,1.3333333730697632,1.0496532
238063$_$9,0.3333333432674408,0.12838201
238063$_$8,0.3333333432674408,0.09675837
24196$_$11,-0.6666666865348816,-0.6703855
24196$_$10,0.3333333432674408,0.22886018
24196$_$13,1.0,1.1008414
24196$_$12,-0.6666666865348816,-0.80757844
24196$_$15,-2.0,-0.821234
24196$_$14,1.0,1.4647404
24196$_$17,-2.3333332538604736,-2.764537
24196$_$16,0.0,0.9343697
24196$_$1,0.0,-0.22710277
24196$_$0,0.3333333432674408,0.35413766
24196$_$3,-0.3333333432674408,-2.186664
24196$_$2,-2.0,-0.5897838
24196$_$5,-0.3333333432674408,0.33981526
24196$_$4,-1.0,-0.19162814
24196$_$7,-2.6666667461395264,-2.1703753
24196$_$6,-1.6666666269302368,-0.7777693
24196$_$9,-1.0,-1.1155955
24196$_$8,-1.6666666269302368,-3.0307095
24351$_$11,1.6666666269302368,0.08682256
24351$_$10,0.0,0.3811823
24351$_$12,2.3333332538604736,1.4371866
24351$_$1,0.0,-0.14918357
24351$_$0,0.3333333432674408,-0.11209041
24351$_$3,0.0,-0.12279861
24351$_$2,0.0,0.38646382
24351$_$5,0.0,0.37260985
24351$_$4,0.3333333432674408,0.2107519
24351$_$7,2.3333332538604736,1.8312587
24351$_$6,0.6666666865348816,0.09806198
24351$_$9,2.0,0.58766836
24351$_$8,0.3333333432674408,-0.10823129
243981$_$11,-1.0,-0.0054988563
243981$_$10,-2.3333332538604736,-1.6971171
243981$_$13,-1.6666666269302368,-0.6091063
243981$_$12,-1.3333333730697632,-1.132666
243981$_$15,0.0,-0.20333596
243981$_$14,-1.3333333730697632,-1.1199664
243981$_$17,-1.3333333730697632,-1.1912665
243981$_$16,0.0,0.13458264
243981$_$19,-2.3333332538604736,-1.7213577
243981$_$18,1.0,0.06081643
243981$_$1,0.0,0.21157531
243981$_$0,0.0,0.5380691
243981$_$3,0.0,0.07295544
243981$_$2,0.0,0.4344746
243981$_$5,-2.6666667461395264,-2.3769822
243981$_$4,-2.3333332538604736,-0.7479576
243981$_$7,-1.6666666269302368,-0.29135203
243981$_$6,-2.0,-1.1274577
243981$_$9,0.0,-0.25038415
243981$_$8,-1.6666666269302368,-1.5028044
24504$_$11,-0.3333333432674408,0.45068878
24504$_$10,0.6666666865348816,0.81082356
24504$_$1,-1.0,-1.5301913
24504$_$0,0.3333333432674408,0.5580032
24504$_$3,-1.0,-1.713437
24504$_$2,-1.6666666269302368,-1.1582022
24504$_$5,0.3333333432674408,0.5976579
24504$_$4,-0.3333333432674408,-1.1931229
24504$_$7,-1.3333333730697632,0.033874735
24504$_$6,-1.0,-0.1439219
24504$_$9,2.0,1.4194952
24504$_$8,-1.0,-2.43952
245582$_$11,-1.6666666269302368,-1.4984876
245582$_$10,-0.3333333432674408,-0.54684854
245582$_$13,0.3333333432674408,-0.42920548
245582$_$12,0.0,-1.32964
245582$_$15,-2.3333332538604736,-1.3397099
245582$_$14,-2.0,-2.153052
245582$_$17,0.0,-0.25131387
245582$_$16,1.0,-1.6130869
245582$_$1,-1.6666666269302368,-1.7968894
245582$_$0,0.0,0.314915
245582$_$3,0.0,-0.24920498
245582$_$2,-1.6666666269302368,-1.5071207
245582$_$5,0.0,-0.21501936
245582$_$4,-1.3333333730697632,-1.2185236
245582$_$7,-0.6666666865348816,-1.2568477
245582$_$6,-0.6666666865348816,-0.008451417
245582$_$9,0.3333333432674408,-0.38542348
245582$_$8,-0.6666666865348816,-0.11075252
252097$_$11,-2.0,-0.32918072
252097$_$10,0.3333333432674408,-0.84464693
252097$_$12,-2.3333332538604736,-2.0570388
252097$_$1,0.6666666865348816,0.7226503
252097$_$0,1.3333333730697632,0.6998171
252097$_$3,-1.0,-0.49143493
252097$_$2,-3.0,-2.0658293
252097$_$5,-1.6666666269302368,-1.2124907
252097$_$4,-1.3333333730697632,-1.3962101
252097$_$7,-2.0,-0.86549044
252097$_$6,0.3333333432674408,0.46166456
252097$_$9,-1.6666666269302368,-2.1258016
252097$_$8,-1.6666666269302368,-1.8798562
252912$_$11,-1.6666666269302368,-0.31495768
252912$_$10,-2.0,-2.1623816
252912$_$13,-1.6666666269302368,-1.1130129
252912$_$12,-2.6666667461395264,-0.4631889
252912$_$1,-1.6666666269302368,-0.59117043
252912$_$0,0.3333333432674408,0.09524182
252912$_$3,-1.3333333730697632,-0.11027436
252912$_$2,-2.6666667461395264,-1.2567493
252912$_$5,-1.3333333730697632,-1.5181916
252912$_$4,0.0,0.41799116
252912$_$7,-1.6666666269302368,-1.577912
252912$_$6,-1.3333333730697632,-0.065317884
252912$_$9,-1.3333333730697632,-1.389723
252912$_$8,1.6666666269302368,0.32556355
254427$_$0,1.6666666269302368,0.10274172
255408$_$1,0.0,0.0024075732
255408$_$0,0.0,0.26745117
255408$_$3,-2.0,-0.8678592
255408$_$2,0.0,0.13356915
255408$_$5,0.0,-0.13295148
255408$_$4,-1.0,-0.9790195
255408$_$7,0.0,-1.0267581
255408$_$6,-0.3333333432674408,0.20980038
255408$_$9,-0.6666666865348816,-1.8406216
255408$_$8,-1.3333333730697632,-1.3753139
25640$_$1,0.3333333432674408,-0.28583962
25640$_$0,0.0,0.32239044
25640$_$3,-1.0,-0.19614412
25640$_$2,1.0,1.769748
25640$_$5,-0.3333333432674408,0.6167493
25640$_$4,-1.0,-1.4155811
25640$_$7,-2.3333332538604736,-1.2673956
25640$_$6,-0.3333333432674408,-1.4926287
25640$_$8,-2.0,-0.38766497
257277$_$11,-1.0,-1.7538294
257277$_$10,-2.0,-1.001377
257277$_$13,-1.0,0.9946277
257277$_$12,0.0,-0.16771038
257277$_$15,0.0,0.46649897
257277$_$14,0.0,0.019202907
257277$_$16,-1.3333333730697632,-1.430921
257277$_$1,0.3333333432674408,0.29565725
257277$_$0,0.3333333432674408,0.4016211
257277$_$3,1.0,-0.14971907
257277$_$2,-0.3333333432674408,-0.23996992
257277$_$5,-2.0,0.08799352
257277$_$4,0.0,-1.1529651
257277$_$7,0.6666666865348816,0.3856123
257277$_$6,2.0,2.3282008
257277$_$9,0.0,-0.6969434
257277$_$8,-1.6666666269302368,-1.317693
257534$_$11,-1.3333333730697632,-1.9048443
257534$_$10,-2.6666667461395264,-0.98870575
257534$_$13,0.0,-0.18999313
257534$_$12,-1.3333333730697632,-1.2238872
257534$_$15,-1.3333333730697632,-1.6737837
257534$_$14,-3.0,-1.6074458
257534$_$16,-1.3333333730697632,-1.8129634
257534$_$1,0.0,-0.19161539
257534$_$0,0.0,0.19554317
257534$_$3,-0.6666666865348816,-1.3543819
257534$_$2,-2.0,-1.4590715
257534$_$5,0.0,-0.23506929
257534$_$4,0.0,-0.13262738
257534$_$7,0.0,-0.09576516
257534$_$6,-2.0,-2.0014362
257534$_$9,0.0,-0.08162044
257534$_$8,0.0,0.0023257434
259470$_$10,-1.0,0.2679757
259470$_$13,-1.6666666269302368,-2.3203144
259470$_$12,-1.6666666269302368,-0.47865558
259470$_$15,-1.3333333730697632,-1.5522109
259470$_$14,-1.6666666269302368,-0.14045797
259470$_$17,-2.3333332538604736,-1.3987938
259470$_$16,-2.6666667461395264,-2.1721127
259470$_$19,-1.3333333730697632,-1.0691646
259470$_$18,-1.3333333730697632,-0.260782
259470$_$23,-0.6666666865348816,0.19421323
259470$_$0,0.0,0.36419362
259470$_$2,0.0,0.07295315
259470$_$4,0.0,1.0305783
259470$_$7,-2.3333332538604736,-2.8151495
259470$_$6,0.6666666865348816,0.27414352
259470$_$9,-1.3333333730697632,-0.96172166
259470$_$8,-2.3333332538604736,-2.1081996
259470$_$21,-2.3333332538604736,0.32182783
267466$_$28,-1.0,0.49392647
267466$_$29,-1.6666666269302368,-0.38425118
267466$_$24,0.6666666865348816,-0.008337736
267466$_$25,-0.3333333432674408,-1.2594258
267466$_$26,-1.6666666269302368,-1.0846311
267466$_$27,-0.3333333432674408,-0.54151654
267466$_$20,-0.3333333432674408,0.057438627
267466$_$21,-2.0,-1.1828226
267466$_$22,-2.0,-1.5506351
267466$_$23,-2.6666667461395264,-1.4769005
267466$_$46,-1.3333333730697632,-1.8596647
267466$_$44,-2.6666667461395264,-2.199572
267466$_$45,-3.0,-2.544019
267466$_$42,-2.3333332538604736,-1.796133
267466$_$43,-1.6666666269302368,-0.9671198
267466$_$40,0.6666666865348816,0.5437355
267466$_$41,0.6666666865348816,0.7862364
267466$_$1,0.0,-0.14263637
267466$_$0,0.0,0.13165832
267466$_$3,0.0,0.14399812
267466$_$2,0.0,-0.4756642
267466$_$5,-1.6666666269302368,-0.6912856
267466$_$4,-1.3333333730697632,-0.3645085
267466$_$7,-2.6666667461395264,-1.6215426
267466$_$6,-1.6666666269302368,-1.5978941
267466$_$9,-1.0,-0.19459991
267466$_$8,-1.0,-0.37306553
267466$_$13,0.0,0.20841105
267466$_$12,-2.6666667461395264,-1.7015276
267466$_$11,-1.0,-0.04322786
267466$_$10,0.6666666865348816,-0.34227526
267466$_$39,-1.6666666269302368,-1.0808665
267466$_$38,0.0,-1.3039356
267466$_$15,0.0,-0.1259095
267466$_$14,0.0,-0.30618036
267466$_$17,-2.0,-0.8468087
267466$_$16,-1.0,-1.1218511
267466$_$33,-1.0,-1.1895148
267466$_$18,0.6666666865348816,0.43026847
267466$_$31,-1.0,-0.4190243
267466$_$30,-1.3333333730697632,-0.37965834
267466$_$37,-1.6666666269302368,-1.310453
267466$_$36,-3.0,-1.6827097
267466$_$35,-1.0,-1.6273587
267466$_$34,-2.3333332538604736,-1.9184042
267466$_$19,0.0,0.030414343
267466$_$32,-2.0,-1.2700019
267694$_$11,-1.6666666269302368,-1.4080681
267694$_$10,0.3333333432674408,0.23599088
267694$_$13,-2.3333332538604736,-1.1097335
267694$_$12,-1.3333333730697632,-0.6704215
267694$_$15,-2.3333332538604736,-1.303566
267694$_$14,-2.3333332538604736,-1.9798359
267694$_$17,-1.3333333730697632,-1.8483781
267694$_$16,-1.0,-1.1157544
267694$_$19,-0.6666666865348816,-0.26146632
267694$_$18,-2.3333332538604736,-1.3448266
267694$_$1,0.0,0.0071908757
267694$_$0,0.0,0.13503547
267694$_$3,-0.3333333432674408,-0.6386431
267694$_$2,0.0,0.07265248
267694$_$5,0.0,0.2933268
267694$_$4,0.0,-0.020376429
267694$_$7,-2.0,-1.4694725
267694$_$6,-1.6666666269302368,-1.4185356
267694$_$9,0.0,-0.0895607
267694$_$8,0.0,0.27605155
272838$_$11,-1.0,-1.0290134
272838$_$10,-1.6666666269302368,-1.0835179
272838$_$13,-0.6666666865348816,-0.7666886
272838$_$12,-0.6666666865348816,0.44390363
272838$_$15,-2.3333332538604736,-1.8402282
272838$_$14,-0.3333333432674408,-0.99042857
272838$_$17,0.0,0.13672747
272838$_$16,0.0,1.1303599
272838$_$1,0.0,-0.17323841
272838$_$0,-1.0,0.12188947
272838$_$3,-1.3333333730697632,-1.7711998
272838$_$2,-2.0,-0.93297905
272838$_$5,0.0,-0.26823664
272838$_$4,0.0,-0.10080053
272838$_$7,0.0,-0.88413703
272838$_$6,-2.0,-0.18009841
272838$_$9,0.0,-0.004415013
272838$_$8,-0.3333333432674408,-0.87477756
273207$_$10,-1.6666666269302368,-1.3923204
273207$_$1,0.0,-0.31165302
273207$_$0,0.0,0.13606188
273207$_$3,-1.6666666269302368,-1.77269
273207$_$2,0.6666666865348816,0.2522851
273207$_$5,0.3333333432674408,-0.54305923
273207$_$4,0.3333333432674408,-0.079083845
273207$_$7,-0.3333333432674408,-1.0788347
273207$_$6,-0.3333333432674408,-0.8644047
273207$_$9,-0.3333333432674408,0.485246
273207$_$8,0.0,0.038704414
273250$_$24,-2.3333332538604736,-1.4754486
273250$_$25,-1.3333333730697632,0.015110746
273250$_$26,-2.6666667461395264,-2.074266
273250$_$27,-2.0,-2.1657357
273250$_$20,-0.3333333432674408,-0.37343377
273250$_$21,-2.0,0.35657114
273250$_$22,-1.3333333730697632,-1.9101136
273250$_$23,-3.0,-2.7844927
273250$_$1,0.0,-0.0975465
273250$_$0,0.6666666865348816,0.1106244
273250$_$3,-0.6666666865348816,-0.2603168
273250$_$2,0.0,-0.4360717
273250$_$5,-0.6666666865348816,0.42258686
273250$_$4,-3.0,-0.2446372
273250$_$7,-0.3333333432674408,0.22045287
273250$_$6,0.0,-0.18306547
273250$_$9,0.0,-0.11822203
273250$_$8,-0.3333333432674408,0.401439
273250$_$11,-1.3333333730697632,-0.3658797
273250$_$10,-2.6666667461395264,-2.2391944
273250$_$13,-1.3333333730697632,-0.9978142
273250$_$12,-2.6666667461395264,-0.12909059
273250$_$15,-0.6666666865348816,-0.09092809
273250$_$14,-2.0,-2.2691402
273250$_$17,-2.3333332538604736,-2.1668782
273250$_$16,-2.3333332538604736,-0.36176074
273250$_$19,0.0,-0.16322963
273250$_$18,-1.6666666269302368,-1.923956
275267$_$11,-2.3333332538604736,-1.5653597
275267$_$10,-2.6666667461395264,-1.8901445
275267$_$13,-1.3333333730697632,-0.5094903
275267$_$12,-1.3333333730697632,-1.4585438
275267$_$15,0.0,0.03713733
275267$_$14,-1.6666666269302368,-1.650433
275267$_$1,-2.6666667461395264,-1.8909969
275267$_$0,0.0,0.2849027
275267$_$3,-1.3333333730697632,-0.56063914
275267$_$2,-1.3333333730697632,0.46837628
275267$_$5,0.0,-0.19951944
275267$_$4,-1.3333333730697632,-1.1314441
275267$_$7,0.0,-0.15363729
275267$_$6,0.0,0.13403378
275267$_$9,-0.6666666865348816,0.16248237
275267$_$8,0.0,-0.019173741
27v7Blr0vjw$_$0,-0.3333333432674408,-0.25046593
27v7Blr0vjw$_$3,0.0,0.13813484
27v7Blr0vjw$_$2,-0.3333333432674408,0.15897396
27v7Blr0vjw$_$5,0.0,0.9706335
27v7Blr0vjw$_$4,0.0,0.2371835
28006$_$20,-3.0,-2.0510852
28006$_$21,-3.0,-0.5885219
28006$_$22,-2.3333332538604736,-2.2641253
28006$_$1,0.0,-0.24468942
28006$_$0,-2.6666667461395264,0.06599721
28006$_$3,-0.3333333432674408,0.35713643
28006$_$2,-3.0,-2.1592824
28006$_$5,-1.6666666269302368,-0.9874486
28006$_$4,-0.3333333432674408,-0.081469595
28006$_$7,-2.3333332538604736,-1.5314271
28006$_$6,-2.0,-1.2467135
28006$_$9,-2.0,-1.7014202
28006$_$8,-0.3333333432674408,-0.3491137
28006$_$11,-2.3333332538604736,-1.9751402
28006$_$10,-1.3333333730697632,-1.7448376
28006$_$13,-2.3333332538604736,-0.9415835
28006$_$12,-2.0,-1.2882673
28006$_$15,-1.6666666269302368,-1.5503496
28006$_$14,-3.0,-2.26264
28006$_$17,-2.0,-0.019344762
28006$_$16,-1.3333333730697632,-1.2150676
28006$_$19,-2.3333332538604736,-2.1913676
28006$_$18,-2.0,-1.229253
283935$_$1,0.3333333432674408,-0.014115125
283935$_$0,0.6666666865348816,0.31824273
283935$_$3,-2.3333332538604736,-1.701873
283935$_$2,0.6666666865348816,-0.3565023
283935$_$5,-2.0,-2.0961208
283935$_$4,1.3333333730697632,0.57876587
286943$_$11,0.0,-0.071830764
286943$_$10,-1.6666666269302368,-1.6699082
286943$_$1,0.0,0.013339572
286943$_$0,0.3333333432674408,0.48465478
286943$_$3,0.0,0.58672696
286943$_$2,0.0,0.49837124
286943$_$5,-1.3333333730697632,-1.2644976
286943$_$4,-0.3333333432674408,0.16918679
286943$_$7,-1.6666666269302368,-1.5193427
286943$_$6,-1.6666666269302368,-2.2263095
286943$_$9,-1.3333333730697632,-1.1798218
286943$_$8,-1.6666666269302368,-1.2940269
29751$_$11,0.0,0.09254902
29751$_$10,0.0,-0.23452725
29751$_$1,0.0,-0.06440496
29751$_$0,0.0,0.14801991
29751$_$3,-2.0,-2.027057
29751$_$2,0.0,0.04528609
29751$_$5,-1.0,-0.40015358
29751$_$4,-2.0,-1.2287673
29751$_$7,-1.3333333730697632,-1.2589611
29751$_$6,0.0,-0.052794077
29751$_$9,0.0,-0.075182006
29751$_$8,-2.0,-1.7772322
2BuFtglEcaY$_$11,2.3333332538604736,0.7575178
2BuFtglEcaY$_$10,1.6666666269302368,1.418799
2BuFtglEcaY$_$13,2.0,1.3636283
2BuFtglEcaY$_$12,2.3333332538604736,1.1706605
2BuFtglEcaY$_$14,1.3333333730697632,1.0887092
2BuFtglEcaY$_$1,2.3333332538604736,1.9426606
2BuFtglEcaY$_$0,1.0,0.37584984
2BuFtglEcaY$_$3,-1.6666666269302368,0.05178227
2BuFtglEcaY$_$2,2.6666667461395264,1.114651
2BuFtglEcaY$_$5,2.0,1.3033992
2BuFtglEcaY$_$4,2.0,1.5843419
2BuFtglEcaY$_$7,1.3333333730697632,0.8619058
2BuFtglEcaY$_$6,1.0,0.88374543
2BuFtglEcaY$_$9,1.6666666269302368,2.3698864
2BuFtglEcaY$_$8,2.0,1.5325941
2ItiGjefTRA$_$3,0.0,0.052278537
2ItiGjefTRA$_$4,-0.6666666865348816,-0.8275406
2Ky9DBSl49w$_$1,0.0,0.5944771
2QXHdu2zlQY$_$0,-2.0,0.3957327
2QXHdu2zlQY$_$2,0.3333333432674408,1.1389192
2QXHdu2zlQY$_$5,1.3333333730697632,0.5676123
2QXHdu2zlQY$_$4,1.0,0.5727573
2QXHdu2zlQY$_$7,1.3333333730697632,1.1956013
2QXHdu2zlQY$_$6,0.0,0.14394343
2QXHdu2zlQY$_$8,0.3333333432674408,0.9183632
2W-U94hXuK0$_$1,0.3333333432674408,0.480209
2W-U94hXuK0$_$3,-3.0,-0.67158455
2W-U94hXuK0$_$2,-1.3333333730697632,-0.21108039
2W-U94hXuK0$_$4,-2.0,-1.0458132
2fbBrB1nJEQ$_$0,2.0,0.123912446
2m58ShI1QSI$_$0,0.0,0.7942653
2m58ShI1QSI$_$2,0.3333333432674408,0.5336507
2o2ljA0QD7g$_$11,0.0,0.4414869
2o2ljA0QD7g$_$12,0.6666666865348816,0.48694152
2o2ljA0QD7g$_$4,0.3333333432674408,0.13642429
2vsgDSlJ9pU$_$0,0.0,0.39856327
2vsgDSlJ9pU$_$13,0.6666666865348816,0.7175155
2vsgDSlJ9pU$_$12,1.0,0.36972558
2vsgDSlJ9pU$_$5,1.3333333730697632,0.091205776
2ze94yo2aPo$_$1,0.6666666865348816,0.7433047
2ze94yo2aPo$_$0,2.0,1.5927032
2ze94yo2aPo$_$5,1.0,0.40387195
2ze94yo2aPo$_$4,0.6666666865348816,0.5404114
34cU3HO_hEA$_$8,0.3333333432674408,0.12879735
35694$_$11,0.3333333432674408,0.18610106
35694$_$10,0.0,-0.157112
35694$_$13,-1.6666666269302368,-0.9680382
35694$_$12,-1.3333333730697632,-0.6829197
35694$_$15,-1.3333333730697632,-1.288627
35694$_$14,-1.3333333730697632,-1.8748114
35694$_$17,-1.6666666269302368,-0.28981352
35694$_$16,0.3333333432674408,-0.49435115
35694$_$1,0.6666666865348816,-0.9349444
35694$_$0,0.0,1.0957235
35694$_$3,-1.3333333730697632,-1.7942003
35694$_$2,-0.3333333432674408,-0.54082686
35694$_$5,0.0,-0.08479342
35694$_$4,0.6666666865348816,-0.48169488
35694$_$7,1.0,-0.09398614
35694$_$6,0.0,-0.12258896
35694$_$9,0.3333333432674408,-0.15411
35694$_$8,0.6666666865348816,0.12906337
37NMbnd7r20$_$0,0.0,-0.13148813
3At-BKm9eYk$_$1,-0.3333333432674408,-0.04786373
3At-BKm9eYk$_$0,-0.6666666865348816,-1.0876747
3At-BKm9eYk$_$3,-0.6666666865348816,-1.2778592
3At-BKm9eYk$_$2,-2.3333332538604736,-1.0415113
3At-BKm9eYk$_$5,-0.3333333432674408,-0.62262446
3At-BKm9eYk$_$4,0.0,0.7408738
3At-BKm9eYk$_$7,0.3333333432674408,-0.13126253
3At-BKm9eYk$_$6,1.0,-0.38030738
3HyAaqre_Fk$_$3,-0.6666666865348816,0.040848553
3HyAaqre_Fk$_$2,1.0,0.23621982
3HyAaqre_Fk$_$6,1.3333333730697632,1.4451554
3IUVpwx23cY$_$9,-0.3333333432674408,-0.19676428
3IUVpwx23cY$_$10,0.3333333432674408,0.5856871
3IUVpwx23cY$_$31,-0.6666666865348816,-0.32724363
3IUVpwx23cY$_$27,0.0,0.25961703
3IUVpwx23cY$_$23,0.0,0.40910625
3OYY5Tsz_2k$_$10,0.0,0.3213687
3OYY5Tsz_2k$_$14,1.3333333730697632,0.4032637
3OYY5Tsz_2k$_$1,0.6666666865348816,0.30993927
3OYY5Tsz_2k$_$2,0.0,0.07530253
3OYY5Tsz_2k$_$5,0.0,-0.00859075
3OYY5Tsz_2k$_$7,0.0,0.11770922
3REPHw7oLWo$_$1,1.0,0.7536264
3REPHw7oLWo$_$13,0.3333333432674408,1.5009202
3REPHw7oLWo$_$4,-0.3333333432674408,-0.13752185
3REPHw7oLWo$_$7,1.0,0.15130335
3UOqbf_B_Yc$_$1,0.0,0.8514793
3UOqbf_B_Yc$_$2,0.3333333432674408,1.3458889
3UOqbf_B_Yc$_$5,0.3333333432674408,1.7597839
3UOqbf_B_Yc$_$6,1.0,0.93433315
3WZ6R9B0PcU$_$9,-0.6666666865348816,-0.84687257
3XShFTBsp_Q$_$2,1.3333333730697632,0.54149574
3hOlJf_JQDs$_$1,2.3333332538604736,2.5054185
3hOlJf_JQDs$_$3,2.0,1.440622
3odZe3AGilc$_$0,1.3333333730697632,0.8947636
3odZe3AGilc$_$3,1.3333333730697632,1.6000644
3odZe3AGilc$_$2,1.3333333730697632,0.65549076
3wHE78v9zr4$_$24,1.3333333730697632,0.5360995
3wHE78v9zr4$_$25,2.0,1.4281899
3wHE78v9zr4$_$26,-0.6666666865348816,-0.6624295
3wHE78v9zr4$_$27,1.0,0.49296945
3wHE78v9zr4$_$20,0.0,-0.117970124
3wHE78v9zr4$_$21,-0.3333333432674408,-0.4265858
3wHE78v9zr4$_$22,1.0,0.22490431
3wHE78v9zr4$_$23,1.0,0.6703283
3wHE78v9zr4$_$1,0.6666666865348816,0.66452456
3wHE78v9zr4$_$0,1.0,0.62967825
3wHE78v9zr4$_$3,1.6666666269302368,1.019684
3wHE78v9zr4$_$2,2.0,1.5923268
3wHE78v9zr4$_$5,0.0,0.06267304
3wHE78v9zr4$_$4,0.3333333432674408,0.40325606
3wHE78v9zr4$_$7,1.6666666269302368,0.07774279
3wHE78v9zr4$_$9,0.3333333432674408,0.45113236
3wHE78v9zr4$_$8,0.6666666865348816,-0.01385434
3wHE78v9zr4$_$11,0.3333333432674408,0.04640869
3wHE78v9zr4$_$10,-2.0,-1.0369192
3wHE78v9zr4$_$13,0.0,-0.04285398
3wHE78v9zr4$_$12,1.0,-0.08774699
3wHE78v9zr4$_$15,1.0,0.22690783
3wHE78v9zr4$_$14,0.0,-0.18939891
3wHE78v9zr4$_$17,-1.3333333730697632,-0.6118361
3wHE78v9zr4$_$16,-1.6666666269302368,-0.37394422
3wHE78v9zr4$_$19,1.0,0.73207414
3wHE78v9zr4$_$18,1.3333333730697632,0.5583432
41381$_$10,-0.6666666865348816,-0.3648876
41381$_$1,1.0,0.52679574
41381$_$0,0.6666666865348816,0.13965034
41381$_$3,0.3333333432674408,-0.4185068
41381$_$2,0.0,-0.3848992
41381$_$5,-0.6666666865348816,-1.5646778
41381$_$4,0.0,0.14735107
41381$_$7,0.0,0.37781048
41381$_$6,-0.6666666865348816,-0.2606634
41381$_$9,-2.0,-1.1426476
41381$_$8,1.0,-0.08810894
424SXFTCFsA$_$1,0.6666666865348816,0.4501391
424SXFTCFsA$_$3,1.3333333730697632,1.5150874
424SXFTCFsA$_$2,1.3333333730697632,0.2394177
424SXFTCFsA$_$4,2.0,1.3146468
46495$_$1,0.0,0.035511144
46495$_$0,-0.6666666865348816,0.07773303
46495$_$3,0.0,-0.2787227
46495$_$2,0.0,-0.1099648
46495$_$5,0.0,-0.8614397
46495$_$4,0.0,-0.3694347
46495$_$7,-2.0,-1.0364549
46495$_$6,-2.3333332538604736,-2.1151638
46495$_$9,-2.0,-2.6740055
46495$_$8,-2.0,-1.2663561
46615$_$1,-1.3333333730697632,-1.0069543
46615$_$0,0.0,0.28392118
46615$_$3,-1.0,-0.06230689
46615$_$2,0.0,-0.29004878
46615$_$5,-2.3333332538604736,-2.114541
46615$_$4,-0.3333333432674408,-0.07143985
46615$_$7,-2.3333332538604736,-1.4909316
46615$_$6,-2.0,-1.6500369
46615$_$9,-1.0,0.02144187
46615$_$8,-3.0,-1.4821929
4EDblUpJieU$_$1,0.6666666865348816,0.5447684
4EDblUpJieU$_$3,2.0,0.15227285
4EDblUpJieU$_$7,1.3333333730697632,1.2578205
4YfyP0uIqw0$_$6,0.6666666865348816,0.2704389
4dAYMzRyndc$_$10,2.0,-0.051959023
4dAYMzRyndc$_$13,0.0,-0.24195321
4dAYMzRyndc$_$16,0.0,-0.13771103
4dAYMzRyndc$_$0,1.6666666269302368,0.77999943
4dAYMzRyndc$_$3,0.3333333432674408,0.7151431
4dAYMzRyndc$_$4,0.0,0.567155
4dAYMzRyndc$_$9,0.0,0.13536523
4o4ilPK9rl8$_$1,-1.3333333730697632,-0.14664349
4t5k_yILGJM$_$3,-0.6666666865348816,-0.5875442
4wLP4elp1uM$_$8,-0.6666666865348816,-0.37746716
4wLP4elp1uM$_$7,-1.6666666269302368,-0.13770883
53609$_$11,-0.6666666865348816,0.54335755
53609$_$10,-2.0,-2.213458
53609$_$13,-2.0,-1.1804179
53609$_$12,-0.3333333432674408,-1.6945558
53609$_$15,-0.3333333432674408,-0.63171494
53609$_$14,-2.6666667461395264,-1.4168855
53609$_$1,0.0,0.9154277
53609$_$0,-0.3333333432674408,-0.3366987
53609$_$3,0.0,-0.21718614
53609$_$2,0.3333333432674408,0.031551205
53609$_$5,0.0,-0.48360354
53609$_$4,0.0,-0.47537404
53609$_$7,-1.6666666269302368,-1.4754709
53609$_$6,0.0,0.3599795
53609$_$9,-1.3333333730697632,-1.1685154
53609$_$8,-1.6666666269302368,-2.0167859
53766$_$1,1.3333333730697632,-0.09905885
53766$_$0,0.0,0.12535582
53766$_$3,1.0,1.0109144
53766$_$2,0.0,-0.25325048
53766$_$5,0.6666666865348816,0.41102165
53766$_$4,2.3333332538604736,0.9837884
53766$_$7,2.0,0.32181758
53766$_$6,3.0,1.8152026
53766$_$9,2.0,1.391113
53766$_$8,3.0,1.2630502
56989$_$11,-2.0,-2.1025858
56989$_$10,-2.0,-1.039316
56989$_$13,0.3333333432674408,-0.28323472
56989$_$12,-0.6666666865348816,-1.2928047
56989$_$1,-3.0,-2.115962
56989$_$0,0.0,0.058969855
56989$_$3,-2.3333332538604736,-1.6836864
56989$_$2,-2.0,-0.5767894
56989$_$5,-2.3333332538604736,-2.3458548
56989$_$4,-0.6666666865348816,0.4189753
56989$_$7,1.6666666269302368,2.3413384
56989$_$6,-2.0,-0.8058777
56989$_$9,1.0,1.6179157
56989$_$8,0.3333333432674408,0.11729443
59673$_$11,-2.0,-1.28431
59673$_$10,-0.3333333432674408,-0.765664
59673$_$13,0.0,-0.4961164
59673$_$12,-1.0,-2.0752354
59673$_$1,0.0,0.009376332
59673$_$0,0.0,-0.1678867
59673$_$3,-1.0,-1.5882939
59673$_$2,0.0,-0.6241427
59673$_$5,0.3333333432674408,-0.9164752
59673$_$4,1.0,-0.41125643
59673$_$7,-0.3333333432674408,0.15484679
59673$_$6,-0.3333333432674408,-0.7277119
59673$_$9,-2.0,-0.051370524
59673$_$8,-0.6666666865348816,-1.2424169
5eY4S1F62Z4$_$11,0.3333333432674408,-0.5920241
5eY4S1F62Z4$_$10,0.0,-0.42389983
5eY4S1F62Z4$_$13,0.3333333432674408,-0.0344956
5eY4S1F62Z4$_$12,-0.3333333432674408,-0.75308
5eY4S1F62Z4$_$15,0.6666666865348816,-0.04988169
5eY4S1F62Z4$_$14,0.3333333432674408,0.5362551
5eY4S1F62Z4$_$17,0.3333333432674408,0.12259133
5eY4S1F62Z4$_$16,1.3333333730697632,0.683552
5eY4S1F62Z4$_$0,1.0,0.34677225
5eY4S1F62Z4$_$3,0.3333333432674408,0.4353583
5eY4S1F62Z4$_$2,0.6666666865348816,0.7764714
5eY4S1F62Z4$_$5,0.3333333432674408,0.3417011
5eY4S1F62Z4$_$4,0.6666666865348816,0.26213098
5eY4S1F62Z4$_$7,0.6666666865348816,-0.088294536
5eY4S1F62Z4$_$6,0.3333333432674408,0.5114316
5eY4S1F62Z4$_$9,0.6666666865348816,0.2726627
5eY4S1F62Z4$_$8,1.0,0.04610861
5fKPJPFqPho$_$11,-0.6666666865348816,-0.4355814
5fKPJPFqPho$_$10,0.0,-0.37512732
5fKPJPFqPho$_$1,0.0,0.06567241
5fKPJPFqPho$_$3,0.0,-0.61440086
5fKPJPFqPho$_$2,0.6666666865348816,0.10568481
5fKPJPFqPho$_$5,0.3333333432674408,0.34693384
5fKPJPFqPho$_$4,0.0,-0.28427267
5fKPJPFqPho$_$7,0.3333333432674408,-0.26752162
5fKPJPFqPho$_$6,0.3333333432674408,-0.19792064
5fKPJPFqPho$_$9,0.0,-0.1161326
5fKPJPFqPho$_$8,0.3333333432674408,-0.38893253
5lrDS7LluCA$_$1,-0.6666666865348816,0.31348234
5lrDS7LluCA$_$0,0.6666666865348816,-0.57609755
5lrDS7LluCA$_$3,0.6666666865348816,0.0514229
5lrDS7LluCA$_$5,-0.3333333432674408,0.17148882
5lrDS7LluCA$_$4,1.0,1.9641277
5lrDS7LluCA$_$7,0.6666666865348816,0.6884749
5lrDS7LluCA$_$6,0.0,-1.0592505
5pxFqJ5hKMU$_$8,0.0,0.33224785
5pxFqJ5hKMU$_$2,0.0,0.31960982
5vwXp27bCLw$_$24,0.0,0.23068301
5vwXp27bCLw$_$10,-1.6666666269302368,-0.27484435
5vwXp27bCLw$_$13,0.0,-0.11387882
5vwXp27bCLw$_$12,0.6666666865348816,1.3214376
5vwXp27bCLw$_$14,-0.3333333432674408,-0.7799642
5vwXp27bCLw$_$17,-0.3333333432674408,-0.7845674
5vwXp27bCLw$_$16,0.0,-0.27302068
5vwXp27bCLw$_$3,-0.3333333432674408,-0.5304508
5vwXp27bCLw$_$27,1.3333333730697632,0.41347897
5vwXp27bCLw$_$5,-0.3333333432674408,-1.1212271
5vwXp27bCLw$_$11,0.3333333432674408,-0.1541078
5vwXp27bCLw$_$8,-0.3333333432674408,0.53905714
5vwXp27bCLw$_$21,-1.3333333730697632,-1.7451669
5xa0Ac2krGs$_$2,-0.3333333432674408,0.32474136
5xa0Ac2krGs$_$7,0.3333333432674408,0.22843696
61531$_$11,1.0,1.0450548
61531$_$10,1.3333333730697632,1.4868292
61531$_$13,0.0,-0.1026839
61531$_$12,0.6666666865348816,-0.06533028
61531$_$15,0.0,0.047033794
61531$_$14,0.6666666865348816,1.1051867
61531$_$16,2.6666667461395264,1.5327066
61531$_$1,0.0,-0.14823575
61531$_$0,0.3333333432674408,0.18162659
61531$_$3,0.0,-0.24180634
61531$_$2,0.0,0.007790588
61531$_$5,0.0,0.040982977
61531$_$4,0.3333333432674408,0.020079572
61531$_$7,2.6666667461395264,1.6520296
61531$_$6,2.3333332538604736,1.3006948
61531$_$9,2.0,0.746625
61531$_$8,2.3333332538604736,1.1949133
63951$_$11,-2.0,-2.2267916
63951$_$10,-2.6666667461395264,-1.9835237
63951$_$13,-2.6666667461395264,-2.6960788
63951$_$12,-2.0,-0.4861356
63951$_$15,0.0,0.028579535
63951$_$14,-1.6666666269302368,-0.35523844
63951$_$1,0.0,0.013653658
63951$_$0,0.0,-0.2158717
63951$_$3,-0.6666666865348816,-0.6940634
63951$_$2,0.0,0.010163255
63951$_$5,-0.6666666865348816,0.17082317
63951$_$4,0.0,0.2732656
63951$_$7,-3.0,-3.2265368
63951$_$6,-3.0,-2.8778682
63951$_$9,-2.0,-2.2666657
63951$_$8,-2.6666667461395264,-1.9499167
67uKYi7mslE$_$11,1.3333333730697632,1.2211109
67uKYi7mslE$_$10,0.6666666865348816,0.90858847
67uKYi7mslE$_$13,1.0,0.16132817
67uKYi7mslE$_$12,0.6666666865348816,0.5774416
67uKYi7mslE$_$15,0.6666666865348816,1.2158774
67uKYi7mslE$_$14,1.3333333730697632,0.28562427
67uKYi7mslE$_$17,-1.0,0.22524859
67uKYi7mslE$_$16,0.6666666865348816,0.35727304
67uKYi7mslE$_$18,-1.6666666269302368,-0.8686612
67uKYi7mslE$_$1,1.3333333730697632,0.30647466
67uKYi7mslE$_$0,0.6666666865348816,0.51885986
67uKYi7mslE$_$3,0.6666666865348816,0.30440068
67uKYi7mslE$_$2,0.0,-0.4349491
67uKYi7mslE$_$5,0.6666666865348816,0.024370234
67uKYi7mslE$_$4,0.0,0.20976838
67uKYi7mslE$_$7,0.0,-0.016512074
67uKYi7mslE$_$6,0.6666666865348816,0.67575276
67uKYi7mslE$_$9,0.0,0.8424324
67uKYi7mslE$_$8,-0.3333333432674408,-0.3829642
69824$_$1,-1.6666666269302368,-0.84804
69824$_$0,0.0,0.8830539
69824$_$3,-3.0,-2.5799863
69824$_$2,-1.3333333730697632,0.47755176
69824$_$5,-2.6666667461395264,-2.759138
69824$_$4,2.0,0.7310982
69824$_$7,-1.0,-1.1704725
69824$_$6,-1.0,0.13826326
69824$_$8,-2.0,-1.5376321
6EDoVEm16fU$_$10,0.6666666865348816,-0.38031864
6EDoVEm16fU$_$13,1.3333333730697632,1.4815066
6EDoVEm16fU$_$12,0.3333333432674408,-0.4215107
6EDoVEm16fU$_$14,2.0,1.7084731
6EDoVEm16fU$_$1,2.0,1.1968235
6EDoVEm16fU$_$2,0.6666666865348816,0.5937888
6EDoVEm16fU$_$4,1.6666666269302368,1.2638139
6EDoVEm16fU$_$6,1.0,0.75296503
6EDoVEm16fU$_$9,1.0,1.1946037
6EJHA6IDLNk$_$9,1.6666666269302368,0.7727871
6EJHA6IDLNk$_$3,0.6666666865348816,0.1703166
6EJHA6IDLNk$_$4,0.0,0.20643987
6RFVsOWK1m4$_$1,0.0,-0.46844685
6RFVsOWK1m4$_$0,0.0,-0.73359585
6RFVsOWK1m4$_$2,-1.0,0.19780473
6RFVsOWK1m4$_$5,0.0,-0.004092455
6RFVsOWK1m4$_$4,-0.3333333432674408,-0.16461726
6RFVsOWK1m4$_$7,-0.6666666865348816,-1.0604097
6RFVsOWK1m4$_$9,1.0,-0.0004407987
6RFVsOWK1m4$_$8,0.6666666865348816,0.10745898
6brtMLkjjYk$_$0,2.0,0.36646062
6brtMLkjjYk$_$3,2.0,0.9309838
6brtMLkjjYk$_$2,1.0,0.5802926
6gtfeIqGasE$_$1,0.6666666865348816,0.5887382
6gtfeIqGasE$_$0,1.3333333730697632,1.0903381
6gtfeIqGasE$_$2,1.0,0.42263943
6gtfeIqGasE$_$4,2.0,1.8637396
6gtfeIqGasE$_$6,2.6666667461395264,1.9776752
6uoM8-9d0zA$_$4,0.6666666865348816,0.931023
79356$_$11,0.3333333432674408,-0.3376754
79356$_$10,-0.3333333432674408,-0.63893837
79356$_$12,2.0,1.2273422
79356$_$1,1.6666666269302368,1.5683714
79356$_$0,1.0,-0.050051183
79356$_$3,2.6666667461395264,2.13662
79356$_$2,2.6666667461395264,0.94536185
79356$_$5,0.0,-1.1158425
79356$_$4,0.0,-0.11262974
79356$_$7,2.6666667461395264,1.2817212
79356$_$6,-0.3333333432674408,-0.6370474
79356$_$9,1.0,-0.0111837685
79356$_$8,0.0,-0.30506486
7IxmlIwqigw$_$13,1.0,-0.03757502
7IxmlIwqigw$_$20,0.6666666865348816,0.50820357
7IxmlIwqigw$_$14,0.0,-0.16674459
7IxmlIwqigw$_$16,0.6666666865348816,0.5865283
7IxmlIwqigw$_$32,0.6666666865348816,0.5910378
7IxmlIwqigw$_$31,1.6666666269302368,1.0034387
7IxmlIwqigw$_$23,0.3333333432674408,-0.1519122
7IxmlIwqigw$_$5,0.0,0.19230245
7IxmlIwqigw$_$7,-1.0,0.46220684
7IxmlIwqigw$_$9,-0.6666666865348816,0.29138908
7deoh0NoMs4$_$1,1.0,1.2013555
7deoh0NoMs4$_$0,2.0,0.14460924
7f3ndBCx_JE$_$11,2.0,0.4908151
7f3ndBCx_JE$_$19,2.0,1.3373531
7f3ndBCx_JE$_$1,1.6666666269302368,0.5864299
7idU7rR77Ss$_$0,0.0,-0.96308935
7idU7rR77Ss$_$3,0.0,-0.0056465864
7idU7rR77Ss$_$2,0.0,-1.0491062
7idU7rR77Ss$_$5,0.0,0.20126851
7idU7rR77Ss$_$4,0.0,0.09791291
7mb8Y2AhXIY$_$0,0.3333333432674408,0.7321718
7mb8Y2AhXIY$_$4,0.6666666865348816,0.3320259
7mb8Y2AhXIY$_$10,-0.3333333432674408,-0.09072378
7mb8Y2AhXIY$_$6,2.0,0.22513005
7npCA0zoQ8Q$_$1,0.6666666865348816,0.72243977
7npCA0zoQ8Q$_$0,1.3333333730697632,1.3454099
7npCA0zoQ8Q$_$3,1.6666666269302368,1.525951
83400$_$10,-1.0,-0.9299039
83400$_$1,0.0,-0.011687607
83400$_$0,1.3333333730697632,-1.3313088
83400$_$3,0.0,0.022561666
83400$_$2,-0.6666666865348816,0.29844782
83400$_$5,0.0,-0.5834856
83400$_$4,0.0,-0.019271985
83400$_$7,0.3333333432674408,0.06520368
83400$_$6,-0.3333333432674408,0.27696425
83400$_$9,-2.3333332538604736,-2.0814166
83400$_$8,-1.6666666269302368,-1.8035501
86c2OkQ3_U8$_$13,0.0,-2.1985097
86c2OkQ3_U8$_$14,0.6666666865348816,-0.56055266
86c2OkQ3_U8$_$22,2.0,0.8078701
86c2OkQ3_U8$_$16,0.0,-0.3607871
86c2OkQ3_U8$_$19,-1.3333333730697632,-1.1869445
86c2OkQ3_U8$_$18,0.3333333432674408,0.2939465
86c2OkQ3_U8$_$0,0.6666666865348816,0.5071218
86c2OkQ3_U8$_$3,0.6666666865348816,-0.033482507
86c2OkQ3_U8$_$2,0.6666666865348816,-0.21971892
86c2OkQ3_U8$_$5,0.3333333432674408,-0.9924916
86c2OkQ3_U8$_$9,0.3333333432674408,0.6664258
88791$_$11,-2.3333332538604736,-1.8711693
88791$_$10,-3.0,-2.0305896
88791$_$13,-2.0,-0.75102544
88791$_$12,-1.6666666269302368,-1.270406
88791$_$15,0.3333333432674408,0.67924607
88791$_$14,0.0,-0.03265576
88791$_$1,-1.0,-0.116320506
88791$_$0,-2.3333332538604736,0.04779011
88791$_$3,0.6666666865348816,1.0171884
88791$_$2,0.0,-0.10382569
88791$_$5,-2.0,-0.205646
88791$_$4,-1.6666666269302368,-0.27860016
88791$_$7,-1.6666666269302368,0.08604534
88791$_$6,-2.0,-2.1876738
88791$_$9,0.0,-0.24012305
88791$_$8,-1.0,-1.4983586
89ZmOPOilu4$_$0,-1.0,0.28212714
89ZmOPOilu4$_$7,-0.3333333432674408,-1.4741505
8NPaDkOiXw4$_$1,0.0,-0.042561077
8NPaDkOiXw4$_$0,0.0,0.19572902
8NPaDkOiXw4$_$3,-0.6666666865348816,-0.58861077
8NPaDkOiXw4$_$2,0.6666666865348816,0.1595771
8TDAP0KNIIw$_$1,0.3333333432674408,0.14955872
8TDAP0KNIIw$_$0,0.0,0.31717688
8VhVf0TbjDA$_$1,1.3333333730697632,1.4199376
8VhVf0TbjDA$_$2,1.0,0.8975919
8XZszYrUSCQ$_$1,2.0,0.6468897
8XZszYrUSCQ$_$0,1.0,0.54594535
8XZszYrUSCQ$_$3,1.0,1.497722
8XZszYrUSCQ$_$2,1.0,1.4601189
8i7u3fl-hP8$_$1,0.0,0.119405486
8i7u3fl-hP8$_$0,1.3333333730697632,0.16947904
8i7u3fl-hP8$_$2,1.3333333730697632,0.08326085
8jY_RhOS89o$_$3,0.0,0.62635446
8jY_RhOS89o$_$5,1.6666666269302368,1.3881856
8jY_RhOS89o$_$4,0.6666666865348816,0.989694
8jY_RhOS89o$_$7,0.6666666865348816,0.7261268
8lfS97s2AKc$_$1,0.6666666865348816,0.24520873
8lfS97s2AKc$_$0,-1.3333333730697632,-0.56707865
8lfS97s2AKc$_$3,-0.6666666865348816,-1.8201392
8lfS97s2AKc$_$2,2.0,0.84031504
8lfS97s2AKc$_$5,-1.6666666269302368,-0.6344031
8lfS97s2AKc$_$4,0.3333333432674408,0.27064303
8lfS97s2AKc$_$7,-1.0,0.46262813
8lfS97s2AKc$_$6,-2.0,-1.2586023
8wNr-NQImFg$_$10,0.0,-0.23645283
8wNr-NQImFg$_$13,-0.3333333432674408,-0.5955167
8wNr-NQImFg$_$12,-1.3333333730697632,-0.30533463
8wNr-NQImFg$_$1,0.0,-0.17961581
8wNr-NQImFg$_$0,0.3333333432674408,-0.3091343
8wNr-NQImFg$_$7,1.3333333730697632,0.21713378
8wNr-NQImFg$_$6,0.6666666865348816,1.0634885
8wNr-NQImFg$_$8,0.3333333432674408,0.38552463
8wQhzezNcUY$_$11,1.6666666269302368,1.0457103
8wQhzezNcUY$_$13,2.0,1.2318119
8wQhzezNcUY$_$12,0.0,0.8874334
8wQhzezNcUY$_$1,2.0,0.8240146
8wQhzezNcUY$_$2,1.0,0.5405495
8wQhzezNcUY$_$9,1.0,0.07851582
8wQhzezNcUY$_$8,0.6666666865348816,-1.2870717
91844$_$11,2.6666667461395264,-2.0149355
91844$_$10,-0.3333333432674408,-0.31131762
91844$_$13,0.6666666865348816,0.028436422
91844$_$12,3.0,-1.4075452
91844$_$1,-0.3333333432674408,-0.2147188
91844$_$0,0.6666666865348816,0.8234943
91844$_$3,2.0,1.2434939
91844$_$2,0.0,0.8326087
91844$_$5,3.0,0.2756886
91844$_$4,0.0,-0.44468153
91844$_$7,0.6666666865348816,0.23803945
91844$_$6,0.6666666865348816,-0.11064345
91844$_$9,-0.3333333432674408,-0.043583214
91844$_$8,2.0,-0.057547748
92291$_$1,1.3333333730697632,1.1845874
92291$_$0,0.6666666865348816,1.0449525
92291$_$3,0.6666666865348816,-0.8802419
92291$_$2,0.0,-0.054393984
92291$_$5,-2.3333332538604736,-1.2940756
92291$_$4,-2.3333332538604736,-0.9962703
92291$_$7,-2.3333332538604736,-1.4240109
92291$_$6,-1.3333333730697632,-1.5415026
92496$_$1,-1.0,-1.5233321
92496$_$0,-2.6666667461395264,-0.6833637
92496$_$3,-2.0,-1.3532194
92496$_$2,-1.6666666269302368,-0.57169574
92496$_$5,-3.0,-2.6774163
92496$_$4,0.0,-0.23729412
93iGT5oueTA$_$10,1.0,0.21841837
93iGT5oueTA$_$12,-2.0,-2.0493836
93iGT5oueTA$_$0,0.6666666865348816,-0.020052597
93iGT5oueTA$_$3,1.3333333730697632,0.71215713
93iGT5oueTA$_$2,1.6666666269302368,1.3011389
93iGT5oueTA$_$5,0.0,-0.2341956
93iGT5oueTA$_$4,1.3333333730697632,0.13662419
93iGT5oueTA$_$7,-0.3333333432674408,-0.3279243
93iGT5oueTA$_$6,1.0,0.40671265
93iGT5oueTA$_$9,-0.3333333432674408,-1.241977
93iGT5oueTA$_$8,-2.6666667461395264,-1.224857
94481$_$11,1.3333333730697632,1.1219171
94481$_$10,-0.6666666865348816,0.054521553
94481$_$1,-1.6666666269302368,0.44723147
94481$_$0,0.0,-0.3444636
94481$_$3,1.6666666269302368,1.5880771
94481$_$2,0.6666666865348816,0.28655434
94481$_$5,3.0,1.4972237
94481$_$4,2.6666667461395264,0.2719398
94481$_$7,0.6666666865348816,0.91642004
94481$_$6,1.6666666269302368,0.67258465
94481$_$9,1.0,1.2187883
94481$_$8,1.6666666269302368,0.8691523
97ENTofrmNo$_$1,1.0,0.8548544
97ENTofrmNo$_$0,1.3333333730697632,0.6464219
97ENTofrmNo$_$2,2.0,1.5693485
97ENTofrmNo$_$4,0.6666666865348816,1.5981178
9GzFQBljNIY$_$1,-1.0,-0.7138455
9GzFQBljNIY$_$0,0.0,-0.25206482
9GzFQBljNIY$_$3,0.3333333432674408,-0.5238603
9GzFQBljNIY$_$2,-1.0,-0.46852648
9GzFQBljNIY$_$5,1.0,0.66874933
9GzFQBljNIY$_$4,-1.6666666269302368,-0.14566506
9Lr4i7bIB6w$_$11,0.6666666865348816,0.8727745
9Lr4i7bIB6w$_$13,0.0,0.26080164
9Lr4i7bIB6w$_$12,1.0,0.90635955
9Lr4i7bIB6w$_$15,0.0,0.853493
9Lr4i7bIB6w$_$14,0.6666666865348816,0.7704185
9Lr4i7bIB6w$_$0,0.6666666865348816,1.3174194
9Lr4i7bIB6w$_$3,1.0,0.38958812
9Lr4i7bIB6w$_$2,1.3333333730697632,0.56954
9Lr4i7bIB6w$_$6,0.6666666865348816,1.0084548
9Lr4i7bIB6w$_$8,0.3333333432674408,0.38232493
9PzZSheh10U$_$24,2.3333332538604736,0.49699533
9PzZSheh10U$_$25,0.6666666865348816,0.5368242
9PzZSheh10U$_$26,1.0,0.1320887
9PzZSheh10U$_$27,1.3333333730697632,0.7161391
9PzZSheh10U$_$20,0.3333333432674408,0.52932674
9PzZSheh10U$_$21,0.6666666865348816,0.08685499
9PzZSheh10U$_$22,0.3333333432674408,-0.2953952
9PzZSheh10U$_$23,0.6666666865348816,0.53558433
9PzZSheh10U$_$28,0.6666666865348816,1.318425
9PzZSheh10U$_$29,1.6666666269302368,0.8011395
9PzZSheh10U$_$1,1.3333333730697632,0.4056247
9PzZSheh10U$_$0,0.6666666865348816,0.5837267
9PzZSheh10U$_$3,1.0,0.6291865
9PzZSheh10U$_$2,0.6666666865348816,0.776163
9PzZSheh10U$_$5,0.0,1.2720615
9PzZSheh10U$_$4,0.0,0.8500339
9PzZSheh10U$_$7,0.3333333432674408,0.107756995
9PzZSheh10U$_$6,0.0,0.15011401
9PzZSheh10U$_$9,1.0,-0.04641433
9PzZSheh10U$_$8,0.3333333432674408,0.46311516
9PzZSheh10U$_$11,1.3333333730697632,-0.18618104
9PzZSheh10U$_$10,0.0,-0.6892623
9PzZSheh10U$_$13,1.0,0.48394132
9PzZSheh10U$_$12,0.6666666865348816,1.3222629
9PzZSheh10U$_$15,0.6666666865348816,0.48049653
9PzZSheh10U$_$14,0.6666666865348816,-0.26473987
9PzZSheh10U$_$17,0.3333333432674408,0.030482963
9PzZSheh10U$_$16,1.3333333730697632,1.0692052
9PzZSheh10U$_$19,0.3333333432674408,-0.06741281
9PzZSheh10U$_$18,0.3333333432674408,0.1591457
9PzZSheh10U$_$30,2.3333332538604736,1.4739707
9TAGpMywQyE$_$0,0.6666666865348816,0.5018089
9cYNT_YSo8o$_$1,1.3333333730697632,-0.023639388
9cYNT_YSo8o$_$2,-1.0,-1.7769884
9orb0lQnVW4$_$0,0.0,-0.24300905
A1lFJXUpxZo$_$1,1.3333333730697632,1.0418079
A1lFJXUpxZo$_$8,0.3333333432674408,0.7830818
A1lFJXUpxZo$_$5,0.6666666865348816,0.45209813
A1lFJXUpxZo$_$7,1.6666666269302368,0.88903105
A1lFJXUpxZo$_$0,1.6666666269302368,1.1446369
AB1PbMaW03s$_$13,0.0,-0.021230526
AB1PbMaW03s$_$20,0.0,0.2867263
AB1PbMaW03s$_$14,-0.3333333432674408,-0.112412974
AB1PbMaW03s$_$16,0.3333333432674408,0.63941294
AB1PbMaW03s$_$19,1.0,1.7464997
AB1PbMaW03s$_$18,0.0,0.30324364
AB1PbMaW03s$_$15,0.0,-0.24069081
AB1PbMaW03s$_$3,0.3333333432674408,0.5025575
AB1PbMaW03s$_$4,0.0,0.8580266
AB1PbMaW03s$_$9,0.3333333432674408,0.36227787
AB1PbMaW03s$_$8,0.0,-0.055876195
AHiA9hohKr8$_$1,0.3333333432674408,0.19413283
AHiA9hohKr8$_$0,0.0,0.32732618
AHiA9hohKr8$_$3,-0.6666666865348816,-0.4877597
AHiA9hohKr8$_$2,0.0,1.1022885
AHiA9hohKr8$_$5,1.0,0.6753237
AHiA9hohKr8$_$7,1.3333333730697632,0.6119107
AHiA9hohKr8$_$6,-1.6666666269302368,-0.26971924
AHiA9hohKr8$_$8,0.3333333432674408,0.6118232
AQ4Pktv4-Gc$_$4,0.3333333432674408,0.4121186
AgH84SNRx5s$_$1,1.6666666269302368,0.5925337
AgH84SNRx5s$_$4,1.6666666269302368,0.37779456
AlJX3Jw3xKk$_$3,0.6666666865348816,-0.041523673
AlJX3Jw3xKk$_$6,0.6666666865348816,0.4611798
An8x4UfwZ7k$_$3,0.3333333432674408,0.51171
An8x4UfwZ7k$_$4,0.0,0.91705775
B9oeT0K92wU$_$2,0.0,0.39881212
BJS5KCSowgU$_$2,1.3333333730697632,2.1851406
BJS5KCSowgU$_$4,2.0,1.5056471
BJS5KCSowgU$_$7,1.0,0.87478083
BR2pkk3TK-0$_$0,0.6666666865348816,1.0399445
BR2pkk3TK-0$_$2,0.0,0.40408152
BRSyH6yfDLk$_$1,2.0,-0.13643755
BRSyH6yfDLk$_$0,1.6666666269302368,0.3365069
BRSyH6yfDLk$_$3,1.3333333730697632,-1.0972999
BRSyH6yfDLk$_$2,-0.6666666865348816,0.2114125
BRSyH6yfDLk$_$4,0.0,0.2282873
BTjV5dU_rfY$_$1,1.3333333730697632,1.2551161
Bpy61RdLAvo$_$5,-1.0,-0.31426197
C5-cY1nPQ20$_$11,0.6666666865348816,0.49103963
C5-cY1nPQ20$_$10,1.3333333730697632,0.8894616
C5-cY1nPQ20$_$1,0.6666666865348816,0.44716203
C5-cY1nPQ20$_$0,0.0,0.7284367
C5-cY1nPQ20$_$3,-0.6666666865348816,0.23120196
C5-cY1nPQ20$_$5,1.0,0.12462862
C5-cY1nPQ20$_$4,0.6666666865348816,0.22866563
C5-cY1nPQ20$_$7,1.3333333730697632,1.0362982
C5-cY1nPQ20$_$9,0.6666666865348816,1.1275219
C5-cY1nPQ20$_$8,0.3333333432674408,0.74138916
CKqDDh50gcU$_$14,1.3333333730697632,0.60891473
CKqDDh50gcU$_$1,1.6666666269302368,-0.019208714
CKqDDh50gcU$_$3,2.6666667461395264,1.4048842
CKqDDh50gcU$_$7,2.0,0.43472898
CKqDDh50gcU$_$6,1.6666666269302368,0.9423249
CKqDDh50gcU$_$9,0.3333333432674408,0.51382893
CO2YoTZbUr0$_$1,0.0,-0.29618615
CO2YoTZbUr0$_$0,0.0,-0.7861729
CO2YoTZbUr0$_$3,0.0,-0.35663188
CO2YoTZbUr0$_$2,-0.6666666865348816,-0.5408505
CO2YoTZbUr0$_$5,0.0,-0.110707834
CO2YoTZbUr0$_$4,0.6666666865348816,0.9419412
CO2YoTZbUr0$_$7,0.6666666865348816,0.1610617
CO2YoTZbUr0$_$6,0.3333333432674408,0.5074896
CO2YoTZbUr0$_$9,-1.6666666269302368,0.2214396
CO2YoTZbUr0$_$8,0.0,0.086233296
CO6n-skQJss$_$1,0.6666666865348816,-0.020578362
CO6n-skQJss$_$0,0.0,0.68692386
CO6n-skQJss$_$3,-1.3333333730697632,0.7833054
CO6n-skQJss$_$2,1.3333333730697632,0.03310094
CU6U-gS76K4$_$9,1.3333333730697632,0.7057381
CU6U-gS76K4$_$0,1.0,2.0362418
CU6U-gS76K4$_$2,0.0,0.3240509
CU6U-gS76K4$_$20,1.6666666269302368,1.7818501
CU6U-gS76K4$_$23,0.6666666865348816,0.41857886
CbRexsp1HKw$_$3,-0.3333333432674408,0.047755286
CbRexsp1HKw$_$5,-0.3333333432674408,-0.5644304
CbRexsp1HKw$_$4,-0.3333333432674408,0.459957
CbRexsp1HKw$_$7,0.0,-0.15888797
CbRexsp1HKw$_$6,0.3333333432674408,-0.18293068
CbRexsp1HKw$_$8,-0.3333333432674408,-0.23011152
ChhZna-aBK4$_$11,0.3333333432674408,0.24610233
ChhZna-aBK4$_$10,0.3333333432674408,0.21176036
ChhZna-aBK4$_$12,1.0,0.77631444
ChhZna-aBK4$_$15,0.6666666865348816,0.21774006
ChhZna-aBK4$_$14,1.3333333730697632,0.81764597
ChhZna-aBK4$_$17,1.3333333730697632,1.8915076
ChhZna-aBK4$_$16,0.0,0.42513973
ChhZna-aBK4$_$1,1.3333333730697632,-0.1643929
ChhZna-aBK4$_$0,1.3333333730697632,0.4541782
ChhZna-aBK4$_$3,0.6666666865348816,0.713801
ChhZna-aBK4$_$2,0.0,0.63687444
ChhZna-aBK4$_$5,0.3333333432674408,0.33494115
ChhZna-aBK4$_$4,0.6666666865348816,0.012603115
ChhZna-aBK4$_$7,0.6666666865348816,-0.14494488
ChhZna-aBK4$_$9,0.3333333432674408,0.3065946
ChhZna-aBK4$_$8,0.6666666865348816,0.9375308
CwF97vXPYX4$_$1,-0.6666666865348816,-1.264182
CwF97vXPYX4$_$4,-0.3333333432674408,-0.46718287
DMtFQjrY7Hg$_$0,0.3333333432674408,0.3691408
DMtFQjrY7Hg$_$2,0.6666666865348816,0.41833436
DR65no1jCbg$_$1,0.0,1.270899
DR65no1jCbg$_$0,0.0,0.55647016
DR65no1jCbg$_$3,0.0,1.452298
DVAY-u_cJWU$_$1,-0.3333333432674408,0.088008486
DVAY-u_cJWU$_$2,0.0,0.23038103
DVAY-u_cJWU$_$5,1.0,1.0150605
DebbnL-_rnI$_$1,1.6666666269302368,1.6510231
DebbnL-_rnI$_$0,2.0,2.0781682
DjcZrtcBZi4$_$10,0.3333333432674408,0.22947381
DjcZrtcBZi4$_$1,0.0,0.5412839
DjcZrtcBZi4$_$0,0.3333333432674408,-0.0069888458
DjcZrtcBZi4$_$2,-0.3333333432674408,-0.6526222
DjcZrtcBZi4$_$5,0.6666666865348816,0.75459445
DjcZrtcBZi4$_$4,0.0,0.5627788
DjcZrtcBZi4$_$7,0.0,0.6148722
DjcZrtcBZi4$_$6,0.6666666865348816,0.31521142
DjcZrtcBZi4$_$8,0.0,0.22112134
DlX-WyVe-D0$_$8,1.0,0.7537422
DlX-WyVe-D0$_$2,1.0,2.0553014
Dm8AL84e11w$_$1,2.0,0.80121493
Dm8AL84e11w$_$5,0.6666666865348816,0.7077242
Dm8AL84e11w$_$4,0.0,0.40321118
DnBHq5I52LM$_$10,-1.6666666269302368,-0.47399306
DnBHq5I52LM$_$0,-1.6666666269302368,-0.6375602
DnBHq5I52LM$_$3,0.0,-0.76104295
DnBHq5I52LM$_$2,-1.0,0.04984101
DnBHq5I52LM$_$5,-1.3333333730697632,-0.5815942
DnBHq5I52LM$_$4,-0.3333333432674408,-0.06922467
DnBHq5I52LM$_$7,0.0,0.5440869
DnBHq5I52LM$_$6,-0.3333333432674408,0.46548468
DnBHq5I52LM$_$9,-0.3333333432674408,0.5723399
DnBHq5I52LM$_$8,0.0,0.14809667
DtbT85s3i94$_$1,0.0,0.109296374
DtbT85s3i94$_$0,0.6666666865348816,0.7208922
DtbT85s3i94$_$2,0.6666666865348816,0.18166617
DtbT85s3i94$_$5,1.0,0.5281263
DtbT85s3i94$_$4,1.0,0.9679358
DzdPl68gV5o$_$1,0.6666666865348816,0.36362416
DzdPl68gV5o$_$3,-0.6666666865348816,-0.92255235
E1r0FrFyNTw$_$0,0.0,0.036795102
E1r0FrFyNTw$_$2,2.6666667461395264,1.3872694
E1r0FrFyNTw$_$5,0.0,0.5420401
EMS14J0odIE$_$10,0.0,0.12986186
EMS14J0odIE$_$21,0.3333333432674408,0.6910217
EMS14J0odIE$_$17,0.6666666865348816,0.15482856
EMS14J0odIE$_$16,-0.3333333432674408,-0.21420307
EO_5o9Gup6g$_$11,0.3333333432674408,-0.39285356
EO_5o9Gup6g$_$10,-0.6666666865348816,-0.93003285
EO_5o9Gup6g$_$13,-1.6666666269302368,-1.2806579
EO_5o9Gup6g$_$12,-1.3333333730697632,-1.1229099
EO_5o9Gup6g$_$15,-1.3333333730697632,-1.0907474
EO_5o9Gup6g$_$22,0.0,0.41184062
EO_5o9Gup6g$_$17,-0.6666666865348816,-0.7480555
EO_5o9Gup6g$_$16,-1.0,-0.7871586
EO_5o9Gup6g$_$19,-1.0,-1.0299772
EO_5o9Gup6g$_$1,-0.3333333432674408,-1.133853
EO_5o9Gup6g$_$0,-1.3333333730697632,-0.71859115
EO_5o9Gup6g$_$3,-1.6666666269302368,-0.99377406
EO_5o9Gup6g$_$2,-1.3333333730697632,-1.2649765
EO_5o9Gup6g$_$4,-1.0,-1.1303037
EO_5o9Gup6g$_$7,0.0,-0.48240036
EO_5o9Gup6g$_$6,-2.0,-0.47410762
EO_5o9Gup6g$_$9,-1.3333333730697632,-0.8529833
EO_5o9Gup6g$_$20,-0.3333333432674408,-0.6187502
EO_5o9Gup6g$_$8,-1.0,-0.22506745
EujJ0SwiCRE$_$2,0.0,0.08217487
EyoMU2yoJPY$_$11,1.6666666269302368,0.6000618
EyoMU2yoJPY$_$10,0.3333333432674408,0.41268605
EyoMU2yoJPY$_$13,0.3333333432674408,0.5152709
EyoMU2yoJPY$_$7,-0.3333333432674408,-0.43210214
F2hc2FLOdhI$_$1,0.6666666865348816,-0.2314914
F2hc2FLOdhI$_$0,1.6666666269302368,0.6589292
F2hc2FLOdhI$_$3,1.0,-1.5216452
F2hc2FLOdhI$_$2,0.0,-0.13774945
F2hc2FLOdhI$_$5,1.0,0.25452644
F2hc2FLOdhI$_$4,-0.6666666865348816,-0.75763625
F2hc2FLOdhI$_$6,0.0,-0.2278653
F7zQPzwFToE$_$1,-1.6666666269302368,-0.6932358
F7zQPzwFToE$_$3,-0.6666666865348816,-0.4377544
F7zQPzwFToE$_$5,0.0,-0.13800244
F7zQPzwFToE$_$6,-1.0,-0.6136639
F8eQI8E-6q4$_$10,0.6666666865348816,0.49969167
F8eQI8E-6q4$_$3,-0.6666666865348816,-0.67868483
F8eQI8E-6q4$_$8,-0.6666666865348816,-2.231966
FHDVQkU-nGI$_$1,0.6666666865348816,0.8254713
FHDVQkU-nGI$_$0,1.3333333730697632,0.62957525
FHDVQkU-nGI$_$3,1.0,0.57745236
FHDVQkU-nGI$_$2,2.0,0.7069853
FHDVQkU-nGI$_$5,1.6666666269302368,1.0910591
FHDVQkU-nGI$_$7,2.0,1.5566772
FHDVQkU-nGI$_$6,2.3333332538604736,1.2105137
FHDVQkU-nGI$_$8,1.6666666269302368,1.1011925
FMenDv3y8jc$_$1,0.6666666865348816,0.29036176
FMenDv3y8jc$_$0,0.3333333432674408,0.32577062
FMenDv3y8jc$_$3,0.6666666865348816,-0.015124984
FMenDv3y8jc$_$2,0.6666666865348816,0.18999042
FMenDv3y8jc$_$5,1.0,0.16380876
FMenDv3y8jc$_$4,0.3333333432674408,0.26556587
F_YaG_pvZrA$_$1,0.3333333432674408,0.53474647
F_YaG_pvZrA$_$8,0.6666666865348816,0.41752887
F_YaG_pvZrA$_$3,0.0,0.3705821
F_YaG_pvZrA$_$10,0.6666666865348816,0.9086578
F_YaG_pvZrA$_$11,0.0,1.067001
FqEekswKPWE$_$1,0.0,0.7297218
FqEekswKPWE$_$11,0.3333333432674408,0.30316204
FqEekswKPWE$_$0,0.3333333432674408,0.5483878
FqEekswKPWE$_$7,0.0,-0.029709823
FqEekswKPWE$_$6,0.0,0.30101746
GAVpYuhMZAw$_$10,0.6666666865348816,0.77489954
GAVpYuhMZAw$_$13,0.6666666865348816,0.8408768
GAVpYuhMZAw$_$12,1.0,0.06199217
GAVpYuhMZAw$_$1,2.0,0.46651113
GAVpYuhMZAw$_$2,0.0,0.66786325
GAVpYuhMZAw$_$5,1.3333333730697632,-0.6189989
GAVpYuhMZAw$_$4,0.3333333432674408,0.4793626
GAVpYuhMZAw$_$7,1.0,-0.3120377
GAVpYuhMZAw$_$6,-0.3333333432674408,-0.2684508
GK-Pprzh0t0$_$1,-1.6666666269302368,-1.6550672
GK-Pprzh0t0$_$5,-0.6666666865348816,-0.77834404
GK-Pprzh0t0$_$7,0.3333333432674408,-0.4108277
GK-Pprzh0t0$_$6,1.6666666269302368,-0.531046
GKsjv42t284$_$1,1.3333333730697632,0.60886765
GKsjv42t284$_$0,-0.6666666865348816,0.26464397
GKsjv42t284$_$3,-0.6666666865348816,0.86320424
GKsjv42t284$_$2,-0.6666666865348816,-1.2728492
GKsjv42t284$_$4,0.3333333432674408,0.8611351
GMa0cIAltnw$_$0,-0.6666666865348816,-1.1295589
GMa0cIAltnw$_$3,0.3333333432674408,-0.04421012
GMa0cIAltnw$_$5,-1.3333333730697632,-1.1639112
GMa0cIAltnw$_$6,-2.3333332538604736,-1.0758735
GNP0PFas12Y$_$24,0.3333333432674408,0.53952324
GNP0PFas12Y$_$21,0.0,0.4710949
GNP0PFas12Y$_$17,0.6666666865348816,-0.63983715
GNP0PFas12Y$_$4,0.3333333432674408,0.095261455
GNP0PFas12Y$_$7,0.3333333432674408,0.10422897
GNP0PFas12Y$_$6,0.6666666865348816,0.63021684
GNP0PFas12Y$_$14,1.0,0.91347677
GO0V4ZGSF28$_$4,0.0,0.25253254
GXIfrEUJ5d4$_$0,-0.3333333432674408,-0.39875305
GXIfrEUJ5d4$_$2,0.0,0.061159167
Gc_zIjqqUys$_$1,0.6666666865348816,0.1968395
Gc_zIjqqUys$_$0,-0.3333333432674408,0.89633954
Gc_zIjqqUys$_$7,0.0,0.19012772
GlShH_ua_GU$_$4,1.6666666269302368,0.18339658
GmpDbIstUdc$_$10,0.3333333432674408,0.5397691
GmpDbIstUdc$_$13,0.3333333432674408,0.7589985
GmpDbIstUdc$_$6,-0.3333333432674408,1.0574882
H-74k5vclCU$_$3,0.3333333432674408,0.03035774
H-74k5vclCU$_$2,0.6666666865348816,-0.07813616
H-74k5vclCU$_$6,1.0,0.18867111
H9BNzzxlscA$_$1,0.0,0.1102065
H9BNzzxlscA$_$0,1.0,0.20396368
H9BNzzxlscA$_$3,0.0,0.12406279
H9BNzzxlscA$_$5,-0.6666666865348816,-0.3014137
H9BNzzxlscA$_$6,0.0,-0.047403067
HA2AiTz-qxc$_$3,-0.6666666865348816,0.14800838
HA2AiTz-qxc$_$2,0.0,0.13372572
HA2AiTz-qxc$_$7,0.0,0.083097056
HAnQVHOd3hg$_$1,0.3333333432674408,-0.3547405
HAnQVHOd3hg$_$8,0.0,0.45649624
HAnQVHOd3hg$_$6,-0.3333333432674408,-0.61077005
HFPGeaEPy9o$_$1,-0.6666666865348816,-0.81004584
HFPGeaEPy9o$_$0,-0.3333333432674408,-0.8567438
HFPGeaEPy9o$_$2,0.3333333432674408,-0.61296135
HFPGeaEPy9o$_$4,0.0,-0.42073947
HJTxq72GuMs$_$1,1.0,0.8218773
HJTxq72GuMs$_$9,0.0,0.42990702
HJTxq72GuMs$_$6,-2.0,-0.7404885
HJTxq72GuMs$_$14,0.6666666865348816,0.41345084
HJTxq72GuMs$_$10,-0.3333333432674408,0.31371522
HMRqR-P68Ws$_$12,0.0,0.10867041
HMRqR-P68Ws$_$15,0.3333333432674408,-0.5286392
HMRqR-P68Ws$_$16,-1.3333333730697632,-0.85901976
HMRqR-P68Ws$_$0,1.0,-0.21667565
HMRqR-P68Ws$_$3,-1.0,-0.78583527
HMRqR-P68Ws$_$5,0.0,-0.4556911
HMRqR-P68Ws$_$7,-0.3333333432674408,0.07386717
HMRqR-P68Ws$_$6,0.0,-0.5403007
HMRqR-P68Ws$_$9,0.3333333432674408,-0.12786837
HR18U0yAlTc$_$10,0.0,1.5763341
HR18U0yAlTc$_$12,-0.3333333432674408,-0.8055428
HR18U0yAlTc$_$5,-0.3333333432674408,-0.42929906
HR18U0yAlTc$_$4,-0.3333333432674408,0.011373177
HR18U0yAlTc$_$9,-0.3333333432674408,0.30004683
HR18U0yAlTc$_$8,0.3333333432674408,1.4089903
H_x5O9GdknI$_$1,0.0,-0.50583065
H_x5O9GdknI$_$0,-1.0,-0.207025
HbaycY0VuZk$_$0,1.3333333730697632,0.9232988
HbaycY0VuZk$_$3,1.6666666269302368,1.483476
HbaycY0VuZk$_$4,1.6666666269302368,1.6154407
Hq3cHc6X8BM$_$0,0.3333333432674408,0.2905947
I9iV9q3ePhI$_$12,0.3333333432674408,0.33766466
I9iV9q3ePhI$_$5,0.0,0.34342152
I9iV9q3ePhI$_$7,0.3333333432674408,0.27212152
IHp8hd1jm6k$_$24,2.3333332538604736,0.7043774
IHp8hd1jm6k$_$25,1.6666666269302368,0.8193979
IHp8hd1jm6k$_$26,2.0,0.53996325
IHp8hd1jm6k$_$27,1.3333333730697632,0.60819876
IHp8hd1jm6k$_$20,0.6666666865348816,0.84519017
IHp8hd1jm6k$_$21,1.3333333730697632,0.20899954
IHp8hd1jm6k$_$22,0.6666666865348816,-0.02524653
IHp8hd1jm6k$_$23,2.6666667461395264,1.4941257
IHp8hd1jm6k$_$28,0.3333333432674408,0.28826183
IHp8hd1jm6k$_$29,2.3333332538604736,1.0203409
IHp8hd1jm6k$_$1,0.0,-0.028883025
IHp8hd1jm6k$_$0,1.6666666269302368,0.58066
IHp8hd1jm6k$_$3,0.6666666865348816,-0.47367024
IHp8hd1jm6k$_$2,1.0,0.9004232
IHp8hd1jm6k$_$5,1.0,0.5355613
IHp8hd1jm6k$_$4,0.0,0.4772185
IHp8hd1jm6k$_$7,0.0,-0.019924045
IHp8hd1jm6k$_$6,1.0,0.73579407
IHp8hd1jm6k$_$9,1.6666666269302368,0.2634793
IHp8hd1jm6k$_$8,2.0,0.46319008
IHp8hd1jm6k$_$11,1.0,0.058421716
IHp8hd1jm6k$_$10,0.6666666865348816,0.46584874
IHp8hd1jm6k$_$13,-0.3333333432674408,-0.17397939
IHp8hd1jm6k$_$12,-0.3333333432674408,-0.16005987
IHp8hd1jm6k$_$15,1.3333333730697632,0.5137522
IHp8hd1jm6k$_$14,1.3333333730697632,0.24616674
IHp8hd1jm6k$_$17,0.0,-0.24697725
IHp8hd1jm6k$_$16,0.6666666865348816,0.06565255
IHp8hd1jm6k$_$19,0.0,0.42945844
IHp8hd1jm6k$_$18,0.0,-0.009628437
IHp8hd1jm6k$_$30,0.6666666865348816,0.45849466
IIPYcCii7Sg$_$1,0.0,0.17870961
IIPYcCii7Sg$_$3,-0.3333333432674408,-0.14395085
IIPYcCii7Sg$_$2,-1.0,-0.10395031
IIPYcCii7Sg$_$5,1.0,0.44056284
IIPYcCii7Sg$_$4,0.3333333432674408,0.20951338
IIPYcCii7Sg$_$7,-0.3333333432674408,-0.36486137
IOpWjKAHG8Q$_$1,-1.0,0.6018508
IOpWjKAHG8Q$_$0,0.6666666865348816,1.0567818
IOpWjKAHG8Q$_$3,-0.3333333432674408,0.0136061385
IOpWjKAHG8Q$_$2,-0.3333333432674408,0.1569227
IOpWjKAHG8Q$_$5,0.0,0.42692357
IOpWjKAHG8Q$_$4,0.3333333432674408,0.11263912
IRSxo_XXArg$_$11,0.3333333432674408,1.6841671
IRSxo_XXArg$_$12,0.0,1.9583341
IRSxo_XXArg$_$0,0.6666666865348816,0.75011796
IRSxo_XXArg$_$3,0.0,0.91282284
IRSxo_XXArg$_$2,0.6666666865348816,1.9023746
IRSxo_XXArg$_$5,-0.6666666865348816,1.518972
IRSxo_XXArg$_$7,0.0,1.5343635
IRSxo_XXArg$_$9,0.0,1.2910529
Ie6sDptjAsU$_$3,0.6666666865348816,-0.016595483
Iemw8vqt-54$_$10,2.6666667461395264,1.9854985
Iemw8vqt-54$_$13,0.3333333432674408,0.653937
Iemw8vqt-54$_$12,2.3333332538604736,0.015174761
Iemw8vqt-54$_$1,1.6666666269302368,1.3514879
Iemw8vqt-54$_$0,0.6666666865348816,1.3306073
Iemw8vqt-54$_$9,1.0,0.18924396
Iemw8vqt-54$_$8,1.6666666269302368,0.4927615
JATMzuV6sUE$_$0,0.3333333432674408,0.4255563
JHJOK6cdW-0$_$1,0.0,-0.2739027
JHJOK6cdW-0$_$8,-0.3333333432674408,0.798797
JHJOK6cdW-0$_$5,0.0,-0.020105533
JHJOK6cdW-0$_$7,0.0,0.36321127
JHJOK6cdW-0$_$0,-0.3333333432674408,0.70113546
JKueLneBoik$_$1,1.0,0.6774401
JKueLneBoik$_$0,1.0,0.8569062
JKueLneBoik$_$3,0.0,-0.04977788
JKueLneBoik$_$2,1.0,-0.39735848
JKueLneBoik$_$5,2.0,1.1569996
JKueLneBoik$_$4,0.0,0.23778407
JNhqI4JtPXA$_$1,1.6666666269302368,2.067803
JNhqI4JtPXA$_$0,1.3333333730697632,0.16682164
JNhqI4JtPXA$_$3,2.0,1.841441
JNhqI4JtPXA$_$4,1.3333333730697632,0.6923516
JNhqI4JtPXA$_$7,0.6666666865348816,-0.12187986
JXYot3NDQn0$_$1,0.3333333432674408,0.41000354
JXYot3NDQn0$_$2,0.6666666865348816,0.8844601
JXYot3NDQn0$_$7,1.6666666269302368,1.7236996
Jz1oMq6l-ZM$_$10,-2.0,-0.6453332
Jz1oMq6l-ZM$_$12,2.3333332538604736,1.3858742
Jz1oMq6l-ZM$_$1,-1.0,-0.1865349
Jz1oMq6l-ZM$_$0,-2.0,-0.027431794
Jz1oMq6l-ZM$_$3,-0.3333333432674408,-0.36756164
Jz1oMq6l-ZM$_$2,-1.6666666269302368,-0.50243485
Jz1oMq6l-ZM$_$5,-1.6666666269302368,0.321288
Jz1oMq6l-ZM$_$7,0.3333333432674408,0.38322014
Jz1oMq6l-ZM$_$6,-1.0,0.26746982
KB5hSnV1emg$_$13,0.3333333432674408,0.18258789
KB5hSnV1emg$_$12,0.0,-0.20256384
KB5hSnV1emg$_$1,0.0,-0.32860017
KB5hSnV1emg$_$0,0.0,0.7878448
KB5hSnV1emg$_$3,0.0,-0.3793593
KB5hSnV1emg$_$2,0.6666666865348816,0.47010845
KB5hSnV1emg$_$4,0.0,0.17931929
KB5hSnV1emg$_$7,0.3333333432674408,0.2827137
KB5hSnV1emg$_$6,0.3333333432674408,-0.055654652
KB5hSnV1emg$_$9,0.6666666865348816,-0.15517367
KRje7su4I5U$_$1,0.3333333432674408,0.32436478
KRje7su4I5U$_$2,-0.6666666865348816,0.79637516
KRje7su4I5U$_$5,1.3333333730697632,0.7135531
KRje7su4I5U$_$4,1.0,0.090040475
KRje7su4I5U$_$7,0.3333333432674408,0.9718652
KRje7su4I5U$_$6,2.0,1.7241951
KRje7su4I5U$_$8,1.0,0.6154498
KXsjl0DKgL0$_$5,1.3333333730697632,0.8975172
KYQTwFVBzME$_$2,0.6666666865348816,1.1749331
KZzFCrEyKF0$_$11,-0.3333333432674408,1.2162023
KZzFCrEyKF0$_$8,0.6666666865348816,-0.12396662
KZzFCrEyKF0$_$4,0.0,-0.24317856
KZzFCrEyKF0$_$6,-0.3333333432674408,-0.12571311
KanWhGY33Hk$_$8,0.0,1.4334036
KanWhGY33Hk$_$15,0.0,-0.6734586
KanWhGY33Hk$_$6,1.0,0.2088265
Kn5eKHlPD0k$_$12,1.0,0.18965615
Kn5eKHlPD0k$_$1,0.6666666865348816,-0.8631433
Kn5eKHlPD0k$_$0,0.0,0.004934795
Kn5eKHlPD0k$_$2,0.6666666865348816,-0.14815971
Kn5eKHlPD0k$_$5,0.6666666865348816,0.43898427
Kn5eKHlPD0k$_$7,-0.6666666865348816,-0.15893354
Kn5eKHlPD0k$_$6,1.0,0.45966333
Kn99u05vlpA$_$3,1.6666666269302368,1.2161614
Kn99u05vlpA$_$2,1.6666666269302368,0.9121314
Kn99u05vlpA$_$5,1.6666666269302368,0.3610801
Kn99u05vlpA$_$6,2.3333332538604736,0.41060233
KrmVX-HANew$_$8,0.6666666865348816,0.46465945
KrmVX-HANew$_$5,0.0,0.22914846
KrmVX-HANew$_$6,0.6666666865348816,0.19627626
Kyz32PTyP4I$_$1,1.6666666269302368,1.7683263
Kyz32PTyP4I$_$0,0.6666666865348816,0.71775174
Kyz32PTyP4I$_$2,1.3333333730697632,0.8849647
Kyz32PTyP4I$_$5,0.3333333432674408,1.04004
Kyz32PTyP4I$_$6,0.6666666865348816,0.06301667
L-7oRnbi9-w$_$3,0.3333333432674408,0.17469291
L-7oRnbi9-w$_$5,0.3333333432674408,1.2005426
L-7oRnbi9-w$_$4,0.6666666865348816,0.15055414
L-a4Sh6iAcw$_$11,0.0,-0.41842276
L-a4Sh6iAcw$_$3,0.6666666865348816,0.9863526
L-a4Sh6iAcw$_$5,0.6666666865348816,0.3740148
L-a4Sh6iAcw$_$4,-0.3333333432674408,0.866763
L-a4Sh6iAcw$_$7,0.6666666865348816,0.21632689
L-a4Sh6iAcw$_$9,0.6666666865348816,0.70035076
LD3HYOwk1Bc$_$1,0.0,-1.0257305
LD3HYOwk1Bc$_$0,0.0,0.4727552
LDKWr94J0wM$_$11,1.0,0.08318564
LDKWr94J0wM$_$14,1.0,0.6957661
LDKWr94J0wM$_$3,0.6666666865348816,0.6727197
LDKWr94J0wM$_$2,-0.3333333432674408,0.7745826
LDKWr94J0wM$_$5,0.3333333432674408,0.6399957
LDKWr94J0wM$_$4,1.3333333730697632,0.8826047
LDKWr94J0wM$_$8,1.0,0.18668352
LFOwCSiGOvw$_$1,-1.0,-0.5798969
LFOwCSiGOvw$_$2,0.0,-0.38980198
LFOwCSiGOvw$_$4,-1.0,-0.18418045
LJGL2sGvSS0$_$20,1.3333333730697632,1.2010248
LJGL2sGvSS0$_$21,1.3333333730697632,1.1266392
LJGL2sGvSS0$_$22,2.0,1.2877458
LJGL2sGvSS0$_$1,0.6666666865348816,0.55920136
LJGL2sGvSS0$_$0,1.0,0.07630844
LJGL2sGvSS0$_$3,1.6666666269302368,0.5683191
LJGL2sGvSS0$_$2,1.3333333730697632,0.27085692
LJGL2sGvSS0$_$5,1.0,0.8719797
LJGL2sGvSS0$_$4,1.0,1.0087835
LJGL2sGvSS0$_$7,1.3333333730697632,0.64053285
LJGL2sGvSS0$_$6,-0.6666666865348816,-0.41204888
LJGL2sGvSS0$_$9,1.0,0.7010656
LJGL2sGvSS0$_$8,0.6666666865348816,0.8423859
LJGL2sGvSS0$_$11,1.0,0.8972022
LJGL2sGvSS0$_$10,1.3333333730697632,1.1879804
LJGL2sGvSS0$_$13,2.0,1.2174894
LJGL2sGvSS0$_$12,1.0,1.0953227
LJGL2sGvSS0$_$15,0.6666666865348816,-0.08245346
LJGL2sGvSS0$_$14,1.6666666269302368,1.3058242
LJGL2sGvSS0$_$17,2.0,0.8465276
LJGL2sGvSS0$_$16,2.0,0.7312027
LJGL2sGvSS0$_$19,1.0,-0.18274996
LJGL2sGvSS0$_$18,2.0,1.2564385
LcfubBagG6Q$_$11,1.3333333730697632,0.88477933
LcfubBagG6Q$_$10,-1.0,0.8206922
LcfubBagG6Q$_$13,1.0,0.90605575
LcfubBagG6Q$_$14,1.0,1.1365564
LcfubBagG6Q$_$1,1.3333333730697632,0.58727294
LcfubBagG6Q$_$0,0.3333333432674408,-0.13438307
LcfubBagG6Q$_$3,0.3333333432674408,0.12792885
LcfubBagG6Q$_$2,0.0,0.18038794
LcfubBagG6Q$_$5,0.3333333432674408,0.5000956
LcfubBagG6Q$_$4,0.0,-1.1446384
LcfubBagG6Q$_$7,1.0,1.5658411
LcfubBagG6Q$_$6,1.3333333730697632,1.0610017
LcfubBagG6Q$_$9,0.3333333432674408,-0.096995845
LcfubBagG6Q$_$8,1.3333333730697632,1.2931587
LpTbjgELALo$_$1,0.0,-0.018115282
LpTbjgELALo$_$2,1.3333333730697632,0.4964931
LtlL-03S79Q$_$2,0.3333333432674408,1.3577348
LtlL-03S79Q$_$5,1.3333333730697632,-0.07134481
LtlL-03S79Q$_$4,1.0,0.46651918
LtlL-03S79Q$_$7,0.3333333432674408,0.47041076
LtlL-03S79Q$_$6,1.0,0.7760847
LtlL-03S79Q$_$9,1.3333333730697632,0.7521897
LueQT0vY1zI$_$0,1.0,0.34276634
LyOq9mOEPuk$_$8,-0.6666666865348816,0.0077893287
LyOq9mOEPuk$_$3,1.3333333730697632,0.53470206
LyOq9mOEPuk$_$13,-0.6666666865348816,-0.811864
M6HKUzJNlsE$_$1,0.6666666865348816,1.3530437
M6HKUzJNlsE$_$0,0.6666666865348816,0.431328
M6HKUzJNlsE$_$3,0.3333333432674408,0.6331848
M6HKUzJNlsE$_$2,1.6666666269302368,0.58585596
M6HKUzJNlsE$_$5,1.3333333730697632,0.65310365
M6HKUzJNlsE$_$4,1.0,0.8286227
MHVrwCEWLPI$_$1,-0.6666666865348816,-0.14413409
MHVrwCEWLPI$_$5,0.6666666865348816,1.2179699
MHVrwCEWLPI$_$4,1.0,0.54982185
MHVrwCEWLPI$_$6,0.3333333432674408,-0.04897055
MHyW857u_X8$_$13,0.0,1.0306523
MHyW857u_X8$_$20,0.0,-0.8759714
MHyW857u_X8$_$22,0.3333333432674408,1.1245431
MHyW857u_X8$_$17,0.3333333432674408,0.70895886
MHyW857u_X8$_$18,-0.3333333432674408,0.68070775
MHyW857u_X8$_$2,0.0,0.100181796
MHyW857u_X8$_$5,0.0,0.2107464
MHyW857u_X8$_$7,2.0,2.37754
MLegxOZBGUc$_$9,1.0,1.3596321
MM2qPdnRmQ8$_$0,0.0,0.41110516
MM2qPdnRmQ8$_$6,0.0,0.62853235
MSHBEntSDjU$_$9,0.3333333432674408,0.2697578
MYEyQUpMe3k$_$1,1.0,0.35587305
MYEyQUpMe3k$_$2,0.6666666865348816,-0.13243508
MYEyQUpMe3k$_$5,0.0,-0.033512548
MYEyQUpMe3k$_$4,0.0,0.23994447
MYEyQUpMe3k$_$7,0.0,0.1942964
MYEyQUpMe3k$_$6,0.0,0.082400456
MYEyQUpMe3k$_$9,0.0,0.45181733
MYEyQUpMe3k$_$8,0.0,0.1699197
MZUr1DfYNNw$_$1,1.3333333730697632,0.87949026
MZUr1DfYNNw$_$0,0.6666666865348816,0.5486648
MZUr1DfYNNw$_$2,0.0,0.71644354
MtIklGnIMGo$_$5,-1.3333333730697632,0.53100127
MvEw24PU2Ac$_$9,0.6666666865348816,0.68359154
MvEw24PU2Ac$_$15,-1.0,-0.9753673
MvEw24PU2Ac$_$6,0.0,0.07712486
N-NnCI6U52c$_$2,2.3333332538604736,1.3804046
N-NnCI6U52c$_$5,2.6666667461395264,2.04725
N0d2JL7JC1s$_$0,0.0,0.28486025
N2nCB34Am-E$_$10,0.6666666865348816,0.2453212
N2nCB34Am-E$_$6,0.6666666865348816,0.28086
NIpuKcoJhGM$_$0,2.0,0.42209715
NIpuKcoJhGM$_$5,-0.3333333432674408,-0.10428797
NIpuKcoJhGM$_$4,1.6666666269302368,1.0958905
NOGhjdK-rDI$_$0,-0.3333333432674408,-0.7082139
NVLPURuAVLU$_$2,-0.6666666865348816,-0.25593776
NVLPURuAVLU$_$4,0.6666666865348816,-0.112072095
NVLPURuAVLU$_$7,0.3333333432674408,-0.25483173
NaWmaHwjElo$_$13,0.6666666865348816,0.42809355
NaWmaHwjElo$_$5,0.0,-0.102946445
NgENhhXf0LE$_$2,1.3333333730697632,1.2193263
NiAjz4ciA60$_$1,1.0,1.0164471
NiAjz4ciA60$_$3,0.3333333432674408,0.2641111
NiAjz4ciA60$_$2,0.3333333432674408,0.11562498
NiAjz4ciA60$_$6,-0.3333333432674408,0.16594914
NlrCjfHELLE$_$0,0.6666666865348816,0.9244524
NoOt0oU843M$_$8,0.6666666865348816,0.8472289
NoOt0oU843M$_$3,0.3333333432674408,0.035028994
NoOt0oU843M$_$2,0.0,0.14771426
NoOt0oU843M$_$5,0.6666666865348816,0.102703616
NoOt0oU843M$_$6,1.6666666269302368,0.76382977
NocexkPXja8$_$13,-1.0,-0.6806516
NocexkPXja8$_$15,-0.6666666865348816,-1.1484717
NocexkPXja8$_$16,-1.0,-1.2331175
NocexkPXja8$_$1,-1.6666666269302368,-1.2115945
NocexkPXja8$_$3,-1.3333333730697632,-0.5526172
NocexkPXja8$_$5,-1.0,-0.36989397
NocexkPXja8$_$4,-2.3333332538604736,-1.428515
NocexkPXja8$_$6,-1.6666666269302368,-0.85664773
O-b3DQg0QmA$_$1,0.0,0.6031209
O-b3DQg0QmA$_$0,0.0,0.39091134
O-b3DQg0QmA$_$2,2.3333332538604736,1.4144013
O2ShYliS3CU$_$8,1.6666666269302368,0.5821878
O2ShYliS3CU$_$2,0.0,-0.04447727
O4UkHVJlIs8$_$10,0.3333333432674408,0.7045023
O4UkHVJlIs8$_$3,1.0,0.82371473
O4UkHVJlIs8$_$2,0.6666666865348816,0.9532984
OFia3dWgaoI$_$1,-0.6666666865348816,-0.15799034
OFia3dWgaoI$_$0,-1.3333333730697632,-0.5918602
OFia3dWgaoI$_$3,-0.6666666865348816,-0.7897477
OFia3dWgaoI$_$5,-0.6666666865348816,-1.0213866
OFia3dWgaoI$_$4,-0.3333333432674408,-0.95898354
OFia3dWgaoI$_$6,-0.6666666865348816,-0.6231964
OFia3dWgaoI$_$8,-0.3333333432674408,-0.33769476
OKJPFisBoPY$_$1,0.3333333432674408,0.22714382
OKJPFisBoPY$_$0,0.3333333432674408,0.54741424
OORklkFql3k$_$11,-1.3333333730697632,-0.3688563
OORklkFql3k$_$10,-0.3333333432674408,-0.54214394
OORklkFql3k$_$15,0.0,-0.969211
OORklkFql3k$_$14,-1.3333333730697632,-0.9197966
OORklkFql3k$_$19,-2.6666667461395264,-1.4389523
OORklkFql3k$_$1,-0.6666666865348816,-1.270712
OORklkFql3k$_$3,-2.0,-0.6554177
OORklkFql3k$_$2,-2.0,-1.0113838
OORklkFql3k$_$4,-2.0,-0.34620392
OORklkFql3k$_$7,-0.3333333432674408,-0.22037153
OORklkFql3k$_$6,-2.0,-1.333799
OORklkFql3k$_$8,-2.0,-0.8391968
OWWHjP3pX9o$_$1,0.0,-0.10964428
OWWHjP3pX9o$_$0,-0.3333333432674408,-0.21194081
OWWHjP3pX9o$_$3,0.3333333432674408,0.06759289
OWWHjP3pX9o$_$2,0.0,-0.021670759
OWWHjP3pX9o$_$5,0.0,0.04338156
OWWHjP3pX9o$_$4,0.6666666865348816,0.023271777
OWWHjP3pX9o$_$7,1.3333333730697632,-0.027445197
OWWHjP3pX9o$_$6,0.3333333432674408,0.46998763
OWWHjP3pX9o$_$9,1.0,0.74671227
OWWHjP3pX9o$_$8,0.6666666865348816,-1.5077904
OXsTIPdytiw$_$10,-0.3333333432674408,-0.3054449
OXsTIPdytiw$_$13,0.0,0.16498618
OXsTIPdytiw$_$12,0.3333333432674408,0.15103734
OXsTIPdytiw$_$0,0.6666666865348816,-0.037858322
OXsTIPdytiw$_$2,-0.3333333432674408,-0.5714932
OXsTIPdytiw$_$4,0.0,0.09215878
OXsTIPdytiw$_$7,0.6666666865348816,0.3306628
Oa2xVjzAMFc$_$3,0.0,-0.31908852
Oa2xVjzAMFc$_$5,1.6666666269302368,1.0026792
Oa2xVjzAMFc$_$4,0.0,-0.3726095
Oa2xVjzAMFc$_$6,2.0,0.8310969
Oa2xVjzAMFc$_$9,-0.3333333432674408,0.17439333
Oa2xVjzAMFc$_$8,0.3333333432674408,0.47915995
OaWYjsS02fk$_$0,2.3333332538604736,0.4809546
OaWYjsS02fk$_$2,0.0,0.47752702
OaWYjsS02fk$_$5,1.0,0.44238502
OaWYjsS02fk$_$4,0.6666666865348816,0.31687462
OaWYjsS02fk$_$6,0.0,0.8265323
OctOcfI4KSs$_$13,0.6666666865348816,0.7530834
OctOcfI4KSs$_$1,-0.3333333432674408,-0.6389374
OctOcfI4KSs$_$3,0.3333333432674408,-0.26166815
OctOcfI4KSs$_$2,-0.6666666865348816,-0.14023222
OctOcfI4KSs$_$4,0.6666666865348816,-0.13805173
OctOcfI4KSs$_$7,0.3333333432674408,-0.20683609
OctOcfI4KSs$_$6,0.0,-0.52373385
OctOcfI4KSs$_$8,0.0,0.08503108
OyK86reBnJE$_$2,0.3333333432674408,0.75170964
P0UHzR4CmYg$_$20,0.3333333432674408,-0.2604949
P0UHzR4CmYg$_$22,1.3333333730697632,0.10108605
P0UHzR4CmYg$_$1,1.0,0.8329638
P0UHzR4CmYg$_$0,1.3333333730697632,1.9369955
P0UHzR4CmYg$_$3,0.6666666865348816,1.1281189
P0UHzR4CmYg$_$2,0.6666666865348816,0.8217961
P0UHzR4CmYg$_$5,0.6666666865348816,0.73566234
P0UHzR4CmYg$_$4,1.0,1.2964382
P0UHzR4CmYg$_$7,0.0,0.38758266
P0UHzR4CmYg$_$6,1.0,0.84982854
P0UHzR4CmYg$_$9,1.0,0.043284617
P0UHzR4CmYg$_$8,0.6666666865348816,-0.0885009
P0UHzR4CmYg$_$11,-1.0,-0.07115562
P0UHzR4CmYg$_$10,0.3333333432674408,1.0669891
P0UHzR4CmYg$_$13,0.6666666865348816,0.21557681
P0UHzR4CmYg$_$12,1.0,0.6958932
P0UHzR4CmYg$_$15,-0.6666666865348816,-0.33421665
P0UHzR4CmYg$_$14,-0.3333333432674408,-0.12815118
P0UHzR4CmYg$_$17,2.0,0.51515305
P0UHzR4CmYg$_$16,-1.3333333730697632,-1.139348
P0UHzR4CmYg$_$19,-1.0,0.15103266
P0UHzR4CmYg$_$18,2.0,0.9016308
P17tYiqMGRU$_$0,1.6666666269302368,0.51536584
PHZIx22aFhU$_$0,1.0,0.3065127
Pbu6oAKFCvo$_$0,2.0,0.8721341
Pbu6oAKFCvo$_$3,1.3333333730697632,0.84352934
Pbu6oAKFCvo$_$5,0.3333333432674408,0.58329284
PcqKFt1p3UQ$_$9,0.3333333432674408,-0.29627973
PcqKFt1p3UQ$_$10,0.3333333432674408,-0.06951408
PcqKFt1p3UQ$_$2,-0.6666666865348816,-0.18265028
PexNiFbPTYM$_$11,0.0,0.5065937
PexNiFbPTYM$_$10,1.0,0.8326962
PexNiFbPTYM$_$13,2.0,-0.08481212
PexNiFbPTYM$_$12,0.3333333432674408,0.021675251
PexNiFbPTYM$_$15,0.3333333432674408,-0.061973065
PexNiFbPTYM$_$14,0.0,0.26236802
PexNiFbPTYM$_$17,-0.6666666865348816,-0.17098524
PexNiFbPTYM$_$16,1.0,0.4791277
PexNiFbPTYM$_$19,0.0,-0.14651747
PexNiFbPTYM$_$18,0.0,0.45499152
PexNiFbPTYM$_$1,1.0,1.1552317
PexNiFbPTYM$_$3,0.6666666865348816,-0.12216513
PexNiFbPTYM$_$2,0.6666666865348816,0.40185362
PexNiFbPTYM$_$5,-0.3333333432674408,0.07166591
PexNiFbPTYM$_$4,-1.0,-0.6579804
PexNiFbPTYM$_$7,1.0,0.6708416
PexNiFbPTYM$_$6,-0.3333333432674408,-0.37330705
PexNiFbPTYM$_$9,0.6666666865348816,0.47870064
PexNiFbPTYM$_$20,1.0,0.22150758
PexNiFbPTYM$_$8,1.0,0.07720046
PexNiFbPTYM$_$21,1.3333333730697632,0.62112963
PzI6yY9Y2xQ$_$10,2.0,0.8281014
PzI6yY9Y2xQ$_$12,1.6666666269302368,1.4112328
PzI6yY9Y2xQ$_$1,2.0,0.40781277
PzI6yY9Y2xQ$_$0,1.6666666269302368,1.1657138
PzI6yY9Y2xQ$_$2,1.3333333730697632,0.28304732
PzI6yY9Y2xQ$_$4,-0.6666666865348816,0.007670298
QBc7X5jj8oA$_$3,-1.0,-0.93198144
QBc7X5jj8oA$_$2,0.3333333432674408,0.00083270296
QBc7X5jj8oA$_$4,1.3333333730697632,0.0072598085
QCR7uyowjhM$_$10,0.3333333432674408,0.106941566
QCR7uyowjhM$_$1,0.0,-0.09198688
QCR7uyowjhM$_$0,-1.0,0.074316755
QCR7uyowjhM$_$2,-0.3333333432674408,-1.7130215
QCR7uyowjhM$_$5,1.0,1.3511533
QCR7uyowjhM$_$4,-0.3333333432674408,-0.49269986
QCR7uyowjhM$_$7,0.3333333432674408,-0.48101866
QCR7uyowjhM$_$6,0.3333333432674408,1.0485674
QCR7uyowjhM$_$9,0.6666666865348816,0.29582447
QCR7uyowjhM$_$8,0.0,-0.6806927
QIonRUsCqBs$_$1,1.3333333730697632,0.95114756
QIonRUsCqBs$_$0,0.3333333432674408,0.91258276
QIonRUsCqBs$_$3,2.0,1.0930054
QIonRUsCqBs$_$2,0.6666666865348816,0.45686883
QJBQIOmG1CA$_$1,-0.6666666865348816,0.28434083
QLI-OnegxFM$_$17,0.0,0.024478178
QLI-OnegxFM$_$7,0.0,-0.5831611
QVyxySAaehE$_$11,0.0,-0.08899599
QVyxySAaehE$_$10,1.3333333730697632,1.5143472
QVyxySAaehE$_$3,1.0,1.6541315
QVyxySAaehE$_$9,0.3333333432674408,1.727968
QWll4lS1qqI$_$12,1.6666666269302368,1.4165143
QWll4lS1qqI$_$14,-1.0,-0.85965943
QWll4lS1qqI$_$16,2.0,1.1656591
QXXexH-ow_k$_$5,-1.3333333730697632,-0.3366117
Qfa1fY_07bQ$_$1,0.3333333432674408,0.15237388
Qfa1fY_07bQ$_$0,0.6666666865348816,0.62689495
Qfa1fY_07bQ$_$2,0.6666666865348816,0.92897975
Qfa1fY_07bQ$_$5,1.3333333730697632,0.40735656
Qfa1fY_07bQ$_$4,0.0,0.3592713
Qfa1fY_07bQ$_$7,0.6666666865348816,1.2955445
Qfa1fY_07bQ$_$6,0.6666666865348816,1.2078532
QnYlpSeVOYo$_$1,0.0,0.56384146
R9xTBw3MCWI$_$11,0.3333333432674408,0.57965624
R9xTBw3MCWI$_$10,0.6666666865348816,0.18663721
R9xTBw3MCWI$_$13,0.6666666865348816,0.78933775
R9xTBw3MCWI$_$12,1.0,0.65441644
R9xTBw3MCWI$_$15,0.3333333432674408,1.1496363
R9xTBw3MCWI$_$14,0.3333333432674408,0.27642775
R9xTBw3MCWI$_$17,1.6666666269302368,1.1556376
R9xTBw3MCWI$_$16,0.6666666865348816,0.2873873
R9xTBw3MCWI$_$19,0.3333333432674408,0.39313936
R9xTBw3MCWI$_$18,0.0,0.41135472
R9xTBw3MCWI$_$1,0.3333333432674408,0.9428055
R9xTBw3MCWI$_$0,1.0,0.45714182
R9xTBw3MCWI$_$3,1.0,0.610743
R9xTBw3MCWI$_$2,0.6666666865348816,0.23522691
R9xTBw3MCWI$_$5,0.3333333432674408,0.85037154
R9xTBw3MCWI$_$4,0.3333333432674408,1.1062173
R9xTBw3MCWI$_$7,1.0,0.42001557
R9xTBw3MCWI$_$6,0.0,0.9112859
R9xTBw3MCWI$_$9,-0.6666666865348816,-0.029856876
R9xTBw3MCWI$_$8,1.0,0.8115871
RB3HA-ZMtFw$_$1,0.3333333432674408,0.5079092
RChkXDS8ulE$_$1,-1.0,0.66721094
RChkXDS8ulE$_$3,1.0,0.88298446
RChkXDS8ulE$_$5,1.0,0.9972323
RChkXDS8ulE$_$4,0.3333333432674408,-0.13949881
ROC2YI3tDsk$_$11,0.6666666865348816,0.8578421
ROC2YI3tDsk$_$10,0.6666666865348816,1.044868
ROC2YI3tDsk$_$13,0.3333333432674408,1.2219604
ROC2YI3tDsk$_$12,0.3333333432674408,0.8721551
ROC2YI3tDsk$_$14,1.6666666269302368,1.7594762
ROC2YI3tDsk$_$0,0.3333333432674408,0.9100221
ROC2YI3tDsk$_$3,1.0,1.0399914
ROC2YI3tDsk$_$2,1.6666666269302368,0.81998
ROC2YI3tDsk$_$5,0.6666666865348816,0.27192366
ROC2YI3tDsk$_$4,1.0,0.652792
ROC2YI3tDsk$_$6,0.0,0.6729511
ROC2YI3tDsk$_$9,0.6666666865348816,1.3760878
ROC2YI3tDsk$_$8,2.3333332538604736,1.758623
RVC8l5hf2Eg$_$11,0.6666666865348816,0.25349706
RVC8l5hf2Eg$_$10,0.3333333432674408,0.50814855
RVC8l5hf2Eg$_$13,-0.6666666865348816,0.04683517
RVC8l5hf2Eg$_$12,0.6666666865348816,0.43838662
RVC8l5hf2Eg$_$14,0.0,0.23848937
RVC8l5hf2Eg$_$17,1.6666666269302368,0.3526013
RVC8l5hf2Eg$_$1,0.6666666865348816,0.671523
RVC8l5hf2Eg$_$0,0.3333333432674408,0.1783572
RVC8l5hf2Eg$_$3,0.0,0.32436156
RVC8l5hf2Eg$_$2,0.0,-0.13226779
RVC8l5hf2Eg$_$5,0.0,0.11136754
RVC8l5hf2Eg$_$4,0.3333333432674408,0.18798636
RVC8l5hf2Eg$_$7,0.6666666865348816,-0.14447564
RVC8l5hf2Eg$_$6,-0.3333333432674408,-0.14381246
RVC8l5hf2Eg$_$8,-0.3333333432674408,-0.29648203
Rb1uzHNcYcA$_$1,0.3333333432674408,0.92085654
Rb1uzHNcYcA$_$3,0.0,-1.4557374
Rb1uzHNcYcA$_$2,-1.0,0.25940686
Rb1uzHNcYcA$_$5,1.0,1.2043308
Rb1uzHNcYcA$_$4,1.6666666269302368,0.9215077
Rb1uzHNcYcA$_$6,1.6666666269302368,0.3072592
Rb1uzHNcYcA$_$8,1.6666666269302368,0.1636806
RmX9t_HY_dU$_$1,0.0,0.57850754
RmX9t_HY_dU$_$0,1.3333333730697632,0.36586177
RsE2gYghZ2s$_$1,0.3333333432674408,0.39526337
RsE2gYghZ2s$_$2,0.3333333432674408,0.3222137
RvmTZVNAAuQ$_$2,0.0,0.6281865
RvmTZVNAAuQ$_$10,1.3333333730697632,0.8737304
RvmTZVNAAuQ$_$12,2.0,1.7379853
RvmTZVNAAuQ$_$4,-0.3333333432674408,0.030322194
RvmTZVNAAuQ$_$7,1.0,0.6571479
SBFnCNzlynQ$_$1,-0.3333333432674408,-0.37971473
SBFnCNzlynQ$_$0,-0.3333333432674408,-0.13180305
SD6wphlw72U$_$0,0.3333333432674408,0.7215682
SD6wphlw72U$_$3,2.0,1.3705097
SD6wphlw72U$_$2,0.3333333432674408,0.58408165
SH0OYx3fR7s$_$9,0.3333333432674408,0.6077901
SH0OYx3fR7s$_$0,0.3333333432674408,0.20236464
SH0OYx3fR7s$_$26,2.0,-0.6236186
SH0OYx3fR7s$_$5,1.0,0.089302994
SH0OYx3fR7s$_$7,1.0,0.2835647
SKTyBOhDX6U$_$11,1.6666666269302368,0.7967906
SKTyBOhDX6U$_$10,1.3333333730697632,-0.15573478
SKTyBOhDX6U$_$12,0.6666666865348816,0.33117193
SKTyBOhDX6U$_$1,-0.3333333432674408,-0.12261514
SKTyBOhDX6U$_$5,1.3333333730697632,0.6534294
SKTyBOhDX6U$_$4,0.6666666865348816,0.37327045
SKTyBOhDX6U$_$7,-0.6666666865348816,0.11958549
SKTyBOhDX6U$_$6,2.0,0.66857815
SKTyBOhDX6U$_$9,1.0,0.568252
SKTyBOhDX6U$_$8,-0.3333333432674408,-0.6217922
SYQ_zv8dWng$_$1,0.6666666865348816,0.08728257
SYQ_zv8dWng$_$0,0.3333333432674408,0.10051076
SYQ_zv8dWng$_$3,-0.6666666865348816,-0.7594117
SYQ_zv8dWng$_$2,0.6666666865348816,0.63542765
SYQ_zv8dWng$_$5,0.6666666865348816,0.49867368
SYQ_zv8dWng$_$4,0.3333333432674408,-0.6779771
SYQ_zv8dWng$_$7,0.0,0.096893385
SYQ_zv8dWng$_$6,0.6666666865348816,0.3325125
SYQ_zv8dWng$_$9,0.0,0.14016834
SYQ_zv8dWng$_$8,0.0,0.421192
SZ7HK5ns6mE$_$11,1.6666666269302368,0.5389304
SZ7HK5ns6mE$_$1,1.6666666269302368,1.07597
SZ7HK5ns6mE$_$0,2.0,0.66247
SZ7HK5ns6mE$_$3,2.0,-0.20154105
SZ7HK5ns6mE$_$5,0.6666666865348816,0.45584768
SZ7HK5ns6mE$_$4,1.6666666269302368,0.054187614
SZ7HK5ns6mE$_$7,-1.0,0.18471228
SZ7HK5ns6mE$_$8,1.3333333730697632,-1.2590655
Sb6ftNgzz9M$_$3,0.3333333432674408,0.8227654
Sb6ftNgzz9M$_$2,0.6666666865348816,0.56890196
Sb6ftNgzz9M$_$7,0.3333333432674408,0.4107775
Sb6ftNgzz9M$_$6,0.0,-0.17300774
Sq6DIhFxPqQ$_$1,0.3333333432674408,0.58574295
Sq6DIhFxPqQ$_$0,0.6666666865348816,1.429589
Sq6DIhFxPqQ$_$2,0.0,0.78835917
Sq6DIhFxPqQ$_$4,0.0,-0.13898516
SqAiJrvHXNA$_$11,1.0,1.6332053
SqAiJrvHXNA$_$10,0.3333333432674408,0.1894295
SqAiJrvHXNA$_$1,1.0,0.9519552
SqAiJrvHXNA$_$0,1.3333333730697632,0.88692474
SqAiJrvHXNA$_$3,1.0,-0.0074985027
SqAiJrvHXNA$_$2,1.0,0.6032989
SqAiJrvHXNA$_$5,1.0,-0.37793005
SqAiJrvHXNA$_$4,1.0,0.45975393
SqAiJrvHXNA$_$7,1.3333333730697632,0.4365058
SqAiJrvHXNA$_$6,1.6666666269302368,1.0030855
SqAiJrvHXNA$_$9,1.0,1.5464643
SqAiJrvHXNA$_$8,0.3333333432674408,0.7644001
SqofxdeEcjg$_$1,1.3333333730697632,-0.0065094233
SqofxdeEcjg$_$9,1.6666666269302368,0.7677073
SqofxdeEcjg$_$2,1.0,0.9737571
SqofxdeEcjg$_$5,1.3333333730697632,0.8849776
SqofxdeEcjg$_$4,0.3333333432674408,0.44503862
SwT0gh0V8fI$_$11,0.6666666865348816,0.119945124
SwT0gh0V8fI$_$10,0.0,-0.92938125
SwT0gh0V8fI$_$13,1.3333333730697632,1.3812283
SwT0gh0V8fI$_$20,0.3333333432674408,0.50111514
SwT0gh0V8fI$_$21,0.3333333432674408,0.25807536
SwT0gh0V8fI$_$17,-0.3333333432674408,-0.7954208
SwT0gh0V8fI$_$16,0.0,-0.67710805
SwT0gh0V8fI$_$19,0.6666666865348816,1.0989647
SwT0gh0V8fI$_$18,1.6666666269302368,-0.060055114
SwT0gh0V8fI$_$23,-0.3333333432674408,-1.1900488
SwT0gh0V8fI$_$1,-0.3333333432674408,0.41202533
SwT0gh0V8fI$_$2,0.0,0.793978
SwT0gh0V8fI$_$5,0.0,-1.053949
SwT0gh0V8fI$_$15,2.3333332538604736,1.3949099
TLPlduck5II$_$1,-1.6666666269302368,-0.43399137
TLPlduck5II$_$0,-1.3333333730697632,-0.28843683
TLPlduck5II$_$3,0.0,0.48016477
TLPlduck5II$_$5,0.0,0.35823828
TLPlduck5II$_$4,0.6666666865348816,0.7641916
TLPlduck5II$_$6,1.6666666269302368,1.9574431
TXiOSZdaLJ8$_$3,0.0,0.16165772
TXiOSZdaLJ8$_$2,0.6666666865348816,0.73948145
TXiOSZdaLJ8$_$4,0.3333333432674408,0.34077656
TcTGCIh6e5s$_$1,0.0,0.24914001
TcTGCIh6e5s$_$0,0.6666666865348816,0.21371678
TcTGCIh6e5s$_$3,0.0,-0.006537318
TcTGCIh6e5s$_$5,0.3333333432674408,0.24284686
TcTGCIh6e5s$_$4,0.0,-0.06882705
TcTGCIh6e5s$_$7,0.0,0.2596001
TcTGCIh6e5s$_$6,0.0,0.19030991
TqQgIxR7thU$_$0,0.0,0.4093181
TsfyeZ8hgwE$_$1,0.3333333432674408,0.057186246
TsfyeZ8hgwE$_$3,2.6666667461395264,1.5982636
TsfyeZ8hgwE$_$2,1.6666666269302368,0.64741516
TtAyUQtmTLk$_$3,0.0,-0.029312521
TtAyUQtmTLk$_$2,-0.6666666865348816,0.49785632
TtAyUQtmTLk$_$4,-0.3333333432674408,0.5995327
TtAyUQtmTLk$_$7,2.0,1.341288
TtAyUQtmTLk$_$6,0.3333333432674408,0.12436059
TxRtSItpGMo$_$0,0.6666666865348816,0.801818
TxRtSItpGMo$_$2,2.3333332538604736,1.2273397
TxRtSItpGMo$_$4,2.0,1.1227077
TxRtSItpGMo$_$7,1.3333333730697632,2.0949528
TxRtSItpGMo$_$6,2.0,1.0125567
U-KihZeIfKI$_$24,1.3333333730697632,0.44949633
U-KihZeIfKI$_$25,1.0,0.93476063
U-KihZeIfKI$_$20,1.3333333730697632,0.6975449
U-KihZeIfKI$_$21,0.3333333432674408,0.77979505
U-KihZeIfKI$_$22,1.0,0.42318535
U-KihZeIfKI$_$23,0.3333333432674408,-0.04398404
U-KihZeIfKI$_$1,0.6666666865348816,-0.27885592
U-KihZeIfKI$_$0,0.6666666865348816,0.4974212
U-KihZeIfKI$_$2,-1.0,-0.920245
U-KihZeIfKI$_$5,-0.6666666865348816,-1.0171208
U-KihZeIfKI$_$7,-0.3333333432674408,1.4052663
U-KihZeIfKI$_$6,-1.0,-1.321186
U-KihZeIfKI$_$9,0.3333333432674408,0.6941886
U-KihZeIfKI$_$8,1.3333333730697632,0.41863537
U-KihZeIfKI$_$11,0.6666666865348816,0.11166862
U-KihZeIfKI$_$10,1.0,1.3244332
U-KihZeIfKI$_$13,0.0,0.07597461
U-KihZeIfKI$_$12,0.0,-1.0772
U-KihZeIfKI$_$15,0.6666666865348816,-0.33211362
U-KihZeIfKI$_$14,0.0,-1.8860102
U-KihZeIfKI$_$17,0.3333333432674408,-0.12828296
U-KihZeIfKI$_$16,1.0,0.68408906
U-KihZeIfKI$_$19,1.3333333730697632,1.6622509
U-KihZeIfKI$_$18,1.6666666269302368,1.4787655
U6IqFbpM-VM$_$0,1.6666666269302368,1.5106617
U6IqFbpM-VM$_$2,0.0,0.46916252
U8VYG_g6yVE$_$10,2.0,0.3029539
U8VYG_g6yVE$_$3,1.3333333730697632,0.9598563
U8VYG_g6yVE$_$5,2.6666667461395264,1.2727007
U8VYG_g6yVE$_$9,2.6666667461395264,1.5517117
UNLD7eYPzfQ$_$10,-1.0,0.6115412
UNLD7eYPzfQ$_$7,-0.3333333432674408,-0.8322344
USkMa4Evv7U$_$2,1.0,0.13890204
USkMa4Evv7U$_$7,1.3333333730697632,0.6636684
USkMa4Evv7U$_$6,0.3333333432674408,0.30134004
UTErYLpdAY0$_$1,1.3333333730697632,0.87023056
UcV-bpksJi0$_$3,0.0,0.20523173
UcV-bpksJi0$_$5,0.0,0.018505901
UcV-bpksJi0$_$4,0.0,0.75925356
UiurP5k-f1A$_$1,1.0,1.1944218
UiurP5k-f1A$_$2,1.0,1.0449688
UiurP5k-f1A$_$4,1.0,0.9761566
UjqA6KVW2m8$_$11,0.6666666865348816,0.112960264
UjqA6KVW2m8$_$10,1.6666666269302368,0.39484406
UjqA6KVW2m8$_$0,-0.3333333432674408,0.053044736
UjqA6KVW2m8$_$3,-0.6666666865348816,0.1904621
UjqA6KVW2m8$_$2,-1.3333333730697632,-0.49094445
UjqA6KVW2m8$_$5,0.6666666865348816,1.0585169
UjqA6KVW2m8$_$4,1.0,0.50045705
UjqA6KVW2m8$_$7,-1.0,0.101597905
UjqA6KVW2m8$_$9,1.6666666269302368,1.0830225
UjqA6KVW2m8$_$8,2.0,0.8544782
Uu_XyXyKHAk$_$10,-1.0,-1.0257899
UweZVaFqruU$_$1,0.3333333432674408,0.166332
UweZVaFqruU$_$3,0.0,0.10624022
UweZVaFqruU$_$2,0.0,0.20426649
UweZVaFqruU$_$5,0.0,0.31352836
UweZVaFqruU$_$4,0.0,0.26988256
UweZVaFqruU$_$7,0.0,0.7584597
UweZVaFqruU$_$6,0.3333333432674408,0.037507385
UweZVaFqruU$_$9,2.0,0.7421973
UweZVaFqruU$_$8,0.6666666865348816,0.61533487
V0SvSPkiJUY$_$10,-0.3333333432674408,0.10915364
V0SvSPkiJUY$_$12,1.6666666269302368,0.2283292
V0SvSPkiJUY$_$1,0.6666666865348816,-0.02845025
V0SvSPkiJUY$_$0,2.3333332538604736,0.70639646
V0SvSPkiJUY$_$3,0.0,0.18492955
V0SvSPkiJUY$_$2,0.6666666865348816,-0.37809563
V0SvSPkiJUY$_$5,0.6666666865348816,0.12109049
V0SvSPkiJUY$_$4,-0.3333333432674408,-1.149375
V0SvSPkiJUY$_$9,1.6666666269302368,-0.29782552
V27mmEkN80g$_$0,0.0,0.26974732
V2X1NU5RkwY$_$1,0.0,0.27407855
V2X1NU5RkwY$_$0,-0.6666666865348816,-0.054045886
V2X1NU5RkwY$_$3,0.3333333432674408,-0.012814939
V2X1NU5RkwY$_$2,0.0,0.118555024
V2X1NU5RkwY$_$5,0.0,0.63460976
V2X1NU5RkwY$_$7,0.0,0.48641247
V2X1NU5RkwY$_$6,-0.3333333432674408,0.21302138
V7OFSHYcQD0$_$8,-0.3333333432674408,-0.089736104
VDkBM0ZG4q8$_$10,0.0,0.23959635
VDkBM0ZG4q8$_$1,0.3333333432674408,0.10284444
VDkBM0ZG4q8$_$0,0.3333333432674408,-0.09285273
VDkBM0ZG4q8$_$3,0.6666666865348816,0.98378485
VDkBM0ZG4q8$_$2,0.0,-0.11226334
VDkBM0ZG4q8$_$5,0.0,0.5711657
VDkBM0ZG4q8$_$4,0.0,-0.21126951
VDkBM0ZG4q8$_$7,0.3333333432674408,0.9521301
VDkBM0ZG4q8$_$6,0.3333333432674408,0.272688
VIVkYG31Oas$_$0,1.0,0.03016387
VLQgw-88v4Q$_$11,2.0,1.3422488
VLQgw-88v4Q$_$10,2.3333332538604736,0.9360906
VLQgw-88v4Q$_$0,0.0,1.0918413
VLQgw-88v4Q$_$3,1.6666666269302368,1.1254495
VLQgw-88v4Q$_$2,1.0,1.2728385
VLQgw-88v4Q$_$7,2.3333332538604736,2.1469214
VLQgw-88v4Q$_$6,1.6666666269302368,1.1369652
VLQgw-88v4Q$_$9,1.3333333730697632,0.4386832
VLQgw-88v4Q$_$8,1.3333333730697632,1.2251633
VS7xSvno7NA$_$11,1.0,0.5359325
VS7xSvno7NA$_$13,0.3333333432674408,0.49476033
VS7xSvno7NA$_$12,0.3333333432674408,0.14705248
VS7xSvno7NA$_$1,-1.3333333730697632,-0.1266583
VS7xSvno7NA$_$5,-0.6666666865348816,-0.69932556
VS7xSvno7NA$_$7,-0.6666666865348816,-0.29620844
VS7xSvno7NA$_$6,0.0,0.38116497
VS7xSvno7NA$_$9,1.0,0.60190535
VVtx4IDsHZA$_$2,-0.6666666865348816,-0.38645798
VXy21GwGs8o$_$0,0.0,0.46202362
VXy21GwGs8o$_$2,1.6666666269302368,1.0847093
Vdf1McvE9ao$_$11,0.0,-0.033528432
Vdf1McvE9ao$_$10,0.3333333432674408,-0.40247494
Vdf1McvE9ao$_$15,-0.6666666865348816,-0.55509007
Vdf1McvE9ao$_$14,-0.6666666865348816,-0.3049599
Vdf1McvE9ao$_$17,0.0,0.018575784
Vdf1McvE9ao$_$16,-0.6666666865348816,-0.43918186
Vdf1McvE9ao$_$19,-0.6666666865348816,-0.47181863
Vdf1McvE9ao$_$18,-0.6666666865348816,-0.6168312
Vdf1McvE9ao$_$0,0.6666666865348816,0.2868613
Vdf1McvE9ao$_$2,0.3333333432674408,0.3817376
Vdf1McvE9ao$_$5,1.0,0.92577434
Vdf1McvE9ao$_$7,1.0,0.2365007
Vdf1McvE9ao$_$9,0.0,-0.36341244
Vlas-mPydcg$_$11,1.6666666269302368,1.157938
Vlas-mPydcg$_$17,0.6666666865348816,0.05797503
Vlas-mPydcg$_$19,0.0,-0.5233598
Vlas-mPydcg$_$3,1.0,0.96271133
Vlas-mPydcg$_$5,0.3333333432674408,-0.5031942
Vlas-mPydcg$_$4,2.6666667461395264,1.5905513
VsXGwSZazwA$_$10,0.6666666865348816,-0.37204117
VsXGwSZazwA$_$1,0.0,-0.094983384
VsXGwSZazwA$_$0,1.3333333730697632,0.2676608
VsXGwSZazwA$_$2,1.0,0.077243105
VsXGwSZazwA$_$4,0.0,-0.24186353
VsXGwSZazwA$_$7,0.0,0.2223242
VsXGwSZazwA$_$6,1.6666666269302368,0.043154992
VsXGwSZazwA$_$8,1.6666666269302368,0.109184615
VwGPIUNayKM$_$1,0.0,0.33729732
VwGPIUNayKM$_$0,0.0,-0.21223433
VwGPIUNayKM$_$3,0.0,0.6567464
VwGPIUNayKM$_$2,0.0,0.6860151
VwGPIUNayKM$_$5,-1.0,0.040880617
VwGPIUNayKM$_$4,-0.3333333432674408,-0.0013635196
VwGPIUNayKM$_$7,0.6666666865348816,0.71699506
VwGPIUNayKM$_$6,0.6666666865348816,0.29031485
VwGPIUNayKM$_$8,1.0,0.45420158
W1CWpktWtTs$_$10,2.6666667461395264,1.8426265
W1CWpktWtTs$_$1,1.3333333730697632,0.6221409
W1CWpktWtTs$_$0,1.0,-0.16744302
W1CWpktWtTs$_$3,0.3333333432674408,0.011929192
W1CWpktWtTs$_$2,0.0,0.011065185
W1CWpktWtTs$_$5,1.0,0.94603443
W1CWpktWtTs$_$4,1.3333333730697632,1.1888998
W1CWpktWtTs$_$7,0.0,0.06324729
W1CWpktWtTs$_$9,0.6666666865348816,0.0039356016
W1CWpktWtTs$_$8,0.0,-0.09696002
WBA79Q3e_PU$_$0,1.0,0.3771488
WJM8u2I2rQ4$_$13,0.0,0.36028856
WJM8u2I2rQ4$_$5,0.0,0.13451794
WJM8u2I2rQ4$_$3,0.6666666865348816,0.24681701
WQFRctNL8AA$_$0,0.0,-0.81444824
WQFRctNL8AA$_$2,-0.6666666865348816,-0.037932694
WbtsuXkaGeg$_$1,0.6666666865348816,0.45320195
WbtsuXkaGeg$_$12,0.0,0.13878442
WfNiQBXmPw8$_$1,0.0,0.3563077
WfNiQBXmPw8$_$0,0.0,0.04130817
WfNiQBXmPw8$_$3,-0.3333333432674408,-0.63997734
WfNiQBXmPw8$_$2,-1.3333333730697632,0.17050436
WfNiQBXmPw8$_$5,0.3333333432674408,-0.61214495
WfNiQBXmPw8$_$4,0.3333333432674408,-0.45744628
WfNiQBXmPw8$_$7,0.0,-0.22099783
WfNiQBXmPw8$_$6,-1.6666666269302368,0.47751868
WfNiQBXmPw8$_$9,0.0,-0.18628044
WfNiQBXmPw8$_$8,0.3333333432674408,0.02731964
WgI8IbJtXHw$_$0,0.0,1.1965733
WgI8IbJtXHw$_$3,2.0,0.8294288
Wmhif6hmPTQ$_$3,0.0,-0.08624266
Wmhif6hmPTQ$_$13,0.0,0.10402484
Wmhif6hmPTQ$_$16,0.0,0.40159166
WoL4fCxGd8Q$_$11,-2.3333332538604736,0.16580184
WoL4fCxGd8Q$_$10,-0.3333333432674408,0.079273306
WoL4fCxGd8Q$_$13,0.3333333432674408,1.1330013
WoL4fCxGd8Q$_$12,0.0,-0.20190103
WoL4fCxGd8Q$_$15,-1.6666666269302368,-0.18088242
WoL4fCxGd8Q$_$14,-0.3333333432674408,0.053250358
WoL4fCxGd8Q$_$17,-0.3333333432674408,0.3773607
WoL4fCxGd8Q$_$1,0.0,0.60271317
WoL4fCxGd8Q$_$0,0.0,0.7556785
WoL4fCxGd8Q$_$2,0.0,0.55985284
WoL4fCxGd8Q$_$5,0.0,-0.11123149
WoL4fCxGd8Q$_$7,-2.3333332538604736,-1.5561019
WoL4fCxGd8Q$_$8,1.0,2.1028504
Wu-wQTmxRgo$_$2,0.6666666865348816,0.45880872
Wu-wQTmxRgo$_$4,2.0,0.25173277
WuaoxGAKue0$_$7,-0.3333333432674408,-0.82641184
X2Hs89fZ2-c$_$13,0.0,0.08093098
X2Hs89fZ2-c$_$27,0.0,0.19873743
X2Hs89fZ2-c$_$20,0.3333333432674408,0.23929724
X2Hs89fZ2-c$_$21,1.0,1.1951765
X2Hs89fZ2-c$_$22,1.0,0.27256006
X2Hs89fZ2-c$_$16,0.0,0.53642577
X2Hs89fZ2-c$_$19,1.3333333730697632,0.5170147
X2Hs89fZ2-c$_$32,0.0,0.28522405
X2Hs89fZ2-c$_$31,0.3333333432674408,0.20504422
X2Hs89fZ2-c$_$30,0.0,0.7616111
X2Hs89fZ2-c$_$28,0.0,0.65654343
X2Hs89fZ2-c$_$1,0.3333333432674408,0.44157517
X2Hs89fZ2-c$_$0,0.3333333432674408,0.3703028
X2Hs89fZ2-c$_$3,0.0,0.114503875
X2Hs89fZ2-c$_$2,0.0,0.17523453
X2Hs89fZ2-c$_$5,0.0,0.3653652
X2Hs89fZ2-c$_$4,1.0,0.33657253
X2Hs89fZ2-c$_$7,0.6666666865348816,0.20940866
X2Hs89fZ2-c$_$6,0.0,0.5941124
X2Hs89fZ2-c$_$9,0.3333333432674408,0.5267643
X2Hs89fZ2-c$_$14,0.3333333432674408,0.37036818
X6N7UEFJLNY$_$0,0.3333333432674408,0.2804339
X6N7UEFJLNY$_$3,0.3333333432674408,0.55822766
X6N7UEFJLNY$_$2,0.0,-0.095558
X6N7UEFJLNY$_$5,1.0,1.957305
X6N7UEFJLNY$_$4,0.6666666865348816,0.75146186
XDVit9ASVUg$_$3,0.0,0.09241487
XDVit9ASVUg$_$2,0.3333333432674408,0.39694917
XKyumlBmix8$_$0,0.0,0.21089645
XKyumlBmix8$_$2,-0.6666666865348816,-0.51694405
XKyumlBmix8$_$5,0.0,0.17727342
XKyumlBmix8$_$4,0.0,0.22293131
XKyumlBmix8$_$9,0.6666666865348816,-0.033279523
XKyumlBmix8$_$8,0.6666666865348816,-0.10306783
XLjpZUsFEXo$_$11,0.6666666865348816,0.19106084
XLjpZUsFEXo$_$10,1.3333333730697632,0.50710493
XLjpZUsFEXo$_$12,1.0,0.6044061
XLjpZUsFEXo$_$5,0.3333333432674408,0.88855815
XLjpZUsFEXo$_$7,0.3333333432674408,0.6370052
XVWiAArXYpE$_$11,0.0,-0.42373282
XVWiAArXYpE$_$13,0.3333333432674408,0.056210272
XVWiAArXYpE$_$12,0.0,0.25447825
XVWiAArXYpE$_$0,-0.3333333432674408,0.08079088
XVWiAArXYpE$_$3,-0.6666666865348816,-0.32679552
XVWiAArXYpE$_$2,0.0,-0.6287098
XVWiAArXYpE$_$5,-1.3333333730697632,-0.1657327
XVWiAArXYpE$_$4,-2.0,-0.25480628
XVWiAArXYpE$_$6,-0.3333333432674408,-0.7005427
XVWiAArXYpE$_$9,-0.3333333432674408,-0.22247933
XWIp0zH3qDM$_$1,1.0,0.16670863
X_TusmBIlC0$_$9,0.0,0.19644555
X_TusmBIlC0$_$5,0.0,0.2415701
Xa086gxLJ3Y$_$12,0.3333333432674408,0.17035939
Xa086gxLJ3Y$_$2,0.3333333432674408,0.007906359
Xa086gxLJ3Y$_$4,0.3333333432674408,-0.29083288
XadAy93f1P8$_$0,0.0,0.47051978
XbkYA-iXUwA$_$1,0.3333333432674408,0.13906291
XbkYA-iXUwA$_$0,0.0,0.13011184
XbkYA-iXUwA$_$2,0.0,0.41130072
XbkYA-iXUwA$_$5,0.3333333432674408,-0.13521484
XbkYA-iXUwA$_$4,-0.6666666865348816,-1.3644543
XlTYSOaZ_vM$_$1,0.6666666865348816,0.7053664
XlTYSOaZ_vM$_$0,1.0,0.6924028
XrNaL-MTjXg$_$3,0.0,0.6512336
XrNaL-MTjXg$_$2,0.6666666865348816,1.0271639
XrNaL-MTjXg$_$4,1.0,0.83893
XrNaL-MTjXg$_$7,1.3333333730697632,0.10575937
XrNaL-MTjXg$_$6,2.6666667461395264,1.6431597
Xy57UpKRNEo$_$0,0.0,0.3047118
Xy57UpKRNEo$_$2,0.0,0.45726323
Xy57UpKRNEo$_$5,0.6666666865348816,0.5482676
Xy57UpKRNEo$_$4,0.3333333432674408,0.101539135
Xy57UpKRNEo$_$7,-1.0,-0.397318
Xy57UpKRNEo$_$6,0.0,-0.09720495
Y2F51I-dzAg$_$1,0.6666666865348816,0.032220718
Y2F51I-dzAg$_$0,-0.3333333432674408,-0.26805466
Y2F51I-dzAg$_$3,0.3333333432674408,-0.06080453
Y2F51I-dzAg$_$5,0.0,0.09086084
Y2F51I-dzAg$_$4,1.0,0.15212594
Y2F51I-dzAg$_$6,-0.3333333432674408,0.45656806
Y8dI1GTWCk4$_$10,-1.0,0.52973676
Y8dI1GTWCk4$_$1,0.3333333432674408,-0.80964243
Y8dI1GTWCk4$_$2,0.6666666865348816,-0.5094917
Y8dI1GTWCk4$_$5,0.0,0.49598318
Y8dI1GTWCk4$_$4,0.0,0.027723
Y8dI1GTWCk4$_$7,0.0,0.0091609545
Y8dI1GTWCk4$_$6,1.3333333730697632,0.8552552
Y8dI1GTWCk4$_$8,0.0,0.20673631
YCEllKyaCrc$_$11,-2.0,-1.2494706
YCEllKyaCrc$_$10,0.3333333432674408,-1.0864872
YCEllKyaCrc$_$6,0.3333333432674408,-0.053925224
YCI-ZzclIPQ$_$2,0.0,0.34007823
YLK58srjhNI$_$1,-1.0,-0.30931532
YLK58srjhNI$_$8,-0.3333333432674408,-0.42222083
YLK58srjhNI$_$3,0.6666666865348816,0.51331383
YLK58srjhNI$_$2,0.3333333432674408,0.26788816
YLK58srjhNI$_$4,1.3333333730697632,1.6435453
YQZPnHZRp1w$_$1,0.3333333432674408,0.33162218
YUNxD04EvfE$_$11,-0.3333333432674408,0.22516555
YUNxD04EvfE$_$10,0.6666666865348816,0.7149222
YUNxD04EvfE$_$15,0.6666666865348816,0.66380966
YUNxD04EvfE$_$14,0.0,0.045429766
YUNxD04EvfE$_$1,-0.3333333432674408,0.04937376
YUNxD04EvfE$_$0,0.6666666865348816,0.6346098
YUNxD04EvfE$_$2,0.3333333432674408,0.907032
YUNxD04EvfE$_$4,0.6666666865348816,0.13973942
YUNxD04EvfE$_$6,-0.6666666865348816,0.11659437
YUNxD04EvfE$_$9,0.3333333432674408,0.6627563
YgyeyooSz0g$_$4,-0.3333333432674408,0.55878496
YsMM_1R1vtw$_$10,-0.3333333432674408,-0.5958248
YsMM_1R1vtw$_$2,1.0,0.22530079
YsMM_1R1vtw$_$0,1.3333333730697632,0.4045071
YsMM_1R1vtw$_$4,1.3333333730697632,0.7162068
YsMM_1R1vtw$_$6,0.6666666865348816,0.46024096
Z4iYSMMMycQ$_$0,0.0,-0.18542735
Z4iYSMMMycQ$_$4,0.6666666865348816,0.7239702
ZHUFlEgKk-w$_$1,0.3333333432674408,0.2587438
ZHUFlEgKk-w$_$0,-0.3333333432674408,-0.5696175
ZHUFlEgKk-w$_$3,0.6666666865348816,1.3501722
ZHUFlEgKk-w$_$4,1.0,0.8252592
ZKErPftd--w$_$11,1.3333333730697632,0.93208057
ZKErPftd--w$_$10,0.3333333432674408,0.6934954
ZKErPftd--w$_$1,-1.3333333730697632,-0.5168342
ZKErPftd--w$_$0,-0.3333333432674408,-0.95360494
ZKErPftd--w$_$3,-1.0,-1.4547292
ZKErPftd--w$_$5,-0.3333333432674408,0.33766574
ZKErPftd--w$_$4,-1.3333333730697632,-0.16882406
ZKErPftd--w$_$7,0.6666666865348816,-0.561229
ZKErPftd--w$_$6,0.6666666865348816,1.5224442
ZKErPftd--w$_$9,0.0,0.04328723
ZKKNd0zR8Io$_$5,0.0,-0.84192127
ZKZ8UjaQQT4$_$8,0.6666666865348816,1.0861281
ZKZ8UjaQQT4$_$7,0.0,0.31006205
ZS1Nb0OWYNE$_$11,0.6666666865348816,0.9325367
ZS1Nb0OWYNE$_$10,0.6666666865348816,1.2631853
ZS1Nb0OWYNE$_$13,0.6666666865348816,0.841125
ZS1Nb0OWYNE$_$12,2.0,1.0198364
ZS1Nb0OWYNE$_$15,0.0,1.2869474
ZS1Nb0OWYNE$_$14,1.3333333730697632,0.8435675
ZS1Nb0OWYNE$_$16,2.0,1.9480168
ZS1Nb0OWYNE$_$1,0.3333333432674408,0.5661007
ZS1Nb0OWYNE$_$0,0.0,0.712407
ZS1Nb0OWYNE$_$3,1.0,0.29696006
ZS1Nb0OWYNE$_$2,1.0,0.8270417
ZS1Nb0OWYNE$_$5,0.6666666865348816,0.54619044
ZS1Nb0OWYNE$_$4,1.3333333730697632,0.6269231
ZS1Nb0OWYNE$_$7,1.0,1.5367936
ZS1Nb0OWYNE$_$9,2.6666667461395264,1.2327921
ZS1Nb0OWYNE$_$8,0.0,0.6464903
Zb7bdrjWyEY$_$3,-2.3333332538604736,-0.9014612
ZcFzcd4ZoMg$_$10,1.0,0.5534958
ZcFzcd4ZoMg$_$0,0.0,0.81304395
ZcFzcd4ZoMg$_$3,0.0,0.50193065
ZcFzcd4ZoMg$_$5,1.3333333730697632,0.4795547
ZcFzcd4ZoMg$_$4,-0.3333333432674408,-1.097724
ZcFzcd4ZoMg$_$7,1.0,1.1979574
ZcFzcd4ZoMg$_$6,1.6666666269302368,0.19252919
ZcFzcd4ZoMg$_$8,0.3333333432674408,0.51497364
ZeH7gZw94k0$_$1,1.6666666269302368,0.9795157
ZsLrKF7_Oos$_$1,0.0,-0.123468414
ZsLrKF7_Oos$_$0,0.6666666865348816,0.84477204
ZtocGyL3Tfc$_$11,0.3333333432674408,-0.69420177
ZtocGyL3Tfc$_$24,0.6666666865348816,-0.25609386
ZtocGyL3Tfc$_$13,1.0,-0.04070893
ZtocGyL3Tfc$_$12,-0.3333333432674408,-0.7690584
ZtocGyL3Tfc$_$20,0.6666666865348816,0.3030814
ZtocGyL3Tfc$_$14,0.0,-0.002456814
ZtocGyL3Tfc$_$17,1.0,-0.010431662
ZtocGyL3Tfc$_$10,1.0,0.17486371
ZtocGyL3Tfc$_$1,0.0,0.71902823
ZtocGyL3Tfc$_$3,0.3333333432674408,0.53433675
ZtocGyL3Tfc$_$2,-1.3333333730697632,-0.48165882
ZtocGyL3Tfc$_$7,0.6666666865348816,0.2838875
ZtocGyL3Tfc$_$6,1.3333333730697632,0.6202831
ZtocGyL3Tfc$_$9,1.6666666269302368,0.28909218
ZtocGyL3Tfc$_$8,0.3333333432674408,0.53843606
ZznoGQVwTtw$_$1,-0.6666666865348816,-0.15589246
ZznoGQVwTtw$_$3,0.6666666865348816,0.75424916
ZznoGQVwTtw$_$2,1.3333333730697632,0.768366
ZznoGQVwTtw$_$5,0.6666666865348816,0.3356135
ZznoGQVwTtw$_$4,1.6666666269302368,1.2405233
ZznoGQVwTtw$_$7,1.3333333730697632,0.5442356
ZznoGQVwTtw$_$6,0.0,0.637921
ZznoGQVwTtw$_$8,-1.6666666269302368,-0.3704763
_0efYOjQYRc$_$3,0.3333333432674408,0.41177785
_0efYOjQYRc$_$4,0.6666666865348816,0.51847655
_1nvuNk7EFY$_$11,0.3333333432674408,0.4564597
_1nvuNk7EFY$_$10,-0.3333333432674408,-0.7653477
_1nvuNk7EFY$_$13,0.0,0.19947423
_1nvuNk7EFY$_$12,0.6666666865348816,0.6903732
_1nvuNk7EFY$_$20,0.0,0.67504746
_1nvuNk7EFY$_$21,-0.3333333432674408,-0.037909
_1nvuNk7EFY$_$16,0.0,0.5726043
_1nvuNk7EFY$_$19,-0.3333333432674408,0.38413256
_1nvuNk7EFY$_$18,0.3333333432674408,-0.20419954
_1nvuNk7EFY$_$5,0.0,0.08842668
_1nvuNk7EFY$_$17,0.0,0.048952483
_1nvuNk7EFY$_$6,1.6666666269302368,-0.45030272
_1nvuNk7EFY$_$8,1.3333333730697632,0.5152556
_OmWVs0-6UM$_$0,0.0,0.34873033
_OmWVs0-6UM$_$3,1.3333333730697632,1.0682894
_OmWVs0-6UM$_$2,0.6666666865348816,0.9207653
_OmWVs0-6UM$_$5,2.3333332538604736,1.245687
_WA0HtVEe8U$_$0,-0.3333333432674408,0.056353144
_aJghSQmxD8$_$12,0.6666666865348816,0.4439134
_aJghSQmxD8$_$7,0.3333333432674408,0.475605
_aJghSQmxD8$_$6,0.6666666865348816,0.3799187
_on_E-ZWy0I$_$20,-1.3333333730697632,-0.0814783
_on_E-ZWy0I$_$21,1.3333333730697632,0.85704315
_on_E-ZWy0I$_$22,2.0,0.83039784
_on_E-ZWy0I$_$1,0.0,-0.2495081
_on_E-ZWy0I$_$0,0.0,-0.3999341
_on_E-ZWy0I$_$3,0.0,-0.26576608
_on_E-ZWy0I$_$2,0.6666666865348816,0.24758954
_on_E-ZWy0I$_$5,-0.3333333432674408,-0.61109424
_on_E-ZWy0I$_$4,1.0,0.2952196
_on_E-ZWy0I$_$7,0.0,-0.12793405
_on_E-ZWy0I$_$6,-0.3333333432674408,0.101859316
_on_E-ZWy0I$_$9,0.0,0.024432898
_on_E-ZWy0I$_$8,0.3333333432674408,-0.16227545
_on_E-ZWy0I$_$11,0.0,-0.0073738173
_on_E-ZWy0I$_$10,0.3333333432674408,0.30529183
_on_E-ZWy0I$_$13,-0.6666666865348816,-0.63333035
_on_E-ZWy0I$_$12,-1.0,0.47453612
_on_E-ZWy0I$_$15,0.3333333432674408,0.401937
_on_E-ZWy0I$_$14,0.0,-0.039615557
_on_E-ZWy0I$_$17,2.0,0.9641526
_on_E-ZWy0I$_$16,0.6666666865348816,0.07683819
_on_E-ZWy0I$_$19,-0.6666666865348816,-0.2918663
_on_E-ZWy0I$_$18,0.0,-0.054909512
_q7DM8WkzAQ$_$15,1.0,1.1810476
_q7DM8WkzAQ$_$17,0.3333333432674408,0.9525608
_q7DM8WkzAQ$_$3,0.6666666865348816,0.26156205
_q7DM8WkzAQ$_$2,-0.6666666865348816,-0.46154773
_q7DM8WkzAQ$_$4,0.3333333432674408,0.24396558
_q7DM8WkzAQ$_$9,-1.0,-0.25513405
a4PHWxILDp0$_$11,0.0,0.01467441
a4PHWxILDp0$_$10,0.0,-0.53236365
a4PHWxILDp0$_$13,-0.3333333432674408,0.6808084
a4PHWxILDp0$_$15,0.0,-0.14120941
a4PHWxILDp0$_$17,0.0,-0.103237376
a4PHWxILDp0$_$16,0.0,0.42221767
a4PHWxILDp0$_$19,0.0,-0.061737373
a4PHWxILDp0$_$0,0.0,0.21263835
a4PHWxILDp0$_$2,-0.6666666865348816,-0.5309342
a4PHWxILDp0$_$4,0.0,0.61494535
a4PHWxILDp0$_$7,0.3333333432674408,0.11348793
a4PHWxILDp0$_$6,0.6666666865348816,0.24170776
a4PHWxILDp0$_$9,0.0,0.32915843
a4PHWxILDp0$_$8,0.0,0.124015614
a8UMRrUjavI$_$10,-0.6666666865348816,0.14728
a8UMRrUjavI$_$3,0.0,-0.010859668
a8UMRrUjavI$_$2,-0.3333333432674408,-0.6530735
a8UMRrUjavI$_$5,-1.3333333730697632,-1.0580734
a8UMRrUjavI$_$9,-0.6666666865348816,0.0112058595
a8UMRrUjavI$_$8,-0.3333333432674408,-0.35199493
aa0J1AXSseY$_$1,1.0,0.87758446
aa0J1AXSseY$_$0,0.3333333432674408,0.6244817
aa0J1AXSseY$_$3,2.3333332538604736,1.4057821
aa0J1AXSseY$_$2,2.0,1.427823
absh1hsZeF0$_$2,-0.6666666865348816,-0.1439036
absh1hsZeF0$_$5,0.0,0.95298564
absh1hsZeF0$_$4,1.0,0.5569544
absh1hsZeF0$_$7,0.6666666865348816,1.04933
absh1hsZeF0$_$6,1.0,0.5557599
ahG9c_uaf8s$_$1,0.3333333432674408,0.6117357
ahG9c_uaf8s$_$0,0.0,0.48015696
ahG9c_uaf8s$_$3,0.3333333432674408,0.7330432
ahG9c_uaf8s$_$4,1.3333333730697632,0.2721417
an_GzG40hcE$_$0,0.6666666865348816,0.8284948
an_GzG40hcE$_$13,1.6666666269302368,0.90648973
an_GzG40hcE$_$2,1.6666666269302368,0.71578425
an_GzG40hcE$_$15,2.0,0.98886
an_GzG40hcE$_$7,0.3333333432674408,-0.5121788
b86B3hP8ARM$_$11,0.0,0.21048225
b86B3hP8ARM$_$5,0.3333333432674408,0.33639765
b92iw0OAnI4$_$1,-0.3333333432674408,-0.72644216
b92iw0OAnI4$_$3,0.0,0.014204711
b92iw0OAnI4$_$7,1.3333333730697632,0.2968886
bCBMKwafZKY$_$1,0.6666666865348816,0.8243451
bNQOeiAotbk$_$10,1.6666666269302368,1.4739133
bNQOeiAotbk$_$1,0.3333333432674408,0.37351543
bNQOeiAotbk$_$0,2.3333332538604736,1.1825527
bNQOeiAotbk$_$3,0.3333333432674408,0.43919724
bNQOeiAotbk$_$2,0.3333333432674408,0.8384259
bNQOeiAotbk$_$5,1.0,0.28118542
bNQOeiAotbk$_$4,1.0,0.7421349
bNQOeiAotbk$_$7,0.3333333432674408,0.11267446
bNQOeiAotbk$_$6,0.6666666865348816,0.638966
bNQOeiAotbk$_$9,0.0,0.8938743
bNQOeiAotbk$_$8,0.0,-0.13754004
bWmrrWQOVCM$_$10,0.3333333432674408,0.77639693
bWmrrWQOVCM$_$13,0.3333333432674408,0.5005453
bWmrrWQOVCM$_$2,0.0,0.4481722
bdFCD-3BCRg$_$24,1.3333333730697632,0.8312069
bdFCD-3BCRg$_$25,0.6666666865348816,1.1947323
bdFCD-3BCRg$_$20,1.3333333730697632,0.6564317
bdFCD-3BCRg$_$21,0.0,0.19622357
bdFCD-3BCRg$_$22,1.0,0.7754817
bdFCD-3BCRg$_$23,1.3333333730697632,0.52222466
bdFCD-3BCRg$_$1,1.0,0.7111286
bdFCD-3BCRg$_$0,0.3333333432674408,0.59670866
bdFCD-3BCRg$_$3,2.3333332538604736,1.247421
bdFCD-3BCRg$_$2,1.0,0.7971282
bdFCD-3BCRg$_$5,0.6666666865348816,0.42178482
bdFCD-3BCRg$_$4,0.6666666865348816,0.69448924
bdFCD-3BCRg$_$7,0.6666666865348816,0.18029858
bdFCD-3BCRg$_$6,1.6666666269302368,0.48389137
bdFCD-3BCRg$_$9,1.0,0.39977562
bdFCD-3BCRg$_$8,0.3333333432674408,0.30466205
bdFCD-3BCRg$_$11,0.6666666865348816,0.50315773
bdFCD-3BCRg$_$10,0.6666666865348816,0.4508695
bdFCD-3BCRg$_$13,0.3333333432674408,0.61461246
bdFCD-3BCRg$_$12,1.0,0.22648926
bdFCD-3BCRg$_$15,1.0,0.35577464
bdFCD-3BCRg$_$14,0.6666666865348816,0.3799343
bdFCD-3BCRg$_$17,1.3333333730697632,0.3175096
bdFCD-3BCRg$_$16,0.3333333432674408,0.02908365
bdFCD-3BCRg$_$19,1.0,0.6070241
bdFCD-3BCRg$_$18,0.0,0.36432922
bkX5FOX22Tw$_$1,0.0,0.53008777
bkX5FOX22Tw$_$0,0.0,0.25621384
bkX5FOX22Tw$_$2,0.3333333432674408,0.090985514
bkX5FOX22Tw$_$5,-0.3333333432674408,0.07789859
bkX5FOX22Tw$_$4,0.3333333432674408,0.5492152
bkX5FOX22Tw$_$7,0.0,0.033678055
bkX5FOX22Tw$_$6,0.0,0.29553476
bnzVR2ETQQ8$_$0,-0.3333333432674408,-0.5715755
bnzVR2ETQQ8$_$3,1.3333333730697632,0.8567382
bnzVR2ETQQ8$_$2,-0.6666666865348816,0.22484644
bvycs3BXtx0$_$3,0.0,1.0033703
bvycs3BXtx0$_$2,-1.3333333730697632,0.046508744
c5VEvmutmVg$_$11,2.0,1.2415966
c5VEvmutmVg$_$10,1.3333333730697632,0.611389
c5VEvmutmVg$_$13,1.0,0.6854746
c5VEvmutmVg$_$12,0.0,-0.38135618
c5VEvmutmVg$_$15,-0.3333333432674408,0.051495522
c5VEvmutmVg$_$14,0.0,-1.0049863
c5VEvmutmVg$_$17,0.6666666865348816,0.41894203
c5VEvmutmVg$_$16,0.0,-0.89707416
c5VEvmutmVg$_$19,0.0,0.47942638
c5VEvmutmVg$_$18,1.0,0.41148412
c5VEvmutmVg$_$1,1.0,1.8813864
c5VEvmutmVg$_$0,1.6666666269302368,1.7062985
c5VEvmutmVg$_$3,0.6666666865348816,-0.7785235
c5VEvmutmVg$_$2,1.0,0.5358073
c5VEvmutmVg$_$5,1.3333333730697632,1.1713492
c5VEvmutmVg$_$4,2.0,1.6671124
c5VEvmutmVg$_$7,2.0,1.5660187
c5VEvmutmVg$_$6,1.6666666269302368,1.4326419
c5VEvmutmVg$_$9,1.3333333730697632,1.5169836
c5VEvmutmVg$_$8,2.3333332538604736,2.0078094
c5zxqITn3ZM$_$1,0.3333333432674408,0.6530961
c5zxqITn3ZM$_$3,0.0,0.5071353
c5zxqITn3ZM$_$5,0.6666666865348816,-0.22525151
c5zxqITn3ZM$_$4,1.3333333730697632,1.0197812
c5zxqITn3ZM$_$6,1.0,0.92214584
c5zxqITn3ZM$_$9,0.6666666865348816,0.46886188
c5zxqITn3ZM$_$8,0.6666666865348816,0.68573123
c9hE1ghElrM$_$1,0.0,1.0124265
c9hE1ghElrM$_$0,0.0,0.25596747
c9hE1ghElrM$_$3,-1.3333333730697632,-0.28140968
c9hE1ghElrM$_$2,0.0,-0.10266048
c9hE1ghElrM$_$4,0.0,-1.4582063
cW-aX4dPVfk$_$24,1.6666666269302368,0.5444934
cW-aX4dPVfk$_$25,0.0,-0.27505165
cW-aX4dPVfk$_$26,2.0,2.0556984
cW-aX4dPVfk$_$27,1.6666666269302368,-0.067301184
cW-aX4dPVfk$_$20,0.0,0.22975756
cW-aX4dPVfk$_$21,-0.3333333432674408,0.28631735
cW-aX4dPVfk$_$22,2.3333332538604736,2.2266006
cW-aX4dPVfk$_$23,1.6666666269302368,0.31430036
cW-aX4dPVfk$_$29,1.3333333730697632,0.6131418
cW-aX4dPVfk$_$40,1.3333333730697632,0.7606123
cW-aX4dPVfk$_$41,1.0,0.47845012
cW-aX4dPVfk$_$1,0.0,-0.84806967
cW-aX4dPVfk$_$0,0.3333333432674408,0.26966268
cW-aX4dPVfk$_$3,0.0,0.6906918
cW-aX4dPVfk$_$2,0.3333333432674408,-0.03698483
cW-aX4dPVfk$_$5,0.3333333432674408,-0.22748853
cW-aX4dPVfk$_$4,-0.3333333432674408,0.3284502
cW-aX4dPVfk$_$7,0.3333333432674408,0.81640196
cW-aX4dPVfk$_$6,0.0,0.11707139
cW-aX4dPVfk$_$9,0.0,-0.81968176
cW-aX4dPVfk$_$8,0.3333333432674408,0.026127346
cW-aX4dPVfk$_$39,1.3333333730697632,0.2969552
cW-aX4dPVfk$_$38,0.6666666865348816,0.6294466
cW-aX4dPVfk$_$11,0.3333333432674408,0.76784956
cW-aX4dPVfk$_$10,0.0,-0.7510321
cW-aX4dPVfk$_$13,0.6666666865348816,0.7920687
cW-aX4dPVfk$_$12,1.3333333730697632,-0.22581406
cW-aX4dPVfk$_$15,1.0,-1.0441393
cW-aX4dPVfk$_$14,1.3333333730697632,0.29465622
cW-aX4dPVfk$_$19,0.0,-0.045837216
cW-aX4dPVfk$_$32,1.6666666269302368,0.11390947
cW-aX4dPVfk$_$31,0.6666666865348816,0.2083173
cW-aX4dPVfk$_$30,2.3333332538604736,2.262568
cW-aX4dPVfk$_$37,0.6666666865348816,0.8390154
cW-aX4dPVfk$_$36,-1.3333333730697632,-1.4229493
cW-aX4dPVfk$_$35,1.3333333730697632,0.52627146
cW-aX4dPVfk$_$34,-1.3333333730697632,-0.71338564
cW-aX4dPVfk$_$33,2.0,1.5437413
cX8FScpsfLE$_$1,-0.3333333432674408,0.006855339
cX8FScpsfLE$_$0,0.3333333432674408,-0.39460027
cY8DcaHXNNs$_$9,0.6666666865348816,1.1624546
cY8DcaHXNNs$_$5,0.0,1.1285397
cY8DcaHXNNs$_$4,0.3333333432674408,0.6493795
cia8OM3Oe7Q$_$0,2.0,1.2811219
cml9rShionM$_$11,1.0,-0.33414358
cml9rShionM$_$10,0.0,-0.04985868
cml9rShionM$_$14,0.0,0.6410717
cml9rShionM$_$3,-0.3333333432674408,0.93868256
cml9rShionM$_$5,0.0,-0.74077463
cml9rShionM$_$7,0.0,0.45671362
cml9rShionM$_$8,0.0,0.22960298
cn0WZ8-0Z1Y$_$10,0.6666666865348816,-0.72002023
cn0WZ8-0Z1Y$_$3,-0.3333333432674408,-0.33208257
cn0WZ8-0Z1Y$_$2,0.3333333432674408,-0.3559007
cn0WZ8-0Z1Y$_$5,-1.0,-0.46870637
cn0WZ8-0Z1Y$_$4,0.3333333432674408,0.32674474
cn0WZ8-0Z1Y$_$7,1.0,0.30995578
cn0WZ8-0Z1Y$_$6,-0.6666666865348816,-0.47816694
cn0WZ8-0Z1Y$_$9,-1.6666666269302368,-1.2789398
cn0WZ8-0Z1Y$_$8,0.3333333432674408,0.20305967
ctAZf4sMBUQ$_$1,1.6666666269302368,0.31780136
ctAZf4sMBUQ$_$8,1.6666666269302368,1.0927988
ctAZf4sMBUQ$_$0,1.6666666269302368,1.6307169
d-Uw_uZyUys$_$1,-2.3333332538604736,0.55203235
d-Uw_uZyUys$_$0,-0.3333333432674408,-0.7869613
d-Uw_uZyUys$_$2,-1.0,0.23754598
d-Uw_uZyUys$_$7,-1.0,0.43254864
d-Uw_uZyUys$_$6,-2.3333332538604736,-0.74239415
d1CDP6sMuLA$_$11,1.3333333730697632,-0.12130226
d1CDP6sMuLA$_$10,-0.3333333432674408,-0.7795265
d1CDP6sMuLA$_$12,0.6666666865348816,0.19278373
d1CDP6sMuLA$_$15,1.0,0.81484723
d1CDP6sMuLA$_$14,0.6666666865348816,0.029146627
d1CDP6sMuLA$_$19,2.3333332538604736,1.473058
d1CDP6sMuLA$_$18,2.3333332538604736,1.5632386
d1CDP6sMuLA$_$1,1.6666666269302368,0.71999687
d1CDP6sMuLA$_$3,2.0,1.5953504
d1CDP6sMuLA$_$4,2.0,0.8548095
d1CDP6sMuLA$_$6,0.6666666865348816,0.23746723
d1CDP6sMuLA$_$9,0.3333333432674408,-0.4784782
d1CDP6sMuLA$_$8,-1.6666666269302368,-0.44102317
dHk--ExZbHs$_$0,1.0,0.7290252
dHk--ExZbHs$_$7,0.6666666865348816,0.78636646
dHk--ExZbHs$_$6,0.3333333432674408,0.5965041
dHk--ExZbHs$_$8,0.0,0.40845674
dR68gbeOWOc$_$1,0.3333333432674408,0.12023958
dR68gbeOWOc$_$3,0.3333333432674408,0.26828867
dTcz1am1eUw$_$0,0.3333333432674408,0.8908375
dTcz1am1eUw$_$3,0.0,0.41770428
dTcz1am1eUw$_$2,1.3333333730697632,1.2414223
ddWHTdJz2O8$_$1,-0.3333333432674408,0.89079034
ddWHTdJz2O8$_$0,-0.3333333432674408,0.6570953
ddWHTdJz2O8$_$2,0.3333333432674408,1.2120341
dlE05KC95uk$_$11,0.3333333432674408,-0.009721078
dlE05KC95uk$_$12,1.6666666269302368,0.1829939
dlE05KC95uk$_$15,2.0,1.3795446
dlE05KC95uk$_$14,1.6666666269302368,1.4823362
dlE05KC95uk$_$17,0.3333333432674408,-0.2853287
dlE05KC95uk$_$18,1.6666666269302368,0.87101305
dlE05KC95uk$_$2,0.6666666865348816,0.049666286
dlE05KC95uk$_$5,0.0,0.28846025
dlE05KC95uk$_$9,1.0,0.24640995
dxsPkcG-Q30$_$0,1.0,0.07277274
dxsPkcG-Q30$_$3,1.0,0.9572364
eD5cScqaf6c$_$1,0.3333333432674408,1.010022
eD5cScqaf6c$_$0,2.6666667461395264,1.7631676
eD5cScqaf6c$_$3,1.3333333730697632,1.3763593
eE8Qr9fOvVA$_$3,2.3333332538604736,1.9762563
eE8Qr9fOvVA$_$2,-1.3333333730697632,-0.037730336
eE8Qr9fOvVA$_$5,-1.3333333730697632,0.73708916
eE8Qr9fOvVA$_$7,-1.3333333730697632,-0.13456105
eFV7iFPYZB4$_$10,1.3333333730697632,0.6000744
eFV7iFPYZB4$_$13,1.0,0.87749624
eFV7iFPYZB4$_$12,1.6666666269302368,0.6736678
eFV7iFPYZB4$_$14,1.3333333730697632,0.37274164
eFV7iFPYZB4$_$1,2.3333332538604736,0.66364294
eFV7iFPYZB4$_$3,0.6666666865348816,0.28005332
eFV7iFPYZB4$_$5,0.6666666865348816,0.60351974
eFV7iFPYZB4$_$4,1.6666666269302368,0.86500263
eFV7iFPYZB4$_$7,1.6666666269302368,0.6215595
eFV7iFPYZB4$_$6,2.0,0.45413142
eFV7iFPYZB4$_$9,0.0,0.17445114
eFV7iFPYZB4$_$8,0.6666666865348816,-0.22384761
eJfT7-dDqzA$_$3,0.6666666865348816,0.011133853
eJfT7-dDqzA$_$2,0.6666666865348816,0.7983391
eJfT7-dDqzA$_$5,1.0,0.40688485
eJfT7-dDqzA$_$4,0.0,-0.03454382
eJfT7-dDqzA$_$7,0.6666666865348816,0.24215826
eJfT7-dDqzA$_$6,0.6666666865348816,0.1885346
eJfT7-dDqzA$_$8,1.0,0.30003804
eKQKEi2-0Ws$_$0,0.0,0.7817803
eQc5uI7FKCU$_$1,0.0,-0.13868777
eQc5uI7FKCU$_$0,1.0,0.51050603
eQc5uI7FKCU$_$3,0.6666666865348816,-0.28115028
eQc5uI7FKCU$_$5,0.3333333432674408,0.45762897
eQc5uI7FKCU$_$4,1.0,0.13137604
eQc5uI7FKCU$_$6,0.6666666865348816,0.13173154
eREud0qYR3s$_$5,1.3333333730697632,0.5561877
eREud0qYR3s$_$7,1.3333333730697632,0.4760306
eUwbRLhV1vs$_$0,1.0,0.11099103
ehZrOdw6PhA$_$1,-0.6666666865348816,0.5168344
ehZrOdw6PhA$_$0,-0.3333333432674408,-0.008830711
ehZrOdw6PhA$_$4,-0.6666666865348816,-0.25478226
ex-dKshlXoY$_$11,-0.6666666865348816,0.11788399
ex-dKshlXoY$_$8,0.3333333432674408,0.65085995
ex-dKshlXoY$_$6,0.3333333432674408,0.50183797
ey1lr8wFFDc$_$1,0.0,0.48737603
ey1lr8wFFDc$_$0,0.6666666865348816,0.7602595
ey1lr8wFFDc$_$3,0.0,0.16674598
ey1lr8wFFDc$_$2,0.3333333432674408,0.012832809
ezuWKsxPRSM$_$1,1.6666666269302368,1.7424226
ezuWKsxPRSM$_$0,1.0,0.78374666
ezuWKsxPRSM$_$2,1.0,0.35816532
ezuWKsxPRSM$_$6,0.0,0.37346607
f-VdKweez2U$_$8,2.0,0.58896226
f-VdKweez2U$_$2,0.6666666865348816,0.761978
f-VdKweez2U$_$4,0.0,0.74503213
f-VdKweez2U$_$7,1.3333333730697632,0.3096975
f-VdKweez2U$_$0,0.6666666865348816,0.9087963
f8Puta8k8fU$_$1,0.0,-0.35569322
fT6SrlsWV7M$_$11,0.3333333432674408,-0.085708246
fT6SrlsWV7M$_$10,0.3333333432674408,0.1242899
fT6SrlsWV7M$_$13,-1.6666666269302368,-1.0456403
fT6SrlsWV7M$_$12,-1.3333333730697632,0.13876045
fT6SrlsWV7M$_$1,0.6666666865348816,-0.6429826
fT6SrlsWV7M$_$0,-0.6666666865348816,0.13444681
fT6SrlsWV7M$_$3,-0.6666666865348816,0.15381712
fT6SrlsWV7M$_$2,-0.6666666865348816,-0.020469688
fT6SrlsWV7M$_$4,0.0,0.07575253
fT6SrlsWV7M$_$7,-0.3333333432674408,-0.38799
fT6SrlsWV7M$_$6,0.3333333432674408,-0.11574866
fU5AYkq0m9k$_$1,1.3333333730697632,0.042304635
fU5AYkq0m9k$_$0,0.3333333432674408,0.049852684
fU5AYkq0m9k$_$3,0.3333333432674408,-0.7403009
fU5AYkq0m9k$_$4,-1.0,-0.6916367
fVCDn6SdtVM$_$3,1.3333333730697632,0.36001784
fVCDn6SdtVM$_$2,-0.3333333432674408,0.6289955
fVCDn6SdtVM$_$5,0.0,0.46657258
fWAKek8jA5M$_$0,-1.6666666269302368,-1.3123481
fWAKek8jA5M$_$3,-1.3333333730697632,0.35123146
fWAKek8jA5M$_$5,-1.0,-0.2893014
fWAKek8jA5M$_$4,0.0,-0.5728284
fWAKek8jA5M$_$7,-1.6666666269302368,0.30995435
fWAKek8jA5M$_$6,-1.0,0.82438165
fWAKek8jA5M$_$9,-1.3333333730697632,-0.39895284
fWAKek8jA5M$_$8,0.0,0.5000351
faUvT7zfsyk$_$3,1.6666666269302368,0.9637513
faUvT7zfsyk$_$2,1.0,0.14474383
faUvT7zfsyk$_$6,2.0,0.5766684
fcxbB7ybUfs$_$9,0.0,0.36487073
fcxbB7ybUfs$_$3,0.0,0.25838882
fcxbB7ybUfs$_$5,1.0,0.24548642
fdc7iyzKvFQ$_$0,0.3333333432674408,0.47266787
fdc7iyzKvFQ$_$3,1.0,-1.814006
fdc7iyzKvFQ$_$2,1.3333333730697632,1.2114819
fhADeWE5VgU$_$1,1.0,1.7515823
fhADeWE5VgU$_$3,0.0,-0.14065464
fhADeWE5VgU$_$2,0.0,-0.053001106
fhADeWE5VgU$_$5,1.6666666269302368,1.0904018
frCWtiam4tE$_$1,0.3333333432674408,0.3762359
frCWtiam4tE$_$0,1.6666666269302368,0.10837026
frCWtiam4tE$_$2,1.6666666269302368,0.3413548
frCWtiam4tE$_$6,1.3333333730697632,-0.56201935
fsBzpr4k3rY$_$0,2.0,0.29889625
fsd1qPLA3kY$_$1,-0.3333333432674408,0.07636
fsd1qPLA3kY$_$8,1.0,0.30387962
fsd1qPLA3kY$_$16,0.3333333432674408,0.51221585
fz-MzQcOBwQ$_$11,1.6666666269302368,-0.7198983
fz-MzQcOBwQ$_$10,1.3333333730697632,0.5330764
fz-MzQcOBwQ$_$12,1.6666666269302368,1.0670046
fz-MzQcOBwQ$_$1,1.3333333730697632,0.6636911
fz-MzQcOBwQ$_$0,2.3333332538604736,0.46537203
fz-MzQcOBwQ$_$3,0.3333333432674408,0.67522997
fz-MzQcOBwQ$_$2,0.3333333432674408,0.5571344
fz-MzQcOBwQ$_$5,0.6666666865348816,0.09192379
fz-MzQcOBwQ$_$4,0.0,-0.7540719
fz-MzQcOBwQ$_$7,2.3333332538604736,1.4145962
fz-MzQcOBwQ$_$6,1.3333333730697632,0.7853569
fz-MzQcOBwQ$_$9,1.0,-0.22453125
fz-MzQcOBwQ$_$8,1.3333333730697632,-2.1742082
g6VJg6ycUk0$_$1,0.3333333432674408,0.49411732
gE7kUqMqQ9g$_$3,-1.3333333730697632,-0.08771993
gE7kUqMqQ9g$_$2,-0.6666666865348816,-0.7425442
gJjkCPO7iXg$_$1,1.0,1.0835643
gJjkCPO7iXg$_$0,1.0,0.25584948
gJjkCPO7iXg$_$3,1.3333333730697632,0.3631103
gJjkCPO7iXg$_$2,1.0,0.47592306
gKojBrXHhUc$_$12,0.0,0.13326344
gKojBrXHhUc$_$14,0.0,0.36419463
gL8h7lOPv1Q$_$11,1.3333333730697632,0.51164246
gL8h7lOPv1Q$_$10,0.3333333432674408,0.67174184
gL8h7lOPv1Q$_$13,0.0,0.8890096
gL8h7lOPv1Q$_$15,0.0,-0.41598988
gL8h7lOPv1Q$_$14,0.0,-0.77930915
gL8h7lOPv1Q$_$28,0.3333333432674408,-0.41080356
gL8h7lOPv1Q$_$2,0.6666666865348816,-0.021886826
gL8h7lOPv1Q$_$7,1.3333333730697632,0.32678592
gL8h7lOPv1Q$_$9,0.0,1.0244722
gL8h7lOPv1Q$_$8,0.6666666865348816,1.5568807
gLTxaEcx41E$_$11,-0.3333333432674408,0.4262641
gLTxaEcx41E$_$10,0.3333333432674408,-0.22528745
gLTxaEcx41E$_$12,1.3333333730697632,0.7356777
gLTxaEcx41E$_$1,0.0,0.19615945
gLTxaEcx41E$_$3,0.3333333432674408,0.7634207
gLTxaEcx41E$_$2,0.0,0.13834001
gLTxaEcx41E$_$5,-0.3333333432674408,0.3591047
gLTxaEcx41E$_$4,0.0,0.53983283
gLTxaEcx41E$_$7,0.0,0.8685087
gLTxaEcx41E$_$6,0.3333333432674408,1.0282441
gLTxaEcx41E$_$9,0.6666666865348816,-0.40185928
gLTxaEcx41E$_$8,0.3333333432674408,0.64565724
gR3igiwaeyc$_$10,-0.3333333432674408,0.4252776
gR3igiwaeyc$_$1,0.0,0.6079829
gR3igiwaeyc$_$0,-0.3333333432674408,0.3099327
gR3igiwaeyc$_$3,0.0,0.006378319
gR3igiwaeyc$_$2,0.0,0.12585896
gR3igiwaeyc$_$4,0.0,0.1190407
gR3igiwaeyc$_$7,0.0,0.35296464
gR3igiwaeyc$_$6,-0.3333333432674408,0.16333757
gR3igiwaeyc$_$9,-0.6666666865348816,-0.45129275
gcFECfN4BCU$_$24,1.3333333730697632,1.1351596
gcFECfN4BCU$_$20,1.0,0.17727551
gcFECfN4BCU$_$21,0.3333333432674408,0.86113226
gcFECfN4BCU$_$22,2.0,1.7509362
gcFECfN4BCU$_$23,2.0,1.149144
gcFECfN4BCU$_$1,0.6666666865348816,0.724508
gcFECfN4BCU$_$0,1.0,0.9697707
gcFECfN4BCU$_$3,0.0,0.7201389
gcFECfN4BCU$_$5,0.0,0.39812225
gcFECfN4BCU$_$4,0.3333333432674408,0.8540021
gcFECfN4BCU$_$7,1.6666666269302368,1.258813
gcFECfN4BCU$_$6,0.3333333432674408,0.03283321
gcFECfN4BCU$_$9,1.0,0.7499585
gcFECfN4BCU$_$8,1.3333333730697632,1.793387
gcFECfN4BCU$_$11,0.6666666865348816,0.32717282
gcFECfN4BCU$_$10,0.6666666865348816,0.92176664
gcFECfN4BCU$_$13,1.0,0.86710453
gcFECfN4BCU$_$12,1.0,0.30970025
gcFECfN4BCU$_$15,1.3333333730697632,0.4988339
gcFECfN4BCU$_$14,1.0,0.30027884
gcFECfN4BCU$_$17,1.0,0.6189732
gcFECfN4BCU$_$16,0.3333333432674408,0.5284476
gcFECfN4BCU$_$19,0.0,0.6123544
gcFECfN4BCU$_$18,0.3333333432674408,1.8307136
gpn71-aKWwQ$_$1,0.6666666865348816,0.94986075
gpn71-aKWwQ$_$0,1.6666666269302368,1.0386285
gpn71-aKWwQ$_$2,1.6666666269302368,1.2290099
grsV1YN1z5s$_$6,0.6666666865348816,0.6889353
h1ZZHUU4j0k$_$20,-0.3333333432674408,0.21420716
h1ZZHUU4j0k$_$21,0.3333333432674408,-0.16596676
h1ZZHUU4j0k$_$22,0.0,0.18367696
h1ZZHUU4j0k$_$23,0.6666666865348816,-0.170321
h1ZZHUU4j0k$_$0,1.3333333730697632,0.86449146
h1ZZHUU4j0k$_$3,0.6666666865348816,0.7663061
h1ZZHUU4j0k$_$2,-0.6666666865348816,-0.3468408
h1ZZHUU4j0k$_$5,0.3333333432674408,-0.17711033
h1ZZHUU4j0k$_$4,0.6666666865348816,-0.7549751
h1ZZHUU4j0k$_$6,1.0,0.5842392
h1ZZHUU4j0k$_$9,0.6666666865348816,0.13091263
h1ZZHUU4j0k$_$8,1.3333333730697632,0.007432565
h1ZZHUU4j0k$_$11,1.0,0.6094064
h1ZZHUU4j0k$_$10,1.0,0.12428603
h1ZZHUU4j0k$_$13,-1.0,-0.30168706
h1ZZHUU4j0k$_$12,-0.3333333432674408,-0.011856675
h1ZZHUU4j0k$_$15,1.0,0.05064395
h1ZZHUU4j0k$_$14,1.3333333730697632,0.32913595
h1ZZHUU4j0k$_$17,1.6666666269302368,0.5918809
h1ZZHUU4j0k$_$16,-0.6666666865348816,-0.5378119
h1ZZHUU4j0k$_$19,1.3333333730697632,0.81534296
h1ZZHUU4j0k$_$18,1.3333333730697632,0.4443857
hBzw4r0kfjA$_$8,0.0,-1.4827918
hBzw4r0kfjA$_$3,0.0,-0.6806003
hE-sA5umuCk$_$0,2.3333332538604736,0.47653878
hE-sA5umuCk$_$2,2.0,0.91940105
hI7ObFqn9Bg$_$7,0.0,0.3222956
hbJfSyJKBEA$_$4,0.6666666865348816,0.220951
huzEsVEJPaY$_$10,0.6666666865348816,0.27565116
iFxFTtCQ6zA$_$3,-1.0,0.060725123
iFxFTtCQ6zA$_$6,1.0,0.37306458
iPPp6MCythU$_$11,0.3333333432674408,-0.18469022
iPPp6MCythU$_$10,0.0,0.6098538
iPPp6MCythU$_$16,-0.3333333432674408,0.8630997
iPPp6MCythU$_$1,1.6666666269302368,1.5664705
iPPp6MCythU$_$0,0.0,0.08661489
iPPp6MCythU$_$3,-0.3333333432674408,0.2892149
iPPp6MCythU$_$7,0.3333333432674408,0.32996124
iPPp6MCythU$_$6,0.0,-0.31393933
iQDB_OkAQWs$_$4,0.0,-0.58741814
iXiMifHNKPI$_$10,-1.0,0.31301916
iXiMifHNKPI$_$13,-0.3333333432674408,-0.13722603
iXiMifHNKPI$_$14,0.6666666865348816,0.2315612
iXiMifHNKPI$_$0,0.6666666865348816,0.44453973
iXiMifHNKPI$_$3,0.3333333432674408,0.3183369
iXiMifHNKPI$_$5,0.0,1.1258777
iXiMifHNKPI$_$7,0.3333333432674408,0.16169903
iXiMifHNKPI$_$9,-0.6666666865348816,0.27966487
iXiMifHNKPI$_$8,0.3333333432674408,0.35029995
ihPjsliqz5o$_$9,1.3333333730697632,0.60856014
ihPjsliqz5o$_$2,0.3333333432674408,0.5190855
ihPjsliqz5o$_$4,0.3333333432674408,0.18681528
ihPjsliqz5o$_$7,0.0,-0.12752093
j1m6ctAgjsM$_$42,0.3333333432674408,0.35500932
j1m6ctAgjsM$_$22,1.0,0.4135527
j1m6ctAgjsM$_$43,0.6666666865348816,0.97983634
j1m6ctAgjsM$_$23,0.0,0.2324119
j1m6ctAgjsM$_$24,0.0,0.34329087
j1m6ctAgjsM$_$25,0.6666666865348816,0.37225884
j1m6ctAgjsM$_$26,0.0,0.092970595
j1m6ctAgjsM$_$27,1.3333333730697632,0.64218616
j1m6ctAgjsM$_$20,1.0,-0.10268198
j1m6ctAgjsM$_$21,0.6666666865348816,0.41113716
j1m6ctAgjsM$_$48,1.3333333730697632,1.3543271
j1m6ctAgjsM$_$49,2.3333332538604736,0.9643861
j1m6ctAgjsM$_$46,1.0,0.3361814
j1m6ctAgjsM$_$47,1.6666666269302368,1.08218
j1m6ctAgjsM$_$44,-0.6666666865348816,-1.2782176
j1m6ctAgjsM$_$45,0.6666666865348816,-0.3559351
j1m6ctAgjsM$_$28,0.6666666865348816,0.6750048
j1m6ctAgjsM$_$29,1.0,1.3214294
j1m6ctAgjsM$_$40,0.6666666865348816,0.46753
j1m6ctAgjsM$_$41,0.0,0.6764229
j1m6ctAgjsM$_$1,1.3333333730697632,0.9016504
j1m6ctAgjsM$_$0,0.6666666865348816,0.55497146
j1m6ctAgjsM$_$3,0.3333333432674408,0.48841262
j1m6ctAgjsM$_$2,1.0,1.0223125
j1m6ctAgjsM$_$5,0.6666666865348816,1.040642
j1m6ctAgjsM$_$4,0.3333333432674408,0.42332804
j1m6ctAgjsM$_$7,-0.3333333432674408,-0.4191116
j1m6ctAgjsM$_$6,0.6666666865348816,0.2767136
j1m6ctAgjsM$_$9,0.6666666865348816,-0.19346492
j1m6ctAgjsM$_$8,1.3333333730697632,0.39261776
j1m6ctAgjsM$_$39,0.6666666865348816,0.5251389
j1m6ctAgjsM$_$38,0.6666666865348816,0.42100972
j1m6ctAgjsM$_$11,1.0,1.4898051
j1m6ctAgjsM$_$10,2.3333332538604736,0.38654363
j1m6ctAgjsM$_$13,0.0,0.25169837
j1m6ctAgjsM$_$12,0.6666666865348816,0.11170477
j1m6ctAgjsM$_$15,0.6666666865348816,0.13170594
j1m6ctAgjsM$_$14,0.0,0.30390385
j1m6ctAgjsM$_$17,1.3333333730697632,0.7444202
j1m6ctAgjsM$_$16,0.0,0.13678394
j1m6ctAgjsM$_$19,1.3333333730697632,0.3251847
j1m6ctAgjsM$_$18,1.0,-0.36969763
j1m6ctAgjsM$_$31,1.0,0.6272772
j1m6ctAgjsM$_$30,0.3333333432674408,0.1682337
j1m6ctAgjsM$_$51,2.0,1.6394156
j1m6ctAgjsM$_$36,0.0,0.7742146
j1m6ctAgjsM$_$35,1.0,0.36876738
j1m6ctAgjsM$_$34,1.3333333730697632,0.5154548
j1m6ctAgjsM$_$33,0.3333333432674408,0.20037673
j1m6ctAgjsM$_$37,0.0,0.29256332
j1m6ctAgjsM$_$32,0.3333333432674408,0.3784516
j1m6ctAgjsM$_$50,0.6666666865348816,0.3932777
jE3gYsxr_5s$_$9,0.6666666865348816,0.7964536
jE3gYsxr_5s$_$0,0.0,0.97835386
jE3gYsxr_5s$_$15,0.6666666865348816,0.84297657
jLN6B0aSrW0$_$1,0.0,0.19313607
jLN6B0aSrW0$_$0,-0.3333333432674408,0.09252485
jLN6B0aSrW0$_$3,0.0,0.5910404
jLN6B0aSrW0$_$2,0.6666666865348816,0.28533888
jLN6B0aSrW0$_$5,-0.3333333432674408,0.19907604
jPtaz1rN6lc$_$11,0.0,0.055518277
jPtaz1rN6lc$_$15,0.0,0.07950529
jPtaz1rN6lc$_$16,0.0,0.2673443
jPtaz1rN6lc$_$0,0.0,0.33821148
jXQmVFcOiUI$_$0,1.0,0.57573634
jXQmVFcOiUI$_$3,1.0,-0.018601596
jXQmVFcOiUI$_$6,0.0,0.1761201
jZe-2w7pkd8$_$19,1.3333333730697632,0.6919037
jZe-2w7pkd8$_$4,0.0,-0.06161116
jZe-2w7pkd8$_$14,-0.6666666865348816,-0.61668193
jZe-2w7pkd8$_$16,-0.3333333432674408,-0.8783977
jj8aSNPHMw8$_$13,0.3333333432674408,-0.9142771
jj8aSNPHMw8$_$12,-0.3333333432674408,-0.15338214
jj8aSNPHMw8$_$14,0.0,-0.35047168
jj8aSNPHMw8$_$17,2.0,1.1871446
jj8aSNPHMw8$_$16,1.6666666269302368,0.8498727
jj8aSNPHMw8$_$1,-0.6666666865348816,0.36300993
jj8aSNPHMw8$_$0,2.0,1.163469
jj8aSNPHMw8$_$3,2.0,1.2509786
jj8aSNPHMw8$_$5,-1.3333333730697632,0.416709
jj8aSNPHMw8$_$4,2.0,0.8920335
jj8aSNPHMw8$_$9,1.6666666269302368,0.15589482
jj8aSNPHMw8$_$8,-0.6666666865348816,-1.1136538
jqutn5ou8_0$_$3,0.0,0.9724075
jqutn5ou8_0$_$2,0.6666666865348816,0.9131371
jqutn5ou8_0$_$5,0.6666666865348816,0.54922605
jqutn5ou8_0$_$7,1.3333333730697632,1.4537586
jqutn5ou8_0$_$6,0.6666666865348816,0.53980565
jqutn5ou8_0$_$8,0.6666666865348816,1.3367323
jscKL5jS-SQ$_$24,1.0,0.7569045
jscKL5jS-SQ$_$10,-0.6666666865348816,-1.0601281
jscKL5jS-SQ$_$13,-1.0,-1.0319517
jscKL5jS-SQ$_$27,1.0,-0.88421804
jscKL5jS-SQ$_$15,0.0,0.31474984
jscKL5jS-SQ$_$17,1.0,0.10763382
jscKL5jS-SQ$_$19,0.0,0.9580046
jscKL5jS-SQ$_$30,1.0,-1.908358
jscKL5jS-SQ$_$1,-1.0,-1.0128359
jscKL5jS-SQ$_$0,0.3333333432674408,0.28736925
jscKL5jS-SQ$_$5,-1.3333333730697632,-1.0549886
jscKL5jS-SQ$_$4,-1.0,-0.79950786
jscKL5jS-SQ$_$6,0.3333333432674408,0.032932267
k1BrzX5bc7U$_$1,0.3333333432674408,0.18216859
k1BrzX5bc7U$_$3,0.0,0.49790078
k1BrzX5bc7U$_$4,0.6666666865348816,0.3640532
k8yDywC4gt8$_$1,1.0,-0.015487567
k8yDywC4gt8$_$3,2.3333332538604736,0.7165154
k8yDywC4gt8$_$2,0.6666666865348816,-0.18638612
k8yDywC4gt8$_$4,0.6666666865348816,1.1265665
kI6jzM_aLGs$_$3,1.0,0.5425152
kI6jzM_aLGs$_$2,1.3333333730697632,0.433003
kLAXmTx2xOA$_$1,0.0,-0.53243005
kLAXmTx2xOA$_$4,0.6666666865348816,-0.28129655
kXhJ3hHK9hQ$_$10,1.3333333730697632,0.60739756
kXhJ3hHK9hQ$_$0,0.6666666865348816,0.24930663
kXhJ3hHK9hQ$_$3,0.0,-0.5798231
kXhJ3hHK9hQ$_$4,0.6666666865348816,0.050608575
kXhJ3hHK9hQ$_$7,-0.6666666865348816,-0.7986693
kXhJ3hHK9hQ$_$6,-0.3333333432674408,0.022638611
kXiBdruxTvE$_$3,0.0,1.0792755
kXiBdruxTvE$_$2,0.3333333432674408,0.43422854
kXiBdruxTvE$_$5,0.0,1.1720638
kXiBdruxTvE$_$4,0.0,1.2169361
kXiBdruxTvE$_$6,0.0,1.0363683
kaudsLIvYC8$_$1,-1.3333333730697632,0.050856836
kaudsLIvYC8$_$0,1.6666666269302368,1.362739
kaudsLIvYC8$_$3,0.6666666865348816,0.22193755
kaudsLIvYC8$_$2,0.0,0.14631459
kbRtSmJM5aU$_$9,1.3333333730697632,0.7323187
kbRtSmJM5aU$_$11,0.0,0.8011422
kg-W6-hP2Do$_$10,0.3333333432674408,0.21389933
kg-W6-hP2Do$_$13,0.6666666865348816,0.79001164
kg-W6-hP2Do$_$12,0.6666666865348816,0.40213168
kg-W6-hP2Do$_$17,1.0,-0.52490944
kg-W6-hP2Do$_$16,0.6666666865348816,1.2692894
kg-W6-hP2Do$_$3,0.0,-0.62355673
kg-W6-hP2Do$_$4,0.0,0.27092266
kg-W6-hP2Do$_$8,0.0,0.625018
kld9r0iFkWM$_$1,1.3333333730697632,0.20055091
kld9r0iFkWM$_$3,0.6666666865348816,-0.039926246
kld9r0iFkWM$_$2,0.3333333432674408,-0.08513902
kld9r0iFkWM$_$5,1.0,0.24817324
kmgsC68hIL8$_$11,0.0,-1.4246336
kmgsC68hIL8$_$1,2.0,1.7506248
kmgsC68hIL8$_$0,1.6666666269302368,0.349774
kmgsC68hIL8$_$3,0.6666666865348816,0.27726784
kmgsC68hIL8$_$4,2.0,-0.33547956
kmgsC68hIL8$_$9,0.0,-0.004408136
kmgsC68hIL8$_$8,-1.6666666269302368,-1.1139331
kpS4BXif_Sw$_$11,-2.0,-0.8093488
kpS4BXif_Sw$_$10,-1.6666666269302368,-0.5380655
kpS4BXif_Sw$_$13,0.3333333432674408,-0.101058945
kpS4BXif_Sw$_$12,-2.0,-2.0791373
kpS4BXif_Sw$_$15,1.3333333730697632,0.104523405
kpS4BXif_Sw$_$14,-1.0,-0.8454251
kpS4BXif_Sw$_$17,1.0,0.25102818
kpS4BXif_Sw$_$16,1.3333333730697632,-1.1265188
kpS4BXif_Sw$_$19,-0.6666666865348816,-0.27123165
kpS4BXif_Sw$_$18,0.3333333432674408,-0.02083829
kpS4BXif_Sw$_$1,-0.6666666865348816,-0.79767025
kpS4BXif_Sw$_$0,0.3333333432674408,0.3155374
kpS4BXif_Sw$_$3,1.3333333730697632,0.15515652
kpS4BXif_Sw$_$2,-0.6666666865348816,-0.2503428
kpS4BXif_Sw$_$5,-2.0,-1.0465598
kpS4BXif_Sw$_$4,0.0,0.45003045
kpS4BXif_Sw$_$7,-0.6666666865348816,-1.8513743
kpS4BXif_Sw$_$6,0.0,0.5480376
kpS4BXif_Sw$_$9,-1.6666666269302368,-1.8149431
kpS4BXif_Sw$_$20,-0.6666666865348816,0.1813155
kpS4BXif_Sw$_$8,-1.0,-1.2446207
ktblaVOnFVE$_$0,0.6666666865348816,0.5534634
ktblaVOnFVE$_$3,1.0,0.38721454
ktblaVOnFVE$_$2,0.6666666865348816,1.0051823
ktblaVOnFVE$_$5,0.3333333432674408,0.39204925
ktblaVOnFVE$_$4,1.3333333730697632,0.35934854
l0vCKpk6Aes$_$24,0.0,0.36800236
l0vCKpk6Aes$_$13,-0.6666666865348816,-1.2736479
l0vCKpk6Aes$_$12,1.0,0.41274863
l0vCKpk6Aes$_$15,0.3333333432674408,-0.7121906
l0vCKpk6Aes$_$14,-0.3333333432674408,-1.7609764
l0vCKpk6Aes$_$19,0.0,-0.5088972
l0vCKpk6Aes$_$18,2.0,0.3479107
l0vCKpk6Aes$_$2,0.0,-0.757956
l0vCKpk6Aes$_$7,1.6666666269302368,0.348895
l0vCKpk6Aes$_$20,2.0,-0.05739592
l1jW3OMXUzs$_$0,-1.3333333730697632,-0.62928045
l4oMbKDuW3Y$_$1,-1.0,-1.5177923
l4oMbKDuW3Y$_$9,2.0,1.0937191
l4oMbKDuW3Y$_$3,-0.6666666865348816,-1.099078
l4oMbKDuW3Y$_$5,-0.3333333432674408,0.38983285
l4oMbKDuW3Y$_$4,0.0,-0.57441235
lD4xtQ6NpDY$_$11,1.3333333730697632,0.3383324
lD4xtQ6NpDY$_$10,0.6666666865348816,0.3848058
lD4xtQ6NpDY$_$1,-0.6666666865348816,-1.3316144
lD4xtQ6NpDY$_$0,0.0,-0.22751997
lD4xtQ6NpDY$_$3,0.0,-0.4115224
lD4xtQ6NpDY$_$2,0.0,-0.21404879
lD4xtQ6NpDY$_$5,0.6666666865348816,-0.31687355
lD4xtQ6NpDY$_$4,0.0,0.48749268
lD4xtQ6NpDY$_$7,1.0,0.2621755
lD4xtQ6NpDY$_$6,1.0,1.0446483
lD4xtQ6NpDY$_$9,1.0,-0.07921101
lD4xtQ6NpDY$_$8,1.3333333730697632,0.9043782
lO6N9dyvPTA$_$2,0.3333333432674408,0.9106152
lYwgLa4R5XQ$_$10,0.0,-0.3357674
lYwgLa4R5XQ$_$1,0.0,0.15510489
lYwgLa4R5XQ$_$0,0.0,-0.6802919
lYwgLa4R5XQ$_$3,-0.3333333432674408,-0.65542257
lYwgLa4R5XQ$_$5,0.6666666865348816,0.38742173
lYwgLa4R5XQ$_$4,0.6666666865348816,0.30838132
lYwgLa4R5XQ$_$7,-0.6666666865348816,-0.47818637
lYwgLa4R5XQ$_$6,0.3333333432674408,0.70782083
lYwgLa4R5XQ$_$9,-1.3333333730697632,-1.1461256
lYwgLa4R5XQ$_$8,0.3333333432674408,-0.8845209
lc5bSoGlQwY$_$1,0.3333333432674408,-0.09474181
lc5bSoGlQwY$_$8,0.0,-0.18380456
lc5bSoGlQwY$_$9,0.3333333432674408,-0.8811841
lc5bSoGlQwY$_$5,-0.3333333432674408,0.24460165
lc5bSoGlQwY$_$7,0.3333333432674408,-0.14322735
lkIe41StoGI$_$11,0.3333333432674408,0.26515883
lkIe41StoGI$_$10,0.0,0.87959766
lkIe41StoGI$_$1,0.0,0.29944396
lkIe41StoGI$_$0,0.6666666865348816,0.099181905
lkIe41StoGI$_$3,0.6666666865348816,0.07002345
lkIe41StoGI$_$2,0.6666666865348816,-0.3939597
lkIe41StoGI$_$4,0.3333333432674408,-0.22678442
lkIe41StoGI$_$6,0.0,-0.94332135
lkIe41StoGI$_$9,-0.3333333432674408,0.6300744
lkIe41StoGI$_$8,0.0,0.09924331
lkeVfgI0eEk$_$1,1.0,-0.6868261
lkeVfgI0eEk$_$0,0.6666666865348816,0.23046662
lkeVfgI0eEk$_$3,1.0,-0.660606
lkeVfgI0eEk$_$2,-1.3333333730697632,-0.92536306
lkeVfgI0eEk$_$5,-0.3333333432674408,-0.9658296
lkeVfgI0eEk$_$4,0.6666666865348816,1.6737143
lkeVfgI0eEk$_$7,-2.0,-0.86202157
lkeVfgI0eEk$_$9,-0.6666666865348816,-0.3532815
lkeVfgI0eEk$_$8,-1.6666666269302368,-1.3290194
lrjm6F3JJgg$_$5,1.3333333730697632,1.2111303
lwL4hjhkid4$_$1,0.0,0.22699787
lwL4hjhkid4$_$0,-1.6666666269302368,0.3048803
lwL4hjhkid4$_$3,2.0,0.3439151
lwL4hjhkid4$_$5,-1.3333333730697632,-0.16265076
lwL4hjhkid4$_$6,0.3333333432674408,0.5776468
lxBKEPIUSgc$_$1,-0.3333333432674408,-0.98645544
lxBKEPIUSgc$_$2,-1.3333333730697632,-0.57184255
m-7yRWZLwLY$_$1,0.6666666865348816,0.45916265
m-7yRWZLwLY$_$0,0.0,0.13874519
m-7yRWZLwLY$_$3,1.0,0.87252116
m-7yRWZLwLY$_$2,-0.3333333432674408,-0.5278579
mRqqH_gx7Q0$_$0,1.3333333730697632,0.78615004
mRqqH_gx7Q0$_$2,-0.3333333432674408,0.7364322
mVnqP-vLpuo$_$10,0.3333333432674408,0.21356922
mVnqP-vLpuo$_$1,1.0,0.54537416
mVnqP-vLpuo$_$0,0.6666666865348816,0.9518429
mVnqP-vLpuo$_$3,1.3333333730697632,0.12410774
mVnqP-vLpuo$_$2,0.6666666865348816,-0.24629007
mVnqP-vLpuo$_$5,1.3333333730697632,0.70427424
mVnqP-vLpuo$_$4,1.3333333730697632,0.31585634
mVnqP-vLpuo$_$7,0.6666666865348816,0.40497416
mVnqP-vLpuo$_$6,0.0,0.7910715
mVnqP-vLpuo$_$9,1.6666666269302368,0.5043914
mVnqP-vLpuo$_$8,1.6666666269302368,1.0166585
mZ_8em_-CGc$_$4,0.6666666865348816,0.07347973
mZ_8em_-CGc$_$7,0.6666666865348816,0.38335335
mfpR4CN9LZo$_$24,1.3333333730697632,1.0023708
mfpR4CN9LZo$_$20,0.0,0.822176
mfpR4CN9LZo$_$23,0.6666666865348816,0.56848437
mfpR4CN9LZo$_$16,0.0,-0.31193763
mfpR4CN9LZo$_$0,0.0,-0.558622
mfpR4CN9LZo$_$4,0.0,-0.033811122
mgsvwAVQAQo$_$1,0.3333333432674408,0.056517452
mgsvwAVQAQo$_$0,-1.3333333730697632,-0.61384416
mgsvwAVQAQo$_$3,0.0,-1.5762337
mgsvwAVQAQo$_$5,2.0,1.1903471
mgsvwAVQAQo$_$4,0.3333333432674408,0.124845445
mmg_eTDHjkk$_$20,0.0,-0.001989115
mmg_eTDHjkk$_$21,1.0,0.77248454
mmg_eTDHjkk$_$22,1.3333333730697632,0.030938856
mmg_eTDHjkk$_$1,2.0,1.4596459
mmg_eTDHjkk$_$0,0.3333333432674408,1.066329
mmg_eTDHjkk$_$3,1.3333333730697632,0.75821555
mmg_eTDHjkk$_$2,1.3333333730697632,1.8089782
mmg_eTDHjkk$_$5,0.3333333432674408,0.26942772
mmg_eTDHjkk$_$4,1.0,1.5086614
mmg_eTDHjkk$_$7,0.6666666865348816,0.30254617
mmg_eTDHjkk$_$6,0.0,0.16813524
mmg_eTDHjkk$_$9,1.0,0.41644984
mmg_eTDHjkk$_$8,0.6666666865348816,0.3552001
mmg_eTDHjkk$_$11,-0.3333333432674408,-0.529207
mmg_eTDHjkk$_$10,0.6666666865348816,1.1980072
mmg_eTDHjkk$_$13,1.3333333730697632,0.34939545
mmg_eTDHjkk$_$12,0.0,0.11646475
mmg_eTDHjkk$_$15,1.0,0.46949762
mmg_eTDHjkk$_$14,0.0,0.6389607
mmg_eTDHjkk$_$17,-0.3333333432674408,0.24219291
mmg_eTDHjkk$_$16,0.3333333432674408,0.30360293
mmg_eTDHjkk$_$19,1.3333333730697632,0.8199946
mmg_eTDHjkk$_$18,0.3333333432674408,0.9335275
mzAu5gxjE-w$_$1,1.0,0.91707814
mzAu5gxjE-w$_$0,0.3333333432674408,1.2426373
mzAu5gxjE-w$_$2,1.6666666269302368,2.3908195
mzAu5gxjE-w$_$5,0.6666666865348816,1.4429065
nFTo-Lz4Fr8$_$1,0.6666666865348816,1.1332861
nFTo-Lz4Fr8$_$3,1.0,0.5931436
nTZSH0EwpnY$_$13,1.3333333730697632,0.8970617
nTZSH0EwpnY$_$14,-0.6666666865348816,-0.75791633
nTZSH0EwpnY$_$17,1.0,0.8864603
nTZSH0EwpnY$_$0,0.3333333432674408,-0.20999722
nTZSH0EwpnY$_$2,0.6666666865348816,-0.611661
nTZSH0EwpnY$_$5,-0.3333333432674408,0.70287544
nTZSH0EwpnY$_$4,-1.3333333730697632,0.067926675
nTZSH0EwpnY$_$7,0.3333333432674408,-0.3387568
nTZSH0EwpnY$_$8,-0.6666666865348816,-1.0520098
nXWNHVZtV9A$_$5,0.0,0.07445897
nZFPKP9kBkw$_$1,0.3333333432674408,1.4270753
nZFPKP9kBkw$_$3,1.3333333730697632,1.257958
nZFPKP9kBkw$_$2,0.0,0.789142
nZFPKP9kBkw$_$4,0.0,1.49322
nZFPKP9kBkw$_$7,0.3333333432674408,0.97323716
naZi9AusrW4$_$1,-0.3333333432674408,-0.4659273
naZi9AusrW4$_$4,0.3333333432674408,-0.037719503
namehdJxRIM$_$1,0.3333333432674408,0.091726705
namehdJxRIM$_$0,0.0,0.179983
namehdJxRIM$_$2,0.0,0.047492065
namehdJxRIM$_$5,0.0,0.032643132
namehdJxRIM$_$4,0.3333333432674408,0.13912952
nbru7qLot04$_$10,0.0,0.006084278
nbru7qLot04$_$12,-0.6666666865348816,-0.4041255
nbru7qLot04$_$15,0.3333333432674408,0.6301439
nbru7qLot04$_$16,1.0,0.26151845
nbru7qLot04$_$0,2.0,0.4092182
nbru7qLot04$_$3,0.0,0.8621341
nbru7qLot04$_$2,1.3333333730697632,1.9974598
nbru7qLot04$_$4,0.0,0.12586658
nbru7qLot04$_$7,0.0,0.061972857
nbru7qLot04$_$6,0.6666666865348816,0.015087448
nbru7qLot04$_$9,0.0,0.03015762
nbru7qLot04$_$8,0.3333333432674408,-0.050958663
o2XbNJDpOlc$_$11,0.0,-0.20606016
o2XbNJDpOlc$_$10,-0.3333333432674408,-0.31036323
o2XbNJDpOlc$_$13,1.0,0.33875847
o2XbNJDpOlc$_$17,-0.6666666865348816,-0.69754565
o2XbNJDpOlc$_$6,1.6666666269302368,0.022601426
o2XbNJDpOlc$_$9,0.6666666865348816,-0.18974803
oBS-IW-BO00$_$9,0.0,1.4903839
oBS-IW-BO00$_$3,0.0,0.21614386
oBS-IW-BO00$_$2,0.0,0.3790539
oBS-IW-BO00$_$7,1.3333333730697632,0.7001797
oGFDE-6nd7Q$_$1,-0.3333333432674408,0.36543107
oGFDE-6nd7Q$_$0,0.6666666865348816,0.9460489
oGFDE-6nd7Q$_$3,0.6666666865348816,0.26168662
oGFDE-6nd7Q$_$2,0.0,-0.037035137
oGFDE-6nd7Q$_$5,1.0,0.40540344
oGFDE-6nd7Q$_$6,-0.3333333432674408,-0.46050942
oH9fMma8jiQ$_$8,1.3333333730697632,1.8883687
oHff2W51wZ8$_$1,1.3333333730697632,1.1130439
oHff2W51wZ8$_$3,2.3333332538604736,0.5456585
oHff2W51wZ8$_$2,2.0,1.3902279
oHff2W51wZ8$_$5,2.6666667461395264,1.0738566
oHff2W51wZ8$_$4,1.3333333730697632,1.1313745
oHff2W51wZ8$_$7,0.6666666865348816,0.91645676
oHff2W51wZ8$_$6,0.6666666865348816,1.0488865
oPlnhc0DkcU$_$1,-0.3333333432674408,0.9775491
oPlnhc0DkcU$_$0,0.6666666865348816,0.52958477
oPlnhc0DkcU$_$3,0.3333333432674408,-0.14315006
oPlnhc0DkcU$_$2,0.6666666865348816,0.84078705
oPlnhc0DkcU$_$4,1.6666666269302368,0.89305544
oQizLbmte0c$_$10,1.0,0.5869546
oQizLbmte0c$_$13,1.0,1.293957
oQizLbmte0c$_$12,0.6666666865348816,-0.36150038
oQizLbmte0c$_$15,1.6666666269302368,2.1528294
oQizLbmte0c$_$14,1.0,0.89260167
oQizLbmte0c$_$1,1.6666666269302368,0.98955065
oQizLbmte0c$_$4,0.0,-0.06309527
oZxMx8e0x2U$_$1,0.3333333432674408,-0.3942929
oZxMx8e0x2U$_$0,0.0,0.52807456
oZxMx8e0x2U$_$2,0.3333333432674408,-0.53861195
obGF3RfWQKE$_$24,0.0,0.35067677
obGF3RfWQKE$_$11,2.0,1.421939
obGF3RfWQKE$_$26,0.6666666865348816,-0.17415251
obGF3RfWQKE$_$20,0.0,-0.3059017
obGF3RfWQKE$_$21,1.6666666269302368,1.1833141
obGF3RfWQKE$_$23,0.3333333432674408,0.70140505
obGF3RfWQKE$_$33,1.3333333730697632,-0.17834881
obGF3RfWQKE$_$31,0.3333333432674408,0.9119152
obGF3RfWQKE$_$30,2.3333332538604736,0.944592
obGF3RfWQKE$_$3,1.3333333730697632,1.304792
obGF3RfWQKE$_$16,-0.6666666865348816,-1.0509588
obGF3RfWQKE$_$4,2.0,0.24409725
obGF3RfWQKE$_$6,1.6666666269302368,0.47126865
obGF3RfWQKE$_$9,1.0,0.8833933
obGF3RfWQKE$_$25,0.3333333432674408,0.35821974
ossKC1VrusE$_$0,1.0,0.7550405
ossKC1VrusE$_$3,0.6666666865348816,0.6368998
ossKC1VrusE$_$2,1.6666666269302368,0.58208346
ossKC1VrusE$_$5,0.3333333432674408,0.6474426
ozA7pRW4gFM$_$1,0.0,0.1986207
ozA7pRW4gFM$_$3,0.6666666865348816,-0.18054514
ozA7pRW4gFM$_$2,0.0,-0.5273944
ozA7pRW4gFM$_$5,0.6666666865348816,0.3687917
ozA7pRW4gFM$_$4,0.0,0.16603744
ozA7pRW4gFM$_$7,0.0,-0.13017519
ozA7pRW4gFM$_$6,0.3333333432674408,0.22099315
ozA7pRW4gFM$_$9,0.3333333432674408,-0.39981467
ozA7pRW4gFM$_$8,1.0,0.40909314
p1zqEGwRMI8$_$1,1.3333333730697632,0.42928237
p4WmcxrXkc4$_$1,1.0,2.288018
p4WmcxrXkc4$_$0,0.3333333432674408,1.7324513
p4WmcxrXkc4$_$3,0.6666666865348816,1.8565866
p4WmcxrXkc4$_$4,2.0,1.3760284
p7zuPEZgtY4$_$10,-0.3333333432674408,-0.35019654
p7zuPEZgtY4$_$13,0.6666666865348816,1.233237
p7zuPEZgtY4$_$15,-0.6666666865348816,0.07645883
p7zuPEZgtY4$_$16,0.6666666865348816,0.2583152
p7zuPEZgtY4$_$0,0.3333333432674408,-0.11150573
p7zuPEZgtY4$_$2,0.3333333432674408,0.2786192
p7zuPEZgtY4$_$8,-0.3333333432674408,0.26259828
pDRdCSIyjkA$_$0,0.3333333432674408,0.45911074
pDRdCSIyjkA$_$3,0.6666666865348816,0.40685964
pDRdCSIyjkA$_$2,-0.3333333432674408,0.0017217025
pIaEcqnzI-s$_$10,0.3333333432674408,0.21615307
pIaEcqnzI-s$_$1,0.0,0.034582578
pIaEcqnzI-s$_$0,0.0,-0.23697521
pIaEcqnzI-s$_$3,0.3333333432674408,0.37131453
pIaEcqnzI-s$_$2,-0.6666666865348816,0.5048559
pIaEcqnzI-s$_$5,-0.3333333432674408,0.07583329
pIaEcqnzI-s$_$4,0.0,0.29774016
pIaEcqnzI-s$_$7,-0.3333333432674408,0.039513484
pIaEcqnzI-s$_$6,0.0,0.04500744
pIaEcqnzI-s$_$9,0.0,0.31185937
pIaEcqnzI-s$_$8,0.0,0.2732968
pQpy7RSfWzM$_$11,0.6666666865348816,0.46370202
pQpy7RSfWzM$_$10,-0.3333333432674408,0.74442816
pQpy7RSfWzM$_$13,2.0,1.6371866
pQpy7RSfWzM$_$15,0.3333333432674408,0.7809422
pQpy7RSfWzM$_$14,-1.3333333730697632,-0.1433239
pQpy7RSfWzM$_$16,0.0,0.18432619
pQpy7RSfWzM$_$19,0.3333333432674408,0.79542327
pQpy7RSfWzM$_$20,1.0,1.1662942
pQpy7RSfWzM$_$0,0.3333333432674408,2.3867044
pQpy7RSfWzM$_$3,0.3333333432674408,1.5092918
pQpy7RSfWzM$_$5,0.6666666865348816,0.98226255
pQpy7RSfWzM$_$4,0.6666666865348816,1.0827457
pQpy7RSfWzM$_$9,1.0,1.8476489
pQpy7RSfWzM$_$8,0.0,0.10246182
pSxte-ms0t8$_$11,0.6666666865348816,0.3464663
pSxte-ms0t8$_$13,-1.3333333730697632,-0.68445355
pSxte-ms0t8$_$15,-1.6666666269302368,-0.5576986
pSxte-ms0t8$_$14,-0.6666666865348816,-0.3051473
pSxte-ms0t8$_$22,1.6666666269302368,0.6094618
pSxte-ms0t8$_$23,-0.3333333432674408,-0.4496516
pSxte-ms0t8$_$33,-0.3333333432674408,-1.1539983
pSxte-ms0t8$_$30,0.3333333432674408,-0.47630477
pSxte-ms0t8$_$35,1.0,-0.20640002
pSxte-ms0t8$_$34,0.3333333432674408,-0.34762365
pSxte-ms0t8$_$1,0.0,0.21666873
pSxte-ms0t8$_$19,-0.6666666865348816,-0.67824244
pSxte-ms0t8$_$3,-0.6666666865348816,-0.5311381
pSxte-ms0t8$_$2,0.6666666865348816,0.16121715
pSxte-ms0t8$_$5,-1.6666666269302368,-0.9960307
pSxte-ms0t8$_$4,-1.6666666269302368,-1.4425143
pSxte-ms0t8$_$7,-2.0,-1.2295593
pSxte-ms0t8$_$6,1.0,0.33695745
pSxte-ms0t8$_$9,-2.0,-1.7386338
pSxte-ms0t8$_$8,-1.6666666269302368,0.18125638
pSxte-ms0t8$_$20,-0.6666666865348816,-1.1792737
pZye4zFzk3o$_$1,-1.3333333730697632,-0.5401237
pZye4zFzk3o$_$0,0.0,-0.16891427
pZye4zFzk3o$_$3,0.0,0.020030424
pZye4zFzk3o$_$2,-0.6666666865348816,0.28007418
pZye4zFzk3o$_$5,-0.6666666865348816,-1.0488138
pZye4zFzk3o$_$4,-0.3333333432674408,-0.7947774
pZye4zFzk3o$_$7,0.0,-0.0066815987
pZye4zFzk3o$_$6,0.0,0.05141352
pZye4zFzk3o$_$9,-1.0,-0.43620688
pZye4zFzk3o$_$8,0.3333333432674408,-0.47291386
pnpFPX34Agk$_$0,1.6666666269302368,0.6066593
pnpFPX34Agk$_$3,0.3333333432674408,0.05671076
pnpFPX34Agk$_$2,0.3333333432674408,-0.30396706
pnpFPX34Agk$_$5,1.0,0.050184146
pnpFPX34Agk$_$4,1.6666666269302368,0.4694454
pnpFPX34Agk$_$6,0.3333333432674408,0.26378953
pvIQWWiT4-0$_$0,2.0,1.4038815
q17gSr9kNww$_$21,1.3333333730697632,1.0202602
q17gSr9kNww$_$19,1.0,0.5613326
q17gSr9kNww$_$18,1.3333333730697632,0.51954466
q17gSr9kNww$_$1,1.6666666269302368,0.13694188
q17gSr9kNww$_$2,0.3333333432674408,0.10930586
q17gSr9kNww$_$5,-0.3333333432674408,-0.4707054
q17gSr9kNww$_$4,-0.3333333432674408,-0.08432339
q5M1God4M6Y$_$11,0.0,0.0354651
q5M1God4M6Y$_$10,0.3333333432674408,0.0048529953
q5M1God4M6Y$_$1,0.0,0.084993884
q5M1God4M6Y$_$0,0.0,-0.13456553
q5M1God4M6Y$_$3,-0.3333333432674408,-0.03728497
q5M1God4M6Y$_$2,0.0,-0.033256836
q5M1God4M6Y$_$5,0.3333333432674408,0.19602892
q5M1God4M6Y$_$4,0.3333333432674408,0.7679231
q5M1God4M6Y$_$7,0.3333333432674408,0.27949554
q5M1God4M6Y$_$6,0.0,-0.25865054
q5M1God4M6Y$_$9,0.6666666865348816,0.017918423
q5M1God4M6Y$_$8,0.0,0.23483022
qAip3lZRj-g$_$1,0.0,0.5514071
qAip3lZRj-g$_$0,0.0,-0.026205994
qAip3lZRj-g$_$2,0.0,0.028811585
qBanrqkzobg$_$0,2.3333332538604736,1.5803436
qBanrqkzobg$_$2,0.6666666865348816,0.03119868
qBanrqkzobg$_$5,1.0,0.91892153
qBanrqkzobg$_$4,1.3333333730697632,1.2851956
qDfSYz0PX9g$_$1,1.6666666269302368,1.4581827
qDfSYz0PX9g$_$0,-2.0,-1.7691623
qDfSYz0PX9g$_$3,2.0,0.33804262
qDfSYz0PX9g$_$2,1.6666666269302368,0.33964276
qDfSYz0PX9g$_$5,-0.6666666865348816,0.18639798
qDfSYz0PX9g$_$4,-0.6666666865348816,-0.32213354
qDfSYz0PX9g$_$7,0.6666666865348816,0.058019057
qDfSYz0PX9g$_$6,1.0,0.32438636
qDfSYz0PX9g$_$8,-0.6666666865348816,0.0075930133
qEuJj4uW93E$_$1,0.0,0.52974194
qEuJj4uW93E$_$0,-0.6666666865348816,-0.56625414
qEuJj4uW93E$_$3,0.6666666865348816,1.0189396
qEuJj4uW93E$_$2,0.6666666865348816,0.9611409
qEuJj4uW93E$_$5,0.0,0.19463848
qEuJj4uW93E$_$4,1.0,0.59414345
qTkazqluJ_I$_$14,2.0,0.94463974
qTkazqluJ_I$_$3,2.3333332538604736,1.3164772
qTkazqluJ_I$_$2,1.0,0.31320322
qTkazqluJ_I$_$5,2.0,1.7065102
qTkazqluJ_I$_$9,1.0,0.25992325
qTkazqluJ_I$_$8,1.0,0.5206796
qgC8_emxSIU$_$10,0.0,0.54439336
qgC8_emxSIU$_$5,-0.3333333432674408,0.3453427
qgC8_emxSIU$_$6,0.0,0.27403277
qyqVc352g3Q$_$1,1.0,1.231665
r46amqjpWgg$_$24,0.6666666865348816,0.20847516
r46amqjpWgg$_$25,1.6666666269302368,0.4187649
r46amqjpWgg$_$26,0.6666666865348816,0.7571602
r46amqjpWgg$_$27,1.0,-0.55709255
r46amqjpWgg$_$20,1.0,0.9758332
r46amqjpWgg$_$21,1.0,0.58818877
r46amqjpWgg$_$22,0.6666666865348816,0.8570453
r46amqjpWgg$_$23,0.6666666865348816,0.4087656
r46amqjpWgg$_$28,1.0,0.19613807
r46amqjpWgg$_$29,1.6666666269302368,0.29821604
r46amqjpWgg$_$1,0.3333333432674408,-1.2975205
r46amqjpWgg$_$0,2.0,0.2506113
r46amqjpWgg$_$3,0.3333333432674408,1.4040606
r46amqjpWgg$_$2,1.0,-0.52122664
r46amqjpWgg$_$5,1.0,0.5043482
r46amqjpWgg$_$4,1.3333333730697632,-0.6748117
r46amqjpWgg$_$7,1.6666666269302368,0.79138947
r46amqjpWgg$_$6,1.3333333730697632,0.5770122
r46amqjpWgg$_$9,1.0,0.28001958
r46amqjpWgg$_$8,1.3333333730697632,0.46018893
r46amqjpWgg$_$11,1.3333333730697632,0.95561194
r46amqjpWgg$_$10,2.0,0.6029037
r46amqjpWgg$_$13,1.3333333730697632,1.3273675
r46amqjpWgg$_$12,0.0,-0.28925782
r46amqjpWgg$_$15,0.0,-0.08141209
r46amqjpWgg$_$14,1.6666666269302368,-0.63259315
r46amqjpWgg$_$17,1.3333333730697632,1.1688775
r46amqjpWgg$_$16,1.0,1.0050381
r46amqjpWgg$_$19,1.3333333730697632,0.35677677
r46amqjpWgg$_$18,0.3333333432674408,0.7112185
r46amqjpWgg$_$31,1.3333333730697632,1.7281076
r46amqjpWgg$_$30,2.6666667461395264,0.866061
r46amqjpWgg$_$32,1.0,1.5987878
rC29Qub0U7A$_$11,0.0,0.019488662
rC29Qub0U7A$_$10,-0.6666666865348816,-0.2879036
rC29Qub0U7A$_$0,0.3333333432674408,0.23709776
rC29Qub0U7A$_$3,0.6666666865348816,0.300156
rC29Qub0U7A$_$5,1.0,0.07726831
rC29Qub0U7A$_$4,0.3333333432674408,0.08973321
rC29Qub0U7A$_$6,1.0,0.638155
rC29Qub0U7A$_$9,-0.6666666865348816,-0.15805821
rC29Qub0U7A$_$8,0.0,0.073905244
rcfnqiD0y8o$_$11,-1.0,-0.11554442
rcfnqiD0y8o$_$10,0.3333333432674408,-0.8232248
rcfnqiD0y8o$_$1,0.3333333432674408,0.05927796
rcfnqiD0y8o$_$0,1.6666666269302368,1.2572227
rcfnqiD0y8o$_$3,0.0,-0.042563118
rcfnqiD0y8o$_$2,0.0,-0.06575646
rcfnqiD0y8o$_$4,0.0,0.1446149
rcfnqiD0y8o$_$7,1.0,0.4166283
rcfnqiD0y8o$_$6,0.3333333432674408,0.29543906
rcfnqiD0y8o$_$9,-0.6666666865348816,0.16955763
rcfnqiD0y8o$_$8,0.6666666865348816,-0.64977825
rePYTlT5_AY$_$0,-0.3333333432674408,0.31812143
rePYTlT5_AY$_$2,0.0,0.8058515
rhQB8e999-Q$_$10,1.0,0.76567566
rhQB8e999-Q$_$13,1.0,0.7877815
rhQB8e999-Q$_$21,2.0,1.4883276
rhQB8e999-Q$_$19,2.0,0.96463835
rhQB8e999-Q$_$18,1.0,1.7301232
rhQB8e999-Q$_$1,1.3333333730697632,-0.154133
rhQB8e999-Q$_$0,0.6666666865348816,1.1388563
rhQB8e999-Q$_$5,0.0,0.9592055
rhQB8e999-Q$_$4,0.6666666865348816,0.7864753
rhQB8e999-Q$_$7,0.6666666865348816,0.5551909
rhQB8e999-Q$_$9,2.3333332538604736,1.1575183
rhQB8e999-Q$_$8,0.0,0.3663624
ryE9VBiR3p8$_$3,0.3333333432674408,-0.52219766
sIusv36VoBY$_$2,1.3333333730697632,0.7473086
sfaWfZ2-4c0$_$1,-2.3333332538604736,-0.029628202
sfaWfZ2-4c0$_$2,-2.3333332538604736,-0.8741396
sfaWfZ2-4c0$_$4,-0.3333333432674408,-0.23591943
skRqBxLLJkE$_$1,1.0,1.2377228
skRqBxLLJkE$_$0,1.0,1.2131605
svsbGQn389o$_$8,-1.3333333730697632,-0.83001864
svsbGQn389o$_$6,1.0,1.0307394
tC2KicUHB9Q$_$10,1.0,0.11505091
tC2KicUHB9Q$_$1,-1.0,-0.3154375
tC2KicUHB9Q$_$3,0.3333333432674408,0.2528751
tC2KicUHB9Q$_$2,0.3333333432674408,0.45287436
tC2KicUHB9Q$_$5,0.3333333432674408,0.2247164
tC2KicUHB9Q$_$4,0.0,1.0342937
tC2KicUHB9Q$_$7,-0.3333333432674408,-0.18912464
tC2KicUHB9Q$_$6,-0.3333333432674408,0.42854917
tC2KicUHB9Q$_$8,1.3333333730697632,0.4715507
tNd3--lvSXE$_$1,0.0,0.18538383
tNd3--lvSXE$_$0,2.0,0.907002
tNd3--lvSXE$_$3,0.0,-0.3660518
tNd3--lvSXE$_$2,-1.3333333730697632,-1.1031809
tNd3--lvSXE$_$5,1.6666666269302368,0.9602839
tNd3--lvSXE$_$4,0.6666666865348816,1.2972276
tNd3--lvSXE$_$6,0.6666666865348816,-0.025519565
tO68uTk-T_E$_$1,1.0,1.2766062
tO68uTk-T_E$_$9,0.6666666865348816,0.2495042
tO68uTk-T_E$_$7,1.0,0.40444368
tO68uTk-T_E$_$10,1.3333333730697632,0.19553004
tW5xAWDnbGU$_$1,0.6666666865348816,-1.5179331
tW5xAWDnbGU$_$0,0.3333333432674408,0.342807
tW5xAWDnbGU$_$7,-2.3333332538604736,-1.705326
tZDNinnrGf8$_$0,0.3333333432674408,-1.4850243
tZDNinnrGf8$_$2,0.6666666865348816,0.50410277
tZDNinnrGf8$_$5,0.3333333432674408,-0.4470933
tZDNinnrGf8$_$4,-0.3333333432674408,-0.033465877
teQqaAmqqx0$_$0,0.0,0.7000459
teQqaAmqqx0$_$3,0.0,0.3929081
tnWmVXZ87h0$_$10,0.0,-0.3070485
tnWmVXZ87h0$_$12,2.0,1.0800961
tnWmVXZ87h0$_$14,1.6666666269302368,0.63265336
tnWmVXZ87h0$_$1,0.6666666865348816,0.5965777
tnWmVXZ87h0$_$0,2.0,0.5007686
tnWmVXZ87h0$_$3,1.6666666269302368,0.19473808
tnWmVXZ87h0$_$7,2.0,0.1295403
tnWmVXZ87h0$_$9,2.0,0.6830293
ttfaZ8IIWCo$_$1,0.3333333432674408,-0.0818627
ttfaZ8IIWCo$_$0,-0.6666666865348816,-0.7044352
ttfaZ8IIWCo$_$3,1.3333333730697632,-0.10062598
ttfaZ8IIWCo$_$2,2.3333332538604736,0.7971472
ttfaZ8IIWCo$_$5,2.3333332538604736,0.44894916
ttfaZ8IIWCo$_$4,2.3333332538604736,1.7285585
ttfaZ8IIWCo$_$7,2.0,0.8996645
ttfaZ8IIWCo$_$6,1.0,0.6771878
ttfaZ8IIWCo$_$9,2.6666667461395264,1.8450707
tymso_pAxhk$_$1,0.6666666865348816,0.06358947
tymso_pAxhk$_$18,-0.3333333432674408,0.22601531
tymso_pAxhk$_$12,-1.0,0.092213355
tymso_pAxhk$_$15,0.0,0.056488838
tymso_pAxhk$_$17,0.3333333432674408,0.42984146
u9I5WD3Nglk$_$6,0.3333333432674408,0.1459674
u9ZV8jb_-U0$_$0,-1.6666666269302368,-0.40330964
u9ZV8jb_-U0$_$5,-0.3333333432674408,-0.3262648
uVM4JWjfGgQ$_$11,1.3333333730697632,1.4944582
uVM4JWjfGgQ$_$0,0.6666666865348816,1.1573098
uVM4JWjfGgQ$_$5,1.6666666269302368,0.89653206
um8WVjZMLUc$_$1,0.0,-0.63241297
um8WVjZMLUc$_$0,0.0,-1.1045548
unOeTDc2rlY$_$15,0.6666666865348816,0.7128142
unOeTDc2rlY$_$27,1.0,0.3543051
unOeTDc2rlY$_$20,1.0,0.27588552
unOeTDc2rlY$_$21,-0.3333333432674408,0.67961055
unOeTDc2rlY$_$23,0.6666666865348816,0.40819645
unOeTDc2rlY$_$33,2.6666667461395264,1.9393651
unOeTDc2rlY$_$31,1.0,-0.1264155
unOeTDc2rlY$_$30,0.6666666865348816,-0.059783764
unOeTDc2rlY$_$28,0.6666666865348816,0.11324704
unOeTDc2rlY$_$29,-0.3333333432674408,0.29326153
unOeTDc2rlY$_$35,0.6666666865348816,0.19395976
unOeTDc2rlY$_$36,2.0,1.305779
unOeTDc2rlY$_$1,0.3333333432674408,-0.35494226
unOeTDc2rlY$_$0,0.6666666865348816,0.7459566
unOeTDc2rlY$_$2,0.6666666865348816,0.24508242
unOeTDc2rlY$_$5,1.6666666269302368,0.21872233
unOeTDc2rlY$_$4,1.0,1.0585738
unOeTDc2rlY$_$8,0.0,0.28935277
unOeTDc2rlY$_$12,0.3333333432674408,0.82815504
unOeTDc2rlY$_$14,0.6666666865348816,0.69860256
uogwnZGb-iE$_$24,1.3333333730697632,1.6335955
uogwnZGb-iE$_$25,1.6666666269302368,1.3541976
uogwnZGb-iE$_$26,2.0,1.1530234
uogwnZGb-iE$_$27,2.6666667461395264,1.2549666
uogwnZGb-iE$_$20,1.6666666269302368,1.810018
uogwnZGb-iE$_$21,0.3333333432674408,1.086959
uogwnZGb-iE$_$22,2.0,2.1963305
uogwnZGb-iE$_$16,2.6666667461395264,2.340538
uogwnZGb-iE$_$19,1.6666666269302368,1.8252057
uogwnZGb-iE$_$32,3.0,1.6487352
uogwnZGb-iE$_$28,2.3333332538604736,1.9275936
uogwnZGb-iE$_$13,2.3333332538604736,1.8250664
uogwnZGb-iE$_$2,1.3333333730697632,0.38948053
uogwnZGb-iE$_$5,0.0,-0.100489736
uogwnZGb-iE$_$4,-0.3333333432674408,-0.29074532
uogwnZGb-iE$_$6,1.0,1.3932959
ussfmzwftQ8$_$1,1.6666666269302368,1.8854083
ussfmzwftQ8$_$3,1.3333333730697632,2.0672565
vB_kZocHtYo$_$8,0.0,0.17798124
vGkIaClHKDg$_$10,0.3333333432674408,0.62736225
vGkIaClHKDg$_$12,1.6666666269302368,0.043224838
vGkIaClHKDg$_$15,2.3333332538604736,1.6049367
vGkIaClHKDg$_$14,0.6666666865348816,0.44655567
vGkIaClHKDg$_$16,2.0,0.8462684
vGkIaClHKDg$_$18,0.3333333432674408,1.172881
vGkIaClHKDg$_$5,0.6666666865348816,1.3578109
vGkIaClHKDg$_$7,0.0,-0.045171678
vGkIaClHKDg$_$6,1.3333333730697632,1.6034333
vGkIaClHKDg$_$9,1.0,1.4307956
vGkIaClHKDg$_$8,1.0,0.7341294
vGxqVh_kJdo$_$1,0.3333333432674408,0.5538061
vGxqVh_kJdo$_$0,0.0,0.5683193
vI5JH0daNsM$_$3,1.0,0.8004495
vI5JH0daNsM$_$2,-0.6666666865348816,-0.17005594
vJDDEuE-FlY$_$2,-0.3333333432674408,-0.29584903
vJDDEuE-FlY$_$6,0.3333333432674408,0.46389693
vR90Pdx9wxs$_$1,0.6666666865348816,0.7589203
vR90Pdx9wxs$_$0,-0.3333333432674408,0.1754819
vR90Pdx9wxs$_$3,0.3333333432674408,0.9298311
vR90Pdx9wxs$_$2,1.3333333730697632,0.17893358
vR90Pdx9wxs$_$5,-0.3333333432674408,0.5456302
vR90Pdx9wxs$_$4,1.3333333730697632,-0.012872279
vR90Pdx9wxs$_$7,1.3333333730697632,1.91272
vTAV6FThy30$_$1,0.0,0.64899874
vTAV6FThy30$_$0,1.3333333730697632,1.1312208
vTAV6FThy30$_$2,2.3333332538604736,1.9041462
vTAV6FThy30$_$4,0.6666666865348816,0.73334605
vTAV6FThy30$_$7,0.6666666865348816,-0.13172396
vTAV6FThy30$_$6,1.3333333730697632,0.667613
vTAV6FThy30$_$9,2.0,1.4178914
v_8QeoNc4QY$_$1,0.0,-0.028965369
v_8QeoNc4QY$_$2,-0.6666666865348816,-0.16459948
v_8QeoNc4QY$_$5,0.3333333432674408,0.12540433
v_8QeoNc4QY$_$4,-0.3333333432674408,-0.60876346
v_8QeoNc4QY$_$7,1.0,-0.098259285
veA6ECsGFxI$_$0,0.6666666865348816,0.72883356
veA6ECsGFxI$_$3,0.0,0.40877765
wC_1M7KIv9s$_$24,0.0,-0.07758096
wC_1M7KIv9s$_$10,-0.3333333432674408,-0.31482607
wC_1M7KIv9s$_$13,0.3333333432674408,-0.61467934
wC_1M7KIv9s$_$12,0.3333333432674408,-0.04427643
wC_1M7KIv9s$_$14,0.6666666865348816,0.21361394
wC_1M7KIv9s$_$17,0.3333333432674408,-0.1963997
wC_1M7KIv9s$_$23,0.0,-0.3387797
wC_1M7KIv9s$_$19,0.6666666865348816,0.27007765
wC_1M7KIv9s$_$18,0.3333333432674408,0.65542096
wC_1M7KIv9s$_$28,1.6666666269302368,1.0972745
wC_1M7KIv9s$_$1,0.6666666865348816,-0.34528422
wC_1M7KIv9s$_$0,1.0,0.24399857
wC_1M7KIv9s$_$3,0.6666666865348816,-0.05048754
wC_1M7KIv9s$_$11,-0.3333333432674408,0.1857285
wC_1M7KIv9s$_$5,0.0,-0.104934454
wC_1M7KIv9s$_$25,2.0,0.6288742
wC_1M7KIv9s$_$6,1.6666666269302368,0.09680018
wC_1M7KIv9s$_$9,0.0,-0.049894407
wC_1M7KIv9s$_$8,1.0,0.5648763
wC_1M7KIv9s$_$21,-0.3333333432674408,-0.2105184
wHeZHLv9wGI$_$12,-0.6666666865348816,-0.35434037
wO8fUOC4OSE$_$0,-1.0,-0.72914547
wO8fUOC4OSE$_$5,-1.3333333730697632,-1.9970742
wd8VQ5E7o7o$_$3,1.6666666269302368,1.7026774
wd8VQ5E7o7o$_$2,1.3333333730697632,1.1826959
wk5lFk5kFjY$_$3,1.0,1.1119312
wnL3ld9bM2o$_$25,2.0,-0.20007642
wnL3ld9bM2o$_$20,2.3333332538604736,0.54197496
wnL3ld9bM2o$_$21,0.3333333432674408,-0.5213182
wnL3ld9bM2o$_$22,0.3333333432674408,-0.08294596
wnL3ld9bM2o$_$23,1.3333333730697632,-0.8877319
wnL3ld9bM2o$_$1,0.6666666865348816,1.2162904
wnL3ld9bM2o$_$0,0.6666666865348816,0.3586352
wnL3ld9bM2o$_$3,1.3333333730697632,0.46028024
wnL3ld9bM2o$_$2,0.3333333432674408,-0.0036423504
wnL3ld9bM2o$_$5,0.6666666865348816,0.1765994
wnL3ld9bM2o$_$4,0.3333333432674408,1.2808515
wnL3ld9bM2o$_$9,1.0,0.9650173
wnL3ld9bM2o$_$11,1.0,0.9134211
wnL3ld9bM2o$_$10,0.0,0.8813985
wnL3ld9bM2o$_$13,0.3333333432674408,0.5920262
wnL3ld9bM2o$_$12,0.6666666865348816,0.6076089
wnL3ld9bM2o$_$15,0.0,-0.11307332
wnL3ld9bM2o$_$14,0.0,0.07959655
wnL3ld9bM2o$_$17,2.0,1.1967896
wnL3ld9bM2o$_$16,1.0,0.5203336
wnL3ld9bM2o$_$19,1.6666666269302368,0.22225043
wnL3ld9bM2o$_$18,1.6666666269302368,0.91544735
wznRBN1fWj4$_$10,-0.3333333432674408,0.38246566
wznRBN1fWj4$_$0,0.0,-0.17929481
wznRBN1fWj4$_$2,-0.3333333432674408,-0.058816507
wznRBN1fWj4$_$5,0.0,-0.089292645
wznRBN1fWj4$_$7,-1.3333333730697632,-1.0549327
wznRBN1fWj4$_$6,0.0,0.4172666
wznRBN1fWj4$_$9,1.6666666269302368,0.5226195
x0rLwBIocuI$_$12,0.3333333432674408,1.1160047
x0rLwBIocuI$_$4,0.0,0.05781027
x0rLwBIocuI$_$7,-0.6666666865348816,-0.9386308
x266rUJQC_8$_$10,-0.6666666865348816,-0.42345738
x266rUJQC_8$_$12,0.6666666865348816,0.3720821
x266rUJQC_8$_$2,-0.6666666865348816,-0.7322934
x266rUJQC_8$_$5,-1.6666666269302368,-1.0896102
x266rUJQC_8$_$0,0.3333333432674408,0.048015513
x2n19Cn96aw$_$9,0.0,-0.008820683
x2n19Cn96aw$_$4,-0.3333333432674408,0.21992765
x8UZQkN52o4$_$11,-1.3333333730697632,-0.49119043
x8UZQkN52o4$_$10,-0.3333333432674408,-0.8240591
x8UZQkN52o4$_$12,0.0,-0.3310799
x8UZQkN52o4$_$3,-0.3333333432674408,0.21830732
x8UZQkN52o4$_$2,-1.3333333730697632,-0.41912705
x8UZQkN52o4$_$5,0.0,0.014167685
x8UZQkN52o4$_$6,0.6666666865348816,-0.25578874
x8UZQkN52o4$_$9,0.3333333432674408,0.25739786
xBE9YWYGjtk$_$1,0.3333333432674408,-0.74234486
xBE9YWYGjtk$_$0,2.3333332538604736,0.53190917
xBE9YWYGjtk$_$3,1.6666666269302368,0.3282882
xBE9YWYGjtk$_$2,1.3333333730697632,1.1443778
xBE9YWYGjtk$_$5,1.6666666269302368,-0.29873794
xBE9YWYGjtk$_$4,1.6666666269302368,-0.74398863
xBE9YWYGjtk$_$7,2.0,0.80698514
xBE9YWYGjtk$_$6,1.6666666269302368,0.15556362
xBE9YWYGjtk$_$9,1.6666666269302368,1.3925812
xBE9YWYGjtk$_$8,1.3333333730697632,0.210696
xSCvspXYU9k$_$20,-1.6666666269302368,-1.2664481
xSCvspXYU9k$_$14,-1.6666666269302368,-0.9176622
xSCvspXYU9k$_$19,-1.0,-0.94233143
xSCvspXYU9k$_$18,-1.3333333730697632,-1.1660981
xSCvspXYU9k$_$0,1.0,0.37005115
xSCvspXYU9k$_$5,-1.0,-1.1351931
xSCvspXYU9k$_$7,0.0,0.77475685
xSCvspXYU9k$_$8,0.0,-0.32264006
xU3N7ujUB-g$_$1,-0.3333333432674408,0.15069121
xU3N7ujUB-g$_$3,0.6666666865348816,0.6867263
xU3N7ujUB-g$_$2,2.0,0.77572405
xU3N7ujUB-g$_$4,0.0,0.42938262
xXXcgb9eZ9Y$_$1,0.0,-0.16747928
xXXcgb9eZ9Y$_$3,0.0,-0.44349766
xXXcgb9eZ9Y$_$2,0.0,0.62455463
xXXcgb9eZ9Y$_$4,-0.3333333432674408,0.39130652
xXXcgb9eZ9Y$_$7,-0.3333333432674408,-0.10616307
xXXcgb9eZ9Y$_$6,0.0,-0.29767305
xXXcgb9eZ9Y$_$8,0.3333333432674408,-0.29598075
xkEK17UUyi4$_$0,0.0,0.8041121
xmLJHru6Z1M$_$12,1.0,-0.0033992603
xmLJHru6Z1M$_$14,1.0,-0.2682072
xmLJHru6Z1M$_$5,0.6666666865348816,0.047351047
xmLJHru6Z1M$_$6,0.0,0.2578143
xmLJHru6Z1M$_$9,0.0,0.1507527
xmLJHru6Z1M$_$8,0.3333333432674408,-0.011489198
xobMRm5Vs44$_$1,0.0,1.2251309
xwvSYhQrHoA$_$0,0.0,0.45054716
xwvSYhQrHoA$_$4,0.0,0.7648618
y3r2kk8zvl0$_$11,-0.5,-0.100847706
y3r2kk8zvl0$_$10,0.0,-0.08715324
y3r2kk8zvl0$_$13,0.1666666716337204,0.26550984
y3r2kk8zvl0$_$12,0.0,-0.59510654
y3r2kk8zvl0$_$1,0.8333333134651184,0.71245074
y3r2kk8zvl0$_$0,0.5,0.64407206
y3r2kk8zvl0$_$3,0.3333333432674408,1.3522823
y3r2kk8zvl0$_$2,0.6666666865348816,0.30282676
y3r2kk8zvl0$_$5,0.6666666865348816,0.19598328
y3r2kk8zvl0$_$4,0.0,0.4164334
y3r2kk8zvl0$_$7,-0.5,-0.36345345
y3r2kk8zvl0$_$6,0.3333333432674408,0.10450697
y3r2kk8zvl0$_$9,-0.6666666865348816,0.33339274
y3r2kk8zvl0$_$8,0.3333333432674408,0.485743
y5Jpf48SUX8$_$1,0.6666666865348816,0.3212396
y5Jpf48SUX8$_$7,0.6666666865348816,0.21963736
yBtMwyQFXwA$_$11,0.6666666865348816,1.2112054
yBtMwyQFXwA$_$10,0.0,0.42162907
yBtMwyQFXwA$_$0,0.6666666865348816,1.0559932
yBtMwyQFXwA$_$3,0.6666666865348816,0.57420063
yBtMwyQFXwA$_$4,0.6666666865348816,0.5212137
yBtMwyQFXwA$_$7,1.6666666269302368,0.39230615
yBtMwyQFXwA$_$6,0.6666666865348816,0.9688953
yBtMwyQFXwA$_$8,1.0,0.26951146
yCpHmPSshKY$_$1,1.6666666269302368,0.3228113
yCpHmPSshKY$_$0,0.6666666865348816,0.2129872
yCpHmPSshKY$_$3,1.0,0.017929632
yCpHmPSshKY$_$2,-0.6666666865348816,-0.5900446
yLo-Jl8nBXU$_$11,0.6666666865348816,0.59094226
yLo-Jl8nBXU$_$13,1.0,0.06360188
yLo-Jl8nBXU$_$0,0.0,0.1853915
yLo-Jl8nBXU$_$7,1.6666666269302368,1.2832494
yLo-Jl8nBXU$_$6,1.3333333730697632,0.93621093
yLo-Jl8nBXU$_$9,-0.3333333432674408,0.41653764
yLo-Jl8nBXU$_$8,0.0,-0.115658864
ySblgk7T7eQ$_$11,-0.3333333432674408,0.063794166
ySblgk7T7eQ$_$10,-0.3333333432674408,0.8142109
ySblgk7T7eQ$_$13,0.0,-0.89103544
ySblgk7T7eQ$_$12,-0.3333333432674408,-0.7276473
ySblgk7T7eQ$_$14,0.6666666865348816,-0.48069555
ySblgk7T7eQ$_$1,0.3333333432674408,0.13095044
ySblgk7T7eQ$_$0,1.0,1.5971683
ySblgk7T7eQ$_$3,-1.3333333730697632,0.9802724
ySblgk7T7eQ$_$2,0.0,-0.03860014
ySblgk7T7eQ$_$5,0.0,0.803828
ySblgk7T7eQ$_$4,0.6666666865348816,0.70187414
ySblgk7T7eQ$_$7,-0.3333333432674408,-2.0735781
ySblgk7T7eQ$_$6,-0.6666666865348816,-0.42134386
ySblgk7T7eQ$_$9,1.0,-0.6013944
ySblgk7T7eQ$_$8,0.0,0.049019657
yUqNp-poh9M$_$11,-0.3333333432674408,0.44920373
yUqNp-poh9M$_$10,0.6666666865348816,0.65708405
yUqNp-poh9M$_$13,0.0,0.37887865
yUqNp-poh9M$_$12,0.0,0.65223914
yUqNp-poh9M$_$15,1.6666666269302368,1.1284796
yUqNp-poh9M$_$14,0.6666666865348816,0.31030643
yUqNp-poh9M$_$1,1.0,0.042057984
yUqNp-poh9M$_$0,-0.6666666865348816,-0.47571683
yUqNp-poh9M$_$3,-0.3333333432674408,-0.06472491
yUqNp-poh9M$_$2,-0.3333333432674408,-0.5388162
yUqNp-poh9M$_$5,0.0,-0.18319054
yUqNp-poh9M$_$4,-0.3333333432674408,-0.11647652
yUqNp-poh9M$_$7,0.0,0.413387
yUqNp-poh9M$_$6,0.0,-0.057541884
yUqNp-poh9M$_$9,0.0,-0.4629742
yUqNp-poh9M$_$8,0.0,-0.53931725
yXE_XZUb8qE$_$12,0.0,0.21892713
yXE_XZUb8qE$_$4,-0.6666666865348816,-0.24426775
yXE_XZUb8qE$_$6,0.0,-0.081298426
ybK5wRaaUyE$_$13,1.0,0.15326858
ybK5wRaaUyE$_$19,-1.3333333730697632,-1.4639268
ybK5wRaaUyE$_$18,-0.6666666865348816,-0.47397792
ybK5wRaaUyE$_$0,-1.6666666269302368,-0.73920393
ybK5wRaaUyE$_$3,-1.6666666269302368,-0.71569383
ybK5wRaaUyE$_$2,-0.3333333432674408,0.32845378
ydzNAuqUAnc$_$1,0.6666666865348816,-0.66476536
ydzNAuqUAnc$_$0,-0.3333333432674408,-0.46545708
ydzNAuqUAnc$_$2,-0.6666666865348816,0.20970482
ydzNAuqUAnc$_$6,-1.0,0.4094509
yoDMh8FlHR8$_$0,1.6666666269302368,0.41188776
yoDMh8FlHR8$_$4,-0.3333333432674408,0.4914387
yzCHa2qchpg$_$1,-2.0,1.1551458
yzCHa2qchpg$_$0,0.3333333432674408,0.25314516
yzCHa2qchpg$_$2,1.3333333730697632,1.1877187
z0y1ZxH1f74$_$10,-0.6666666865348816,-0.43897778
z0y1ZxH1f74$_$14,-0.6666666865348816,-0.50014913
z0y1ZxH1f74$_$3,-0.6666666865348816,-0.9508575
z0y1ZxH1f74$_$2,-1.0,-0.7491728
z0y1ZxH1f74$_$5,-0.6666666865348816,-0.39989024
z0y1ZxH1f74$_$7,-1.3333333730697632,-0.72697455
z0y1ZxH1f74$_$6,-1.3333333730697632,-1.2168113
z441aDJvAcU$_$24,1.0,0.40356773
z441aDJvAcU$_$25,1.6666666269302368,1.1022595
z441aDJvAcU$_$13,-1.0,-0.30238038
z441aDJvAcU$_$12,0.0,-0.10018943
z441aDJvAcU$_$20,1.0,0.905609
z441aDJvAcU$_$21,0.3333333432674408,0.6456149
z441aDJvAcU$_$22,0.0,-0.19690768
z441aDJvAcU$_$23,1.3333333730697632,1.3845732
z441aDJvAcU$_$19,1.6666666269302368,0.5655246
z441aDJvAcU$_$1,0.0,0.32557625
z441aDJvAcU$_$5,0.3333333432674408,0.3589722
z441aDJvAcU$_$4,0.0,0.43331498
z441aDJvAcU$_$6,1.3333333730697632,1.1576207
z441aDJvAcU$_$8,0.3333333432674408,0.27561605
zfZUOvZZTuk$_$11,-0.6666666865348816,-0.07957117
zfZUOvZZTuk$_$10,0.0,0.0051417947
zfZUOvZZTuk$_$13,0.0,-0.65702504
zfZUOvZZTuk$_$12,-1.0,-0.6667596
zfZUOvZZTuk$_$15,0.0,0.003583245
zfZUOvZZTuk$_$14,0.0,-0.3026576
zfZUOvZZTuk$_$17,0.6666666865348816,-0.06464648
zfZUOvZZTuk$_$16,0.0,-0.11362846
zfZUOvZZTuk$_$18,0.0,0.17626311
zfZUOvZZTuk$_$1,0.0,-0.1608501
zfZUOvZZTuk$_$0,0.0,0.22332388
zfZUOvZZTuk$_$3,-1.0,-0.63656807
zfZUOvZZTuk$_$2,0.0,-0.027735054
zfZUOvZZTuk$_$5,-0.3333333432674408,-0.40129036
zfZUOvZZTuk$_$4,0.0,-0.15266392
zfZUOvZZTuk$_$7,1.0,-0.57032627
zfZUOvZZTuk$_$6,-0.6666666865348816,-0.37523717
zfZUOvZZTuk$_$9,0.0,0.21971633
zfZUOvZZTuk$_$20,-0.3333333432674408,0.61450946
zfZUOvZZTuk$_$8,0.0,0.21062565
zhNksSReaQk$_$42,1.0,0.6946921
zhNksSReaQk$_$43,1.3333333730697632,1.8617989
zhNksSReaQk$_$24,-0.6666666865348816,0.41939163
zhNksSReaQk$_$25,0.0,0.040535115
zhNksSReaQk$_$26,0.0,-0.14294797
zhNksSReaQk$_$27,0.0,0.31111503
zhNksSReaQk$_$20,0.0,0.19191517
zhNksSReaQk$_$21,-0.6666666865348816,-0.3776458
zhNksSReaQk$_$22,0.0,0.44799864
zhNksSReaQk$_$23,0.3333333432674408,-0.87503576
zhNksSReaQk$_$46,0.6666666865348816,1.3781928
zhNksSReaQk$_$44,-1.0,1.156264
zhNksSReaQk$_$45,-0.3333333432674408,1.1951274
zhNksSReaQk$_$28,-1.0,-0.2434446
zhNksSReaQk$_$29,-2.0,-2.1026967
zhNksSReaQk$_$40,1.6666666269302368,0.5732999
zhNksSReaQk$_$41,-0.3333333432674408,0.5374233
zhNksSReaQk$_$1,0.0,0.28530473
zhNksSReaQk$_$3,0.3333333432674408,1.3339733
zhNksSReaQk$_$2,0.0,0.07454547
zhNksSReaQk$_$5,0.0,1.2294576
zhNksSReaQk$_$4,-0.3333333432674408,-0.84001744
zhNksSReaQk$_$7,0.0,-0.5809055
zhNksSReaQk$_$6,0.0,-0.71695393
zhNksSReaQk$_$9,0.3333333432674408,0.93026155
zhNksSReaQk$_$8,0.0,0.03882745
zhNksSReaQk$_$10,0.0,0.43378246
zhNksSReaQk$_$39,-1.3333333730697632,-0.7658982
zhNksSReaQk$_$12,0.3333333432674408,0.33563358
zhNksSReaQk$_$15,0.0,-0.49081862
zhNksSReaQk$_$14,1.0,-0.09553327
zhNksSReaQk$_$17,-0.3333333432674408,-0.17070277
zhNksSReaQk$_$19,-0.3333333432674408,0.01912278
zhNksSReaQk$_$18,0.0,0.2558539
zhNksSReaQk$_$31,0.0,0.33476144
zhNksSReaQk$_$30,-0.6666666865348816,-1.1473957
zhNksSReaQk$_$37,0.0,-0.26067233
zhNksSReaQk$_$36,0.0,-1.1767913
zhNksSReaQk$_$35,0.0,0.20053586
zhNksSReaQk$_$34,-2.0,-0.898514
zhNksSReaQk$_$33,0.0,0.8466854
zvZd3V5D5Ik$_$3,1.0,1.4136215
zvZd3V5D5Ik$_$2,1.6666666269302368,0.84113777
