segment_id,true_label,prediction
-6rXp3zJ3kc$_$9,0.3333333432674408,0.4854744
-6rXp3zJ3kc$_$8,-1.0,-0.5367683
-6rXp3zJ3kc$_$3,0.0,0.52631843
-9y-fZ3swSY$_$1,1.3333333730697632,1.7105399
-9y-fZ3swSY$_$0,1.0,1.4271923
-9y-fZ3swSY$_$3,1.3333333730697632,0.11075772
-9y-fZ3swSY$_$2,0.3333333432674408,-0.13684663
-9y-fZ3swSY$_$4,0.0,0.060819373
-9y-fZ3swSY$_$7,0.3333333432674408,0.09063393
-9y-fZ3swSY$_$6,-0.3333333432674408,0.1746597
-9y-fZ3swSY$_$8,1.6666666269302368,0.39787066
-AUZQgSxyPQ$_$2,0.6666666865348816,1.535259
-HeZS2-Prhc$_$1,1.3333333730697632,0.9473795
-HeZS2-Prhc$_$8,-0.6666666865348816,-0.15565708
-HeZS2-Prhc$_$2,0.6666666865348816,0.47965318
-HeZS2-Prhc$_$5,1.0,0.5227849
-MeTTeMJBNc$_$0,0.3333333432674408,0.5312478
-MeTTeMJBNc$_$13,0.3333333432674408,0.6557474
-MeTTeMJBNc$_$2,0.0,1.2490209
-MeTTeMJBNc$_$7,1.3333333730697632,0.4867772
-RfYyzHpjk4$_$11,2.0,1.395505
-RfYyzHpjk4$_$8,0.3333333432674408,0.07980768
-RfYyzHpjk4$_$2,0.3333333432674408,-0.111488104
-RfYyzHpjk4$_$9,0.0,0.604174
-UUCSKoHeMA$_$9,0.6666666865348816,0.33941078
-UUCSKoHeMA$_$10,-0.3333333432674408,0.13029297
-UUCSKoHeMA$_$2,0.0,0.52057844
-UUCSKoHeMA$_$0,0.0,0.18919963
-cEhr0cQcDM$_$8,0.0,-0.052794248
-cEhr0cQcDM$_$14,1.3333333730697632,1.2992109
-ri04Z7vwnc$_$1,-0.3333333432674408,0.06493378
-ri04Z7vwnc$_$0,0.0,-0.029363222
-ri04Z7vwnc$_$2,-0.3333333432674408,0.15826294
-ri04Z7vwnc$_$5,0.3333333432674408,0.3251832
-ri04Z7vwnc$_$7,0.6666666865348816,0.31814098
-ri04Z7vwnc$_$6,1.0,0.32768148
-rxZxtG0xmY$_$0,-1.0,0.1678712
-rxZxtG0xmY$_$2,0.0,-0.24292389
-s9qJ7ATP7w$_$1,0.6666666865348816,0.14222004
-s9qJ7ATP7w$_$0,-0.3333333432674408,-0.32522994
-s9qJ7ATP7w$_$3,0.6666666865348816,0.69515955
-s9qJ7ATP7w$_$2,1.3333333730697632,1.1061037
-s9qJ7ATP7w$_$5,-2.0,-1.0359113
-s9qJ7ATP7w$_$4,0.0,0.08231982
-s9qJ7ATP7w$_$7,1.0,0.23691176
-s9qJ7ATP7w$_$6,0.0,0.014093824
-s9qJ7ATP7w$_$9,1.0,0.19134077
-s9qJ7ATP7w$_$8,1.3333333730697632,0.8569592
-yRb-Jum7EQ$_$1,0.0,-0.46286148
-yRb-Jum7EQ$_$3,0.0,-0.70137775
-yRb-Jum7EQ$_$5,-0.6666666865348816,-0.50505453
-yRb-Jum7EQ$_$4,0.0,-0.08566065
-yRb-Jum7EQ$_$6,0.0,-0.8708871
0Fqav67TDEw$_$1,0.3333333432674408,0.99441373
0JaYazphxfM$_$5,1.0,0.43716902
0JaYazphxfM$_$6,0.0,0.2121044
0K7dCp80n9c$_$13,0.3333333432674408,0.1345646
0K7dCp80n9c$_$12,1.6666666269302368,0.6206915
0K7dCp80n9c$_$2,0.0,0.05168113
0K7dCp80n9c$_$5,0.0,0.66808295
0K7dCp80n9c$_$4,0.3333333432674408,-0.548632
0K7dCp80n9c$_$7,0.0,0.34605372
0K7dCp80n9c$_$6,0.0,-0.0046069995
0K7dCp80n9c$_$8,1.0,0.037819922
0PlQc98SccA$_$0,0.6666666865348816,0.26558417
0PlQc98SccA$_$3,0.3333333432674408,0.22258319
0PlQc98SccA$_$2,0.3333333432674408,0.35424674
0YiAKqU36KE$_$1,1.3333333730697632,-0.22838329
0YiAKqU36KE$_$0,-1.0,-1.0933889
0YiAKqU36KE$_$3,1.0,0.18797958
0YiAKqU36KE$_$2,0.0,-0.5055681
0YiAKqU36KE$_$5,-1.6666666269302368,-0.57033485
0YiAKqU36KE$_$4,0.0,0.019381806
0YiAKqU36KE$_$7,-0.3333333432674408,1.188441
0YiAKqU36KE$_$6,1.6666666269302368,0.81585
0YiAKqU36KE$_$8,0.0,-0.21649222
0bxhZ-LIfZY$_$3,-0.3333333432674408,-0.36480105
0bxhZ-LIfZY$_$4,-0.3333333432674408,0.10046679
0eTibWQdO5M$_$6,-0.6666666865348816,0.60688734
0uftSGdwo0Q$_$11,1.3333333730697632,0.5915235
0uftSGdwo0Q$_$0,0.0,0.4854989
0uftSGdwo0Q$_$3,0.3333333432674408,0.3530197
0uftSGdwo0Q$_$6,0.6666666865348816,0.46039754
100178$_$11,-2.0,-1.8026721
100178$_$10,0.0,-0.6150491
100178$_$13,1.3333333730697632,1.339249
100178$_$12,-1.3333333730697632,-0.6334055
100178$_$15,0.0,-0.46077186
100178$_$14,0.6666666865348816,-0.03778164
100178$_$17,-1.3333333730697632,-1.432518
100178$_$16,0.3333333432674408,0.35236597
100178$_$1,0.0,-0.1432594
100178$_$0,0.0,0.58695555
100178$_$3,0.0,0.16620955
100178$_$2,0.0,-0.09388262
100178$_$5,0.3333333432674408,0.44661897
100178$_$4,0.0,0.07519699
100178$_$7,-0.6666666865348816,0.28588122
100178$_$6,-2.0,-1.7087327
100178$_$9,-1.0,-1.1907232
100178$_$8,-2.3333332538604736,-0.6950017
10219$_$11,2.6666667461395264,1.1736062
10219$_$10,2.0,-0.4253646
10219$_$13,2.0,1.0926627
10219$_$12,0.0,-0.007892236
10219$_$1,0.0,0.0552516
10219$_$0,0.0,0.22681893
10219$_$3,0.6666666865348816,0.11059074
10219$_$2,2.6666667461395264,1.606302
10219$_$5,1.6666666269302368,0.9059569
10219$_$4,1.0,0.19990343
10219$_$7,1.3333333730697632,0.99466574
10219$_$6,0.0,0.22958536
10219$_$9,1.3333333730697632,1.0769117
10219$_$8,0.3333333432674408,0.7150849
102213$_$11,-2.0,-1.6339673
102213$_$10,-1.6666666269302368,0.23694552
102213$_$13,-1.0,0.70062387
102213$_$12,-2.3333332538604736,-1.3561746
102213$_$1,0.3333333432674408,-0.027483884
102213$_$0,0.0,0.08545681
102213$_$3,0.3333333432674408,-1.264893
102213$_$2,1.3333333730697632,1.0096508
102213$_$5,-1.0,-0.7102827
102213$_$4,-0.3333333432674408,-0.40585095
102213$_$7,-1.0,-0.5613006
102213$_$6,-0.6666666865348816,0.13478939
102213$_$9,-1.3333333730697632,-1.395126
102213$_$8,0.0,-0.45709223
102389$_$11,-1.0,-0.80411947
102389$_$10,-0.6666666865348816,0.2947473
102389$_$13,0.3333333432674408,0.2496203
102389$_$12,-2.0,0.007790759
102389$_$14,-1.6666666269302368,0.8356571
102389$_$1,-2.0,-1.7451314
102389$_$0,0.0,0.54411364
102389$_$3,0.0,0.4621169
102389$_$2,0.0,0.041543126
102389$_$5,-1.6666666269302368,-0.24350567
102389$_$4,0.0,0.4152857
102389$_$7,-1.0,-0.43438965
102389$_$6,-1.3333333730697632,-0.17214178
102389$_$9,-0.3333333432674408,-0.42946368
102389$_$8,-1.6666666269302368,-1.202593
104741$_$1,0.0,0.22923703
104741$_$0,0.0,0.51622355
104741$_$3,-1.6666666269302368,0.14080049
104741$_$2,-1.6666666269302368,-1.832659
104741$_$5,0.0,0.21450353
104741$_$4,-0.3333333432674408,0.0067401417
104741$_$7,-1.3333333730697632,-0.93440926
104741$_$6,0.3333333432674408,-0.048071243
104741$_$9,-0.6666666865348816,0.8655907
104741$_$8,-0.6666666865348816,-1.4219068
107585$_$11,-2.0,-0.27324653
107585$_$10,-1.3333333730697632,-1.0239079
107585$_$13,-1.0,-0.59444743
107585$_$12,-2.0,-1.9310633
107585$_$15,-1.0,-0.42731798
107585$_$14,-1.0,-1.6881689
107585$_$17,-1.0,0.33149225
107585$_$16,-0.6666666865348816,-0.72820395
107585$_$19,-1.0,-1.7362612
107585$_$18,-2.0,-1.7065581
107585$_$1,-0.6666666865348816,0.65742266
107585$_$0,0.3333333432674408,0.24973418
107585$_$3,-2.3333332538604736,-1.8752953
107585$_$2,-2.0,-1.7256033
107585$_$5,-1.3333333730697632,-1.35139
107585$_$4,-2.0,-0.99702996
107585$_$7,-1.0,-0.6630047
107585$_$6,-2.0,-1.2214777
107585$_$9,-2.0,-1.3895545
107585$_$8,-2.0,-0.8434477
108146$_$11,-1.0,-0.025583193
108146$_$10,-1.6666666269302368,-1.1106037
108146$_$1,1.6666666269302368,1.3253566
108146$_$0,0.0,0.37078464
108146$_$3,-1.6666666269302368,-1.2653358
108146$_$2,1.3333333730697632,0.21041693
108146$_$5,1.0,0.8976141
108146$_$4,-2.6666667461395264,-1.7024051
108146$_$7,-2.0,-0.7433844
108146$_$6,1.3333333730697632,0.10864429
108146$_$9,-2.0,-1.6419244
108146$_$8,-0.3333333432674408,-0.40221965
110565$_$1,-1.0,1.2921486
110565$_$0,-2.0,-1.0544231
110565$_$3,-1.6666666269302368,-1.5526412
110565$_$2,-1.0,-0.6886569
110565$_$5,1.0,1.2666134
110565$_$4,1.6666666269302368,1.6658428
110565$_$7,-1.3333333730697632,-1.625264
110565$_$6,-1.3333333730697632,-1.3420017
110565$_$8,-1.6666666269302368,-1.3515635
111881$_$11,-1.0,-0.7225306
111881$_$10,-2.0,-0.62863696
111881$_$13,0.0,-0.8572073
111881$_$12,-2.0,-1.3914942
111881$_$15,-2.0,-0.9136835
111881$_$14,0.3333333432674408,-0.3211816
111881$_$17,-1.6666666269302368,-0.11175746
111881$_$16,-2.0,-1.1309718
111881$_$1,-0.3333333432674408,0.72553146
111881$_$0,0.0,-0.0025458112
111881$_$3,-1.0,0.5271599
111881$_$2,-2.6666667461395264,-1.493896
111881$_$5,0.0,-0.09445023
111881$_$4,-1.3333333730697632,0.12176183
111881$_$7,-2.0,-0.8876554
111881$_$6,0.3333333432674408,0.38964522
111881$_$9,-2.0,0.11336617
111881$_$8,0.6666666865348816,0.49617863
112425$_$11,1.6666666269302368,1.6568705
112425$_$10,2.3333332538604736,0.23868145
112425$_$12,0.3333333432674408,0.018747129
112425$_$1,0.6666666865348816,0.31186754
112425$_$0,0.0,0.08296858
112425$_$3,0.6666666865348816,0.34054053
112425$_$2,1.6666666269302368,1.1192752
112425$_$5,-1.0,-1.8156945
112425$_$4,2.0,1.4227754
112425$_$7,1.3333333730697632,2.3710904
112425$_$6,1.0,1.0690445
112425$_$9,2.6666667461395264,1.6053622
112425$_$8,2.6666667461395264,0.273027
112509$_$1,-1.0,-1.6915721
112509$_$0,-0.3333333432674408,-0.14713787
112509$_$3,-1.3333333730697632,0.3943457
112509$_$2,-0.3333333432674408,-0.35658163
112509$_$5,1.3333333730697632,2.1387205
112509$_$4,-2.0,-0.42792457
116213$_$11,0.3333333432674408,0.9632586
116213$_$10,0.0,0.6601261
116213$_$12,1.3333333730697632,1.641111
116213$_$1,2.3333332538604736,1.0958507
116213$_$0,0.3333333432674408,0.50941145
116213$_$3,-0.6666666865348816,0.008104555
116213$_$2,2.3333332538604736,1.563461
116213$_$5,1.6666666269302368,0.37248445
116213$_$4,0.0,-0.65922666
116213$_$7,0.0,0.2133726
116213$_$6,-0.3333333432674408,-0.16750693
116213$_$9,0.3333333432674408,0.5058415
116213$_$8,-0.6666666865348816,0.36363113
11UtTaDYgII$_$11,1.6666666269302368,1.0049714
11UtTaDYgII$_$0,1.6666666269302368,1.587637
11UtTaDYgII$_$3,1.3333333730697632,0.91589606
11UtTaDYgII$_$2,2.0,1.2540395
11UtTaDYgII$_$4,1.3333333730697632,0.8198654
11UtTaDYgII$_$7,0.6666666865348816,0.60641927
11UtTaDYgII$_$8,2.0,1.4137155
121400$_$11,-0.3333333432674408,0.017409928
121400$_$10,-0.6666666865348816,0.030974358
121400$_$1,-2.3333332538604736,-2.0304556
121400$_$0,0.0,0.67586327
121400$_$3,0.0,-0.23417994
121400$_$2,-0.6666666865348816,-1.4463111
121400$_$5,0.0,0.66335696
121400$_$4,1.0,1.8732619
121400$_$7,0.0,-0.2484958
121400$_$6,0.6666666865348816,0.18138494
121400$_$9,-0.3333333432674408,-0.33163905
121400$_$8,0.0,1.3535868
126872$_$11,-2.0,-0.91451085
126872$_$10,0.0,-0.2851507
126872$_$13,-0.6666666865348816,-0.5545265
126872$_$12,-0.3333333432674408,0.41827476
126872$_$14,-2.0,-0.19181736
126872$_$1,-1.0,-1.5524521
126872$_$0,0.0,-0.023983411
126872$_$3,-0.6666666865348816,-0.552384
126872$_$2,-2.0,-0.88407254
126872$_$5,-2.6666667461395264,-0.13348582
126872$_$4,-2.0,-1.544921
126872$_$7,-0.3333333432674408,-1.0106215
126872$_$6,-1.0,-1.0831374
126872$_$9,-1.6666666269302368,-1.6441764
126872$_$8,-1.6666666269302368,-1.4191355
130366$_$11,-1.3333333730697632,-0.71590745
130366$_$10,-0.3333333432674408,0.28565663
130366$_$1,0.3333333432674408,-0.16308063
130366$_$0,0.3333333432674408,0.2569062
130366$_$3,0.0,-0.38338304
130366$_$2,0.3333333432674408,0.12153949
130366$_$5,0.0,-0.060315758
130366$_$4,-0.3333333432674408,0.043687053
130366$_$7,-2.3333332538604736,-1.9265417
130366$_$6,-2.0,-1.5757586
130366$_$9,-0.6666666865348816,-0.14519162
130366$_$8,-1.0,0.4784031
132028$_$1,0.0,-0.03612063
132028$_$0,0.0,0.09922941
132028$_$3,-1.3333333730697632,0.20560943
132028$_$2,-1.3333333730697632,-1.2922353
132028$_$5,0.0,0.3757977
132028$_$4,1.0,1.5155174
132028$_$7,0.3333333432674408,0.77256596
132028$_$6,-0.3333333432674408,0.97982645
135623$_$1,-1.6666666269302368,-1.3219274
135623$_$0,0.0,0.5935607
135623$_$3,-2.0,-1.774776
135623$_$2,-1.3333333730697632,0.68714255
135623$_$5,-2.3333332538604736,-1.2684289
135623$_$4,-2.0,-1.1798819
135623$_$7,-1.6666666269302368,-1.3929118
135623$_$6,-2.6666667461395264,-1.9009955
135623$_$9,-2.0,-0.63171744
135623$_$8,-1.3333333730697632,-0.45138305
136196$_$11,-1.6666666269302368,-1.0742654
136196$_$10,-1.6666666269302368,-1.6331636
136196$_$13,-2.3333332538604736,-1.2932014
136196$_$12,-2.3333332538604736,-1.9976751
136196$_$14,-1.3333333730697632,-1.198722
136196$_$1,0.0,-0.51850426
136196$_$0,0.3333333432674408,0.44606835
136196$_$3,1.0,0.7687745
136196$_$2,0.0,-0.40050387
136196$_$5,-0.3333333432674408,1.1103464
136196$_$4,-1.6666666269302368,-1.6647085
136196$_$7,-1.3333333730697632,-0.000118248165
136196$_$6,-1.6666666269302368,-1.2463399
136196$_$9,-2.0,-1.1703985
136196$_$8,-1.6666666269302368,-1.6459761
167521$_$11,0.0,-1.0382205
167521$_$10,-0.3333333432674408,0.058355555
167521$_$13,2.6666667461395264,2.9252954
167521$_$12,1.6666666269302368,0.8481939
167521$_$15,2.3333332538604736,2.7511463
167521$_$14,2.6666667461395264,1.310481
167521$_$17,1.3333333730697632,-0.68753797
167521$_$16,2.0,1.8473928
167521$_$1,2.3333332538604736,0.81131697
167521$_$0,0.6666666865348816,0.30461127
167521$_$3,0.3333333432674408,-0.026186883
167521$_$2,0.0,-0.06365098
167521$_$5,0.3333333432674408,-0.24498342
167521$_$4,0.3333333432674408,0.5142713
167521$_$7,1.3333333730697632,0.61228514
167521$_$6,2.3333332538604736,2.3354988
167521$_$9,0.6666666865348816,1.8730924
167521$_$8,2.3333332538604736,0.6468137
173CpFb3clw$_$0,0.0,0.3424669
173CpFb3clw$_$3,0.3333333432674408,0.71693516
173CpFb3clw$_$2,0.0,0.4946028
180971$_$1,0.0,0.19595572
180971$_$0,0.0,0.1770964
180971$_$3,0.0,-0.6049874
180971$_$2,1.0,0.5331491
180971$_$5,-2.6666667461395264,-1.483806
180971$_$4,0.6666666865348816,0.45973426
180971$_$6,0.6666666865348816,1.3828994
190743$_$11,-0.3333333432674408,-0.11643501
190743$_$10,0.0,-0.42774755
190743$_$13,-2.0,-0.69390726
190743$_$12,-1.3333333730697632,-0.33959126
190743$_$15,-3.0,-2.1416018
190743$_$14,-3.0,-1.5081503
190743$_$17,-2.0,-1.2781242
190743$_$16,-1.6666666269302368,-1.4552447
190743$_$18,-3.0,-1.402444
190743$_$1,0.0,0.3522666
190743$_$0,0.0,0.74882615
190743$_$3,-0.3333333432674408,-0.360232
190743$_$2,0.0,0.45876688
190743$_$5,-2.0,-1.9737169
190743$_$4,0.0,0.51922894
190743$_$7,-2.0,-1.2327248
190743$_$6,-2.3333332538604736,-0.98629475
190743$_$9,-0.6666666865348816,-0.052224256
190743$_$8,0.0,-0.23056917
194299$_$11,-0.3333333432674408,0.20670457
194299$_$10,0.0,0.09214966
194299$_$13,0.0,0.5902625
194299$_$12,0.0,0.38869
194299$_$15,-1.0,-1.0868028
194299$_$14,0.0,0.7222592
194299$_$16,0.0,-0.94350374
194299$_$1,0.6666666865348816,0.7172009
194299$_$0,0.0,0.6038422
194299$_$3,0.0,0.61625123
194299$_$2,0.0,0.13097498
194299$_$5,-1.3333333730697632,-0.99622977
194299$_$4,-1.0,-1.4688281
194299$_$7,1.3333333730697632,1.905507
194299$_$6,-1.0,-0.7821593
194299$_$9,0.0,0.40874112
194299$_$8,0.0,0.50342655
198112$_$11,0.0,-0.11271857
198112$_$10,1.0,0.5659184
198112$_$12,2.0,2.0650525
198112$_$1,0.0,0.14724962
198112$_$0,0.3333333432674408,0.28947526
198112$_$3,0.3333333432674408,0.31224114
198112$_$2,0.0,0.3465401
198112$_$5,1.0,0.801548
198112$_$4,2.0,1.6549748
198112$_$7,2.0,0.33912206
198112$_$6,0.0,-0.11901748
198112$_$9,2.3333332538604736,0.23676448
198112$_$8,2.0,0.5451703
1Gp4l-ZTCVk$_$1,0.6666666865348816,0.24810754
1Gp4l-ZTCVk$_$0,1.0,0.8073609
1HS2HcN2LDo$_$10,1.6666666269302368,1.2955137
1HS2HcN2LDo$_$1,0.3333333432674408,0.3993283
1HS2HcN2LDo$_$3,-2.3333332538604736,0.4615739
1HS2HcN2LDo$_$5,0.3333333432674408,1.0170661
1HS2HcN2LDo$_$4,0.3333333432674408,0.8206637
1HS2HcN2LDo$_$7,0.6666666865348816,0.6707313
1HS2HcN2LDo$_$6,1.0,0.6087196
1HS2HcN2LDo$_$9,1.3333333730697632,0.25075966
1HS2HcN2LDo$_$8,1.6666666269302368,1.0944945
1LkYxsqRPZM$_$1,2.0,2.5172632
1LkYxsqRPZM$_$0,2.3333332538604736,1.4952122
1LkYxsqRPZM$_$2,2.0,1.3132505
1S6ji_d4OLI$_$9,0.6666666865348816,0.1975886
1S6ji_d4OLI$_$5,0.3333333432674408,0.07647744
1jogeKX0wGw$_$2,2.6666667461395264,0.961725
1jogeKX0wGw$_$5,1.6666666269302368,0.8274621
1jogeKX0wGw$_$4,1.0,0.9728519
1pl2FVdQWj0$_$0,0.3333333432674408,0.98281205
1pl2FVdQWj0$_$2,0.6666666865348816,0.4049946
1pl2FVdQWj0$_$5,-0.3333333432674408,-0.009272307
1zXAYdPdzy8$_$2,-0.3333333432674408,0.7385323
200941$_$11,-1.3333333730697632,-0.2941075
200941$_$10,-1.0,-1.7543112
200941$_$13,-2.0,-0.774604
200941$_$12,-1.3333333730697632,1.0472448
200941$_$15,-1.3333333730697632,0.12293059
200941$_$14,-1.3333333730697632,-0.6705595
200941$_$1,-1.6666666269302368,-1.3058137
200941$_$0,0.0,0.22616641
200941$_$3,-2.3333332538604736,-1.4236864
200941$_$2,-0.3333333432674408,0.4201095
200941$_$5,-2.3333332538604736,-1.3072927
200941$_$4,-2.0,-0.77934635
200941$_$7,-1.6666666269302368,-1.0851356
200941$_$6,0.6666666865348816,1.586388
200941$_$9,0.0,-0.09466428
200941$_$8,-1.6666666269302368,-1.7624043
201005$_$10,1.0,0.74560034
201005$_$1,0.0,0.5517635
201005$_$0,0.3333333432674408,0.48160672
201005$_$3,-0.3333333432674408,0.2732936
201005$_$2,0.0,0.54088134
201005$_$5,0.3333333432674408,0.39216655
201005$_$4,0.0,-0.5090254
201005$_$7,0.0,0.052085638
201005$_$6,-1.6666666269302368,-0.32121676
201005$_$9,-1.0,-1.4941233
201005$_$8,1.3333333730697632,-0.6285471
202826$_$11,0.0,0.51457053
202826$_$10,-1.6666666269302368,-0.5687723
202826$_$13,-1.3333333730697632,0.27291995
202826$_$12,-1.6666666269302368,-1.215099
202826$_$14,0.0,0.14247344
202826$_$1,0.0,-0.015419818
202826$_$0,0.0,0.3670807
202826$_$3,0.0,-0.40073258
202826$_$2,-0.6666666865348816,-1.5672094
202826$_$5,-1.3333333730697632,-1.2295586
202826$_$4,0.0,-0.1330871
202826$_$7,1.0,0.24287437
202826$_$6,-1.3333333730697632,-1.7024994
202826$_$9,-2.0,-1.5699588
202826$_$8,-1.0,-1.1496693
206585$_$1,-2.6666667461395264,-2.1415167
206585$_$0,0.3333333432674408,0.8245052
206585$_$3,0.0,0.57696056
206585$_$2,0.0,-0.2094662
206585$_$5,-2.3333332538604736,-1.138254
206585$_$4,0.6666666865348816,1.5528123
208322$_$11,0.0,0.25033337
208322$_$10,-1.3333333730697632,0.09531665
208322$_$13,0.0,0.4106552
208322$_$12,-2.3333332538604736,0.9035106
208322$_$1,0.0,0.16224664
208322$_$0,0.3333333432674408,0.51929796
208322$_$3,-1.6666666269302368,-1.6542782
208322$_$2,-2.0,-1.7777561
208322$_$5,0.6666666865348816,-0.18590294
208322$_$4,-2.0,-0.1221387
208322$_$7,-1.0,-0.4194823
208322$_$6,-1.6666666269302368,-0.28006643
208322$_$9,-3.0,-2.0886903
208322$_$8,-1.6666666269302368,-0.2286931
208592$_$10,-2.6666667461395264,-0.69980127
208592$_$1,0.0,0.23425673
208592$_$0,0.3333333432674408,0.2727955
208592$_$3,-2.0,-1.8555675
208592$_$2,0.0,0.12320608
208592$_$5,0.0,-0.018990748
208592$_$4,-2.6666667461395264,-1.7983494
208592$_$7,-1.0,1.1961356
208592$_$6,0.0,-0.05195315
208592$_$9,-2.6666667461395264,-0.35848254
208592$_$8,-1.3333333730697632,-0.67483413
209758$_$11,0.0,0.45896572
209758$_$10,0.6666666865348816,0.06757102
209758$_$13,0.0,0.4916947
209758$_$12,1.6666666269302368,2.0809777
209758$_$15,1.3333333730697632,0.63426363
209758$_$14,1.6666666269302368,1.7033633
209758$_$1,0.0,0.3395664
209758$_$0,1.6666666269302368,1.0117056
209758$_$3,0.0,0.44574142
209758$_$2,0.0,0.23314865
209758$_$5,0.0,0.32273215
209758$_$4,0.0,-0.6906268
209758$_$7,0.0,0.41769928
209758$_$6,2.0,1.8520159
209758$_$9,2.0,1.3784539
209758$_$8,0.6666666865348816,0.73608595
20LfN8ENbhM$_$1,2.0,1.1151073
20LfN8ENbhM$_$0,2.3333332538604736,1.1437243
20LfN8ENbhM$_$2,0.6666666865348816,0.71762955
20LfN8ENbhM$_$5,0.6666666865348816,0.5058708
20LfN8ENbhM$_$4,1.0,0.52268755
20LfN8ENbhM$_$6,1.6666666269302368,1.1424392
210259$_$11,-3.0,-1.4456872
210259$_$10,-1.6666666269302368,-0.84196347
210259$_$13,-1.6666666269302368,-0.30673122
210259$_$12,-1.6666666269302368,-0.5767522
210259$_$15,-1.6666666269302368,0.40285367
210259$_$14,-2.6666667461395264,-1.0532357
210259$_$17,-1.6666666269302368,-0.54318285
210259$_$16,-2.3333332538604736,-2.225375
210259$_$1,2.3333332538604736,0.799068
210259$_$0,0.0,0.2429982
210259$_$3,0.0,-0.34708804
210259$_$2,-2.6666667461395264,-0.7059467
210259$_$5,0.0,-0.02927418
210259$_$4,0.0,0.16780622
210259$_$7,-2.0,-1.6551069
210259$_$6,-1.3333333730697632,-0.7144746
210259$_$9,0.0,-0.5812179
210259$_$8,-2.3333332538604736,-1.7265954
210433$_$1,0.0,0.25116944
210433$_$0,0.0,0.038674653
210433$_$3,1.3333333730697632,1.2076188
210433$_$2,0.3333333432674408,0.10062721
210433$_$5,-1.0,-1.1347829
210433$_$4,0.0,0.1257863
210433$_$7,-2.0,-1.541348
210433$_$6,-1.0,-0.6297118
210433$_$8,-1.3333333730697632,-0.8623853
211875$_$11,-2.0,-0.4653803
211875$_$10,-2.3333332538604736,-1.7410897
211875$_$1,0.0,0.28460604
211875$_$0,0.0,0.42185688
211875$_$3,0.0,0.30053288
211875$_$2,0.0,0.40205485
211875$_$5,-1.6666666269302368,-1.4073707
211875$_$4,-1.6666666269302368,0.38666105
211875$_$7,-2.0,-1.7224163
211875$_$6,-2.3333332538604736,-1.9388809
211875$_$9,-2.0,-0.40303975
211875$_$8,-1.3333333730697632,-0.49010754
213327$_$10,-1.6666666269302368,-1.7641201
213327$_$1,0.0,0.72456867
213327$_$0,0.0,0.0944099
213327$_$3,-0.3333333432674408,-0.3997298
213327$_$2,-1.3333333730697632,-1.2698356
213327$_$5,0.0,0.28555316
213327$_$4,0.0,-0.1881964
213327$_$7,-1.6666666269302368,1.3876597
213327$_$6,-2.3333332538604736,-0.13211401
213327$_$9,-1.0,-1.9405671
213327$_$8,-2.0,-1.1195132
215318$_$11,0.6666666865348816,1.5069605
215318$_$10,0.0,0.029996447
215318$_$13,0.6666666865348816,0.2728274
215318$_$12,0.0,-0.10288708
215318$_$15,-1.6666666269302368,-1.0401716
215318$_$14,0.6666666865348816,0.13710088
215318$_$1,0.3333333432674408,0.36795163
215318$_$0,0.6666666865348816,0.18187095
215318$_$3,-1.3333333730697632,-1.3129066
215318$_$2,0.0,0.19859043
215318$_$5,0.3333333432674408,0.15861805
215318$_$4,-2.6666667461395264,-2.280508
215318$_$7,0.3333333432674408,0.7671703
215318$_$6,0.3333333432674408,0.31761408
215318$_$9,0.3333333432674408,0.28893095
215318$_$8,-2.3333332538604736,-2.152567
221137$_$1,0.0,-0.03497062
221137$_$0,0.3333333432674408,0.12314135
221137$_$3,-2.0,-1.7841421
221137$_$2,0.0,-0.20545115
221137$_$5,-2.0,-1.5921737
221137$_$4,-1.3333333730697632,-0.5545908
221137$_$7,-1.0,-0.788712
221137$_$6,-1.3333333730697632,0.11521073
221137$_$8,-2.3333332538604736,-1.6233332
221153$_$10,0.0,0.38606423
221153$_$13,0.3333333432674408,0.4317814
221153$_$15,-1.3333333730697632,-0.5544965
221153$_$14,-1.6666666269302368,-1.0564332
221153$_$17,0.0,0.56677616
221153$_$16,-0.6666666865348816,-0.5667825
221153$_$19,-0.6666666865348816,-0.22984181
221153$_$18,1.0,0.20259783
221153$_$1,0.3333333432674408,0.33736193
221153$_$0,0.3333333432674408,0.36572057
221153$_$3,0.3333333432674408,0.3033964
221153$_$2,0.0,-0.10680473
221153$_$5,0.3333333432674408,0.28051502
221153$_$4,0.3333333432674408,0.17767824
221153$_$7,0.3333333432674408,0.32303727
221153$_$6,0.0,-0.14282596
221153$_$9,0.3333333432674408,-0.007586807
221153$_$20,0.3333333432674408,-0.02325084
221153$_$8,0.0,0.20545095
221274$_$1,-2.0,-0.4790082
221274$_$0,0.3333333432674408,0.49343377
221274$_$3,0.6666666865348816,0.23516111
221274$_$2,0.3333333432674408,0.124139234
221274$_$5,-2.0,-1.5798153
221274$_$4,1.0,-1.2402613
221274$_$7,-0.3333333432674408,-0.34586328
221274$_$6,-2.0,-1.5019994
221274$_$9,-1.0,-0.5558768
221274$_$8,-1.6666666269302368,-0.6613416
222247$_$11,-2.0,-0.8779935
222247$_$10,-1.0,-1.4804902
222247$_$13,-2.0,-1.7220982
222247$_$12,0.3333333432674408,-0.40885258
222247$_$14,-1.3333333730697632,-0.44925612
222247$_$1,0.3333333432674408,-0.07462983
222247$_$0,0.0,0.05050747
222247$_$3,0.0,-0.4772389
222247$_$2,0.0,-0.35558218
222247$_$5,-1.3333333730697632,-0.74333113
222247$_$4,0.3333333432674408,-0.1067086
222247$_$7,-2.0,-1.673855
222247$_$6,-1.3333333730697632,-1.3940538
222247$_$9,-1.6666666269302368,-1.820846
222247$_$8,-2.0,-1.3918834
22373$_$10,-2.6666667461395264,-1.5564718
22373$_$1,0.0,-0.01772762
22373$_$0,0.0,0.49568802
22373$_$3,0.0,0.068700016
22373$_$2,-2.3333332538604736,-0.5261755
22373$_$5,-1.3333333730697632,-1.6132711
22373$_$4,1.6666666269302368,0.20462202
22373$_$7,0.0,-0.96122944
22373$_$6,-1.0,-1.2551371
22373$_$9,-0.6666666865348816,-1.035374
22373$_$8,-0.6666666865348816,-1.2834169
224263$_$11,-2.6666667461395264,-2.1827066
224263$_$10,-3.0,-1.7473896
224263$_$13,0.6666666865348816,1.5865339
224263$_$12,-1.6666666269302368,0.034516558
224263$_$15,-2.0,-1.3529176
224263$_$14,-2.3333332538604736,-1.5877398
224263$_$17,-1.3333333730697632,-1.7560116
224263$_$16,-2.3333332538604736,-1.4898227
224263$_$1,0.0,0.23364992
224263$_$0,0.0,0.47510648
224263$_$3,-2.3333332538604736,-1.8412279
224263$_$2,-1.3333333730697632,-0.77363974
224263$_$5,-2.0,0.5163443
224263$_$4,-1.6666666269302368,-0.3368879
224263$_$7,-2.6666667461395264,-0.4401387
224263$_$6,-1.0,-1.9336833
224263$_$9,0.0,-0.802387
224263$_$8,-1.6666666269302368,-1.3991386
224370$_$20,-2.6666667461395264,-0.17668064
224370$_$21,0.0,-0.41457587
224370$_$22,1.0,1.493971
224370$_$1,0.0,-0.15674284
224370$_$0,0.0,-0.20675518
224370$_$3,-2.0,-1.5893465
224370$_$2,-2.3333332538604736,-1.646489
224370$_$5,-2.6666667461395264,-0.5528814
224370$_$4,-2.0,-1.5880098
224370$_$7,0.0,0.22408147
224370$_$6,-2.0,-1.1454092
224370$_$9,1.0,0.56818795
224370$_$8,0.0,-1.038664
224370$_$11,0.3333333432674408,0.12882127
224370$_$10,-0.3333333432674408,-0.33946687
224370$_$13,-1.6666666269302368,-0.8985559
224370$_$12,-1.0,0.111128196
224370$_$15,-1.6666666269302368,-0.44089413
224370$_$14,-1.6666666269302368,-0.45067954
224370$_$17,-2.0,-2.1735342
224370$_$16,-2.3333332538604736,-1.6136335
224370$_$19,-2.0,-0.13281834
224370$_$18,-2.0,-1.5746816
224631$_$11,2.0,1.0316817
224631$_$10,2.3333332538604736,1.1186262
224631$_$1,0.3333333432674408,0.18180336
224631$_$0,0.6666666865348816,0.50179434
224631$_$3,1.3333333730697632,1.3484112
224631$_$2,1.0,-0.015483182
224631$_$5,0.3333333432674408,0.3787666
224631$_$4,1.6666666269302368,0.9801656
224631$_$7,0.6666666865348816,-1.0353241
224631$_$6,0.0,0.39295816
224631$_$9,0.0,-0.19762279
224631$_$8,0.0,0.41551638
226601$_$11,-1.3333333730697632,-1.5224975
226601$_$10,-1.3333333730697632,-0.39723343
226601$_$13,-2.3333332538604736,-1.5476068
226601$_$12,-2.0,-1.32143
226601$_$15,0.0,-0.15343314
226601$_$14,0.0,-0.009920619
226601$_$17,1.3333333730697632,0.4955201
226601$_$16,-0.6666666865348816,-1.158939
226601$_$18,-2.0,-1.5047804
226601$_$1,0.6666666865348816,-0.44936454
226601$_$0,0.3333333432674408,0.28178197
226601$_$3,1.0,-0.03639864
226601$_$2,0.0,-0.16639277
226601$_$5,0.3333333432674408,0.043290377
226601$_$4,-0.3333333432674408,0.09674758
226601$_$7,-1.6666666269302368,-1.5240284
226601$_$6,0.3333333432674408,0.35009855
226601$_$9,1.3333333730697632,1.6855736
226601$_$8,-1.0,-1.2245239
226640$_$1,0.0,0.27963978
226640$_$0,0.6666666865348816,0.5519885
226640$_$3,0.3333333432674408,0.04641351
226640$_$2,0.0,0.40216547
226640$_$5,-2.0,-1.564317
226640$_$4,-1.3333333730697632,-0.9030855
226640$_$7,1.3333333730697632,1.1788489
226640$_$6,-0.3333333432674408,-1.4156276
226640$_$9,0.0,0.44272834
226640$_$8,-0.3333333432674408,-0.34303898
22689$_$11,-1.3333333730697632,-0.7116332
22689$_$10,-1.6666666269302368,-1.7503594
22689$_$1,-2.0,-1.1857736
22689$_$0,0.0,-0.13458532
22689$_$3,-1.3333333730697632,0.17053735
22689$_$2,-0.3333333432674408,-0.22943595
22689$_$5,-1.3333333730697632,-1.6680888
22689$_$4,0.0,-0.70116687
22689$_$7,0.0,-0.29545778
22689$_$6,-2.0,-1.1734709
22689$_$9,-2.0,-0.94212973
22689$_$8,-0.6666666865348816,0.84274304
233939$_$11,-0.3333333432674408,0.05643343
233939$_$10,-1.3333333730697632,-1.5873927
233939$_$13,-2.3333332538604736,-0.51323
233939$_$12,-0.6666666865348816,0.39540732
233939$_$15,-2.3333332538604736,-2.14429
233939$_$14,-2.6666667461395264,-1.1367532
233939$_$16,0.0,-0.046997875
233939$_$1,0.0,0.013192065
233939$_$0,0.3333333432674408,0.07107985
233939$_$3,-2.6666667461395264,-1.6739047
233939$_$2,0.0,0.04603357
233939$_$5,0.0,-0.5217976
233939$_$4,-2.0,-1.2703096
233939$_$7,-1.3333333730697632,-1.4651704
233939$_$6,-2.6666667461395264,-2.5304325
233939$_$9,-2.3333332538604736,-0.94409305
233939$_$8,-2.0,-1.5217671
234046$_$11,-2.3333332538604736,-1.7389538
234046$_$10,-0.3333333432674408,-0.09777392
234046$_$13,-2.0,-1.4879338
234046$_$12,-1.6666666269302368,-1.6203798
234046$_$15,-0.3333333432674408,-1.0605199
234046$_$14,-2.3333332538604736,-1.2406124
234046$_$17,-1.0,-1.2763144
234046$_$16,-1.6666666269302368,-1.5682081
234046$_$19,0.0,0.12541904
234046$_$18,-2.0,-1.4353834
234046$_$1,0.0,-0.057114065
234046$_$0,0.3333333432674408,0.0021948516
234046$_$3,-0.3333333432674408,0.1327162
234046$_$2,0.3333333432674408,0.04019755
234046$_$5,-0.6666666865348816,0.01636511
234046$_$4,0.0,-0.35978508
234046$_$7,-0.6666666865348816,-1.4588174
234046$_$6,-0.3333333432674408,-0.92972827
234046$_$9,0.6666666865348816,-0.5185794
234046$_$8,0.0,-0.0710893
236442$_$11,0.6666666865348816,0.5185094
236442$_$10,-1.6666666269302368,-0.572767
236442$_$1,0.3333333432674408,0.14562155
236442$_$0,0.3333333432674408,0.34996492
236442$_$3,-1.3333333730697632,-0.8568784
236442$_$2,-2.0,-1.3530852
236442$_$5,-2.0,-1.3483868
236442$_$4,-1.3333333730697632,-0.38654268
236442$_$7,0.3333333432674408,-0.049848095
236442$_$6,0.0,-1.300386
236442$_$9,-1.0,-1.2161317
236442$_$8,-1.0,-1.6258605
23656$_$20,0.0,0.6907004
23656$_$21,-0.3333333432674408,0.22039147
23656$_$1,0.0,0.46704513
23656$_$0,0.3333333432674408,0.456981
23656$_$3,-0.3333333432674408,0.15346459
23656$_$2,1.0,1.2882892
23656$_$5,-0.3333333432674408,0.54011995
23656$_$4,-1.6666666269302368,-0.2850473
23656$_$7,-2.0,-0.10392586
23656$_$6,-1.3333333730697632,-1.0005649
23656$_$9,-1.3333333730697632,-0.023016557
23656$_$8,-1.3333333730697632,-0.8421441
23656$_$11,0.0,0.14120327
23656$_$10,-1.6666666269302368,-0.8114161
23656$_$13,-0.3333333432674408,-0.14429253
23656$_$12,-2.0,-1.3233743
23656$_$15,0.3333333432674408,0.9403677
23656$_$14,-0.3333333432674408,-0.32876372
23656$_$17,0.0,0.10972583
23656$_$16,-1.6666666269302368,-0.3830818
23656$_$19,-1.0,-0.94000214
23656$_$18,-3.0,-1.9323688
237363$_$11,-1.3333333730697632,-0.9331465
237363$_$10,0.0,-0.11151817
237363$_$13,-2.3333332538604736,-1.3817109
237363$_$12,-2.3333332538604736,-1.607087
237363$_$1,2.0,0.81960976
237363$_$0,0.3333333432674408,0.388992
237363$_$3,-1.0,-0.60842645
237363$_$2,2.0,-0.48624587
237363$_$5,-1.0,-1.4724154
237363$_$4,0.0,0.08865237
237363$_$7,-1.6666666269302368,-0.24709915
237363$_$6,-2.3333332538604736,-1.1552706
237363$_$9,-1.3333333730697632,-0.6908252
237363$_$8,-2.6666667461395264,1.1753068
238063$_$11,-1.0,-0.79619324
238063$_$10,0.0,0.007744666
238063$_$13,-0.3333333432674408,-0.12025075
238063$_$12,2.0,-0.9543741
238063$_$15,-1.3333333730697632,-1.6240178
238063$_$14,-1.0,-0.31271583
238063$_$17,1.0,-0.9345262
238063$_$16,-1.0,1.1101023
238063$_$1,1.3333333730697632,0.39452118
238063$_$0,0.3333333432674408,0.11840923
238063$_$3,-0.6666666865348816,-1.0920769
238063$_$2,0.0,0.0035947599
238063$_$5,1.6666666269302368,1.2978822
238063$_$4,0.0,0.48562694
238063$_$7,-0.3333333432674408,-0.13814402
238063$_$6,1.3333333730697632,1.2787971
238063$_$9,0.3333333432674408,0.8472385
238063$_$8,0.3333333432674408,-0.08947837
24196$_$11,-0.6666666865348816,-0.6181059
24196$_$10,0.3333333432674408,0.76967794
24196$_$13,1.0,0.8684006
24196$_$12,-0.6666666865348816,-0.79746974
24196$_$15,-2.0,-1.0694432
24196$_$14,1.0,0.5993698
24196$_$17,-2.3333332538604736,-2.0075665
24196$_$16,0.0,0.8016962
24196$_$1,0.0,-0.21366842
24196$_$0,0.3333333432674408,0.37302256
24196$_$3,-0.3333333432674408,-1.9046928
24196$_$2,-2.0,-0.49018157
24196$_$5,-0.3333333432674408,0.86958706
24196$_$4,-1.0,-0.07564321
24196$_$7,-2.6666667461395264,-1.7844073
24196$_$6,-1.6666666269302368,-0.7534452
24196$_$9,-1.0,-0.98664516
24196$_$8,-1.6666666269302368,-1.8694855
24351$_$11,1.6666666269302368,0.22828822
24351$_$10,0.0,0.71111554
24351$_$12,2.3333332538604736,1.5123621
24351$_$1,0.0,0.035218753
24351$_$0,0.3333333432674408,0.16910847
24351$_$3,0.0,-0.006892249
24351$_$2,0.0,0.8128619
24351$_$5,0.0,-0.07586585
24351$_$4,0.3333333432674408,0.22292663
24351$_$7,2.3333332538604736,1.6552579
24351$_$6,0.6666666865348816,0.21994789
24351$_$9,2.0,0.7085362
24351$_$8,0.3333333432674408,0.3751425
243981$_$11,-1.0,-1.1069237
243981$_$10,-2.3333332538604736,-1.4831234
243981$_$13,-1.6666666269302368,-0.40321648
243981$_$12,-1.3333333730697632,-1.2680892
243981$_$15,0.0,-0.6386516
243981$_$14,-1.3333333730697632,-0.88787884
243981$_$17,-1.3333333730697632,-1.0355282
243981$_$16,0.0,0.25950795
243981$_$19,-2.3333332538604736,-1.4462081
243981$_$18,1.0,0.17092638
243981$_$1,0.0,0.60389596
243981$_$0,0.0,0.54738694
243981$_$3,0.0,0.16312955
243981$_$2,0.0,-0.07881898
243981$_$5,-2.6666667461395264,-2.123408
243981$_$4,-2.3333332538604736,-0.83179176
243981$_$7,-1.6666666269302368,-0.6464559
243981$_$6,-2.0,-1.0092807
243981$_$9,0.0,0.15693568
243981$_$8,-1.6666666269302368,-0.86978596
24504$_$11,-0.3333333432674408,0.844065
24504$_$10,0.6666666865348816,0.79339856
24504$_$1,-1.0,-1.3559567
24504$_$0,0.3333333432674408,0.9094589
24504$_$3,-1.0,-1.1704558
24504$_$2,-1.6666666269302368,-0.76472926
24504$_$5,0.3333333432674408,0.42017752
24504$_$4,-0.3333333432674408,-0.5087103
24504$_$7,-1.3333333730697632,-0.5025055
24504$_$6,-1.0,-0.06134929
24504$_$9,2.0,1.3034905
24504$_$8,-1.0,-1.8303124
245582$_$11,-1.6666666269302368,-1.3232011
245582$_$10,-0.3333333432674408,-0.6599237
245582$_$13,0.3333333432674408,-0.22825383
245582$_$12,0.0,-1.354705
245582$_$15,-2.3333332538604736,-1.2398702
245582$_$14,-2.0,-1.1329263
245582$_$17,0.0,-0.07823561
245582$_$16,1.0,-1.3614439
245582$_$1,-1.6666666269302368,-1.4632415
245582$_$0,0.0,0.6340753
245582$_$3,0.0,-0.25684756
245582$_$2,-1.6666666269302368,-1.3752323
245582$_$5,0.0,-0.15670002
245582$_$4,-1.3333333730697632,-0.92184657
245582$_$7,-0.6666666865348816,-0.90753615
245582$_$6,-0.6666666865348816,-0.30128622
245582$_$9,0.3333333432674408,-0.26329255
245582$_$8,-0.6666666865348816,-0.009234503
252097$_$11,-2.0,-0.0023098215
252097$_$10,0.3333333432674408,-0.5732174
252097$_$12,-2.3333332538604736,-1.450796
252097$_$1,0.6666666865348816,0.7997478
252097$_$0,1.3333333730697632,1.0201652
252097$_$3,-1.0,0.3068506
252097$_$2,-3.0,-1.5683156
252097$_$5,-1.6666666269302368,-1.1028428
252097$_$4,-1.3333333730697632,-1.7163688
252097$_$7,-2.0,-0.77624524
252097$_$6,0.3333333432674408,0.79254776
252097$_$9,-1.6666666269302368,-1.5740362
252097$_$8,-1.6666666269302368,-1.2823776
252912$_$11,-1.6666666269302368,-0.03794802
252912$_$10,-2.0,-1.8629137
252912$_$13,-1.6666666269302368,-1.3027072
252912$_$12,-2.6666667461395264,-0.1958647
252912$_$1,-1.6666666269302368,0.07226744
252912$_$0,0.3333333432674408,0.35689354
252912$_$3,-1.3333333730697632,-0.054634288
252912$_$2,-2.6666667461395264,-0.9875703
252912$_$5,-1.3333333730697632,-1.0542341
252912$_$4,0.0,0.2053806
252912$_$7,-1.6666666269302368,-1.4481345
252912$_$6,-1.3333333730697632,-0.0009650998
252912$_$9,-1.3333333730697632,-1.3287336
252912$_$8,1.6666666269302368,0.55895835
254427$_$0,1.6666666269302368,-0.076734014
255408$_$1,0.0,0.023548648
255408$_$0,0.0,0.4381358
255408$_$3,-2.0,-0.5961064
255408$_$2,0.0,0.08366189
255408$_$5,0.0,-0.063839674
255408$_$4,-1.0,-1.2835623
255408$_$7,0.0,-0.79704916
255408$_$6,-0.3333333432674408,0.06861487
255408$_$9,-0.6666666865348816,-1.423745
255408$_$8,-1.3333333730697632,-1.4471639
25640$_$1,0.3333333432674408,-0.19204438
25640$_$0,0.0,0.36202753
25640$_$3,-1.0,-1.096942
25640$_$2,1.0,1.7839271
25640$_$5,-0.3333333432674408,0.7883723
25640$_$4,-1.0,-0.73460567
25640$_$7,-2.3333332538604736,-1.7549328
25640$_$6,-0.3333333432674408,-1.6418204
25640$_$8,-2.0,-0.45164484
257277$_$11,-1.0,-1.765088
257277$_$10,-2.0,-1.3065487
257277$_$13,-1.0,0.94823676
257277$_$12,0.0,-0.07731339
257277$_$15,0.0,0.27513325
257277$_$14,0.0,-0.1090548
257277$_$16,-1.3333333730697632,-1.2381701
257277$_$1,0.3333333432674408,0.49360704
257277$_$0,0.3333333432674408,0.9791764
257277$_$3,1.0,-0.4427426
257277$_$2,-0.3333333432674408,-0.0048171245
257277$_$5,-2.0,-0.3837666
257277$_$4,0.0,-1.3248984
257277$_$7,0.6666666865348816,0.64082927
257277$_$6,2.0,2.0748763
257277$_$9,0.0,-0.8215115
257277$_$8,-1.6666666269302368,-1.3586465
257534$_$11,-1.3333333730697632,-1.4811178
257534$_$10,-2.6666667461395264,-0.7264128
257534$_$13,0.0,-0.20050554
257534$_$12,-1.3333333730697632,-1.1862675
257534$_$15,-1.3333333730697632,-1.5175987
257534$_$14,-3.0,-1.5494874
257534$_$16,-1.3333333730697632,-1.1500976
257534$_$1,0.0,0.26516688
257534$_$0,0.0,0.48502898
257534$_$3,-0.6666666865348816,-1.2559034
257534$_$2,-2.0,0.106822476
257534$_$5,0.0,-0.20307305
257534$_$4,0.0,0.19700101
257534$_$7,0.0,0.072910875
257534$_$6,-2.0,-1.7775283
257534$_$9,0.0,-0.32452118
257534$_$8,0.0,0.18640342
259470$_$10,-1.0,-0.03406673
259470$_$13,-1.6666666269302368,-1.9177777
259470$_$12,-1.6666666269302368,-0.192002
259470$_$15,-1.3333333730697632,-0.98601836
259470$_$14,-1.6666666269302368,-0.2523717
259470$_$17,-2.3333332538604736,-0.34582156
259470$_$16,-2.6666667461395264,-1.6365347
259470$_$19,-1.3333333730697632,-0.47679794
259470$_$18,-1.3333333730697632,0.40164185
259470$_$23,-0.6666666865348816,0.5129533
259470$_$0,0.0,0.44631618
259470$_$2,0.0,-0.017011717
259470$_$4,0.0,0.545457
259470$_$7,-2.3333332538604736,-2.4370947
259470$_$6,0.6666666865348816,0.26420254
259470$_$9,-1.3333333730697632,-0.7395314
259470$_$8,-2.3333332538604736,-1.5297095
259470$_$21,-2.3333332538604736,0.42363423
267466$_$28,-1.0,0.55154145
267466$_$29,-1.6666666269302368,-0.21452393
267466$_$24,0.6666666865348816,0.62662846
267466$_$25,-0.3333333432674408,-1.0462863
267466$_$26,-1.6666666269302368,-0.73695976
267466$_$27,-0.3333333432674408,-0.38247913
267466$_$20,-0.3333333432674408,0.19555895
267466$_$21,-2.0,-0.6034936
267466$_$22,-2.0,-1.4501728
267466$_$23,-2.6666667461395264,-1.8368922
267466$_$46,-1.3333333730697632,-1.5764221
267466$_$44,-2.6666667461395264,-1.4037533
267466$_$45,-3.0,-1.8562397
267466$_$42,-2.3333332538604736,-1.1567963
267466$_$43,-1.6666666269302368,-0.11351772
267466$_$40,0.6666666865348816,0.17128877
267466$_$41,0.6666666865348816,1.3117149
267466$_$1,0.0,0.32100725
267466$_$0,0.0,0.39701974
267466$_$3,0.0,0.34021056
267466$_$2,0.0,-0.47988033
267466$_$5,-1.6666666269302368,-0.7672443
267466$_$4,-1.3333333730697632,-0.6948172
267466$_$7,-2.6666667461395264,-1.3370008
267466$_$6,-1.6666666269302368,-1.1205771
267466$_$9,-1.0,-0.06484567
267466$_$8,-1.0,0.072577655
267466$_$13,0.0,-0.18212523
267466$_$12,-2.6666667461395264,-1.6298376
267466$_$11,-1.0,-0.5348304
267466$_$10,0.6666666865348816,-0.103362046
267466$_$39,-1.6666666269302368,-0.76033974
267466$_$38,0.0,-1.3274113
267466$_$15,0.0,-0.10065356
267466$_$14,0.0,-0.19676727
267466$_$17,-2.0,-0.59692955
267466$_$16,-1.0,-1.1989459
267466$_$33,-1.0,-0.8651325
267466$_$18,0.6666666865348816,0.18994279
267466$_$31,-1.0,-0.12612522
267466$_$30,-1.3333333730697632,-0.38556868
267466$_$37,-1.6666666269302368,-1.319064
267466$_$36,-3.0,-1.0499959
267466$_$35,-1.0,-1.6195378
267466$_$34,-2.3333332538604736,-1.4415914
267466$_$19,0.0,0.30810738
267466$_$32,-2.0,-1.3268089
267694$_$11,-1.6666666269302368,-1.1240529
267694$_$10,0.3333333432674408,0.4354577
267694$_$13,-2.3333332538604736,-1.2465008
267694$_$12,-1.3333333730697632,0.041770346
267694$_$15,-2.3333332538604736,-1.1550213
267694$_$14,-2.3333332538604736,-1.5315055
267694$_$17,-1.3333333730697632,-1.5201961
267694$_$16,-1.0,-0.8397735
267694$_$19,-0.6666666865348816,-0.08998195
267694$_$18,-2.3333332538604736,-1.308169
267694$_$1,0.0,0.31586498
267694$_$0,0.0,0.39940214
267694$_$3,-0.3333333432674408,-1.0362304
267694$_$2,0.0,0.19946711
267694$_$5,0.0,0.37174326
267694$_$4,0.0,-0.35250974
267694$_$7,-2.0,-1.1972269
267694$_$6,-1.6666666269302368,-1.2648324
267694$_$9,0.0,-0.552521
267694$_$8,0.0,-0.0082963705
272838$_$11,-1.0,-0.6507291
272838$_$10,-1.6666666269302368,-0.85673815
272838$_$13,-0.6666666865348816,-0.40114117
272838$_$12,-0.6666666865348816,0.5530015
272838$_$15,-2.3333332538604736,-1.5269853
272838$_$14,-0.3333333432674408,-0.89882594
272838$_$17,0.0,-0.36142737
272838$_$16,0.0,1.3370124
272838$_$1,0.0,-0.10943199
272838$_$0,-1.0,0.3431236
272838$_$3,-1.3333333730697632,-1.7798827
272838$_$2,-2.0,-0.39004713
272838$_$5,0.0,-0.33211374
272838$_$4,0.0,-0.1347211
272838$_$7,0.0,-0.4494713
272838$_$6,-2.0,-0.38818794
272838$_$9,0.0,0.119895056
272838$_$8,-0.3333333432674408,-0.88472307
273207$_$10,-1.6666666269302368,-1.2571077
273207$_$1,0.0,0.008067135
273207$_$0,0.0,0.27621448
273207$_$3,-1.6666666269302368,-1.4564728
273207$_$2,0.6666666865348816,0.96767306
273207$_$5,0.3333333432674408,0.1378835
273207$_$4,0.3333333432674408,0.2578178
273207$_$7,-0.3333333432674408,-1.1814705
273207$_$6,-0.3333333432674408,0.29756427
273207$_$9,-0.3333333432674408,0.7382011
273207$_$8,0.0,0.15671085
273250$_$24,-2.3333332538604736,-1.6226584
273250$_$25,-1.3333333730697632,-0.058271144
273250$_$26,-2.6666667461395264,-1.4713854
273250$_$27,-2.0,-1.0685838
273250$_$20,-0.3333333432674408,-0.407273
273250$_$21,-2.0,0.7726891
273250$_$22,-1.3333333730697632,-0.6462512
273250$_$23,-3.0,-2.288427
273250$_$1,0.0,0.13644469
273250$_$0,0.6666666865348816,0.20675348
273250$_$3,-0.6666666865348816,-0.19464542
273250$_$2,0.0,-0.16317461
273250$_$5,-0.6666666865348816,0.37953097
273250$_$4,-3.0,-0.33939594
273250$_$7,-0.3333333432674408,0.1972342
273250$_$6,0.0,-0.31680954
273250$_$9,0.0,0.06584266
273250$_$8,-0.3333333432674408,0.18463752
273250$_$11,-1.3333333730697632,-0.1711455
273250$_$10,-2.6666667461395264,-1.7612995
273250$_$13,-1.3333333730697632,-0.648438
273250$_$12,-2.6666667461395264,-0.18070425
273250$_$15,-0.6666666865348816,-0.24458471
273250$_$14,-2.0,-1.7044123
273250$_$17,-2.3333332538604736,-2.3078923
273250$_$16,-2.3333332538604736,-0.327913
273250$_$19,0.0,-0.011184767
273250$_$18,-1.6666666269302368,-1.8151164
275267$_$11,-2.3333332538604736,-1.4831146
275267$_$10,-2.6666667461395264,-1.6242217
275267$_$13,-1.3333333730697632,-0.6383007
275267$_$12,-1.3333333730697632,-0.413724
275267$_$15,0.0,-0.045601517
275267$_$14,-1.6666666269302368,-0.7361512
275267$_$1,-2.6666667461395264,-1.5431067
275267$_$0,0.0,0.61405516
275267$_$3,-1.3333333730697632,-0.4058212
275267$_$2,-1.3333333730697632,-0.23057476
275267$_$5,0.0,-0.33272594
275267$_$4,-1.3333333730697632,-1.1107833
275267$_$7,0.0,-0.26506063
275267$_$6,0.0,0.26657856
275267$_$9,-0.6666666865348816,0.27076405
275267$_$8,0.0,-0.02920159
27v7Blr0vjw$_$0,-0.3333333432674408,0.061469935
27v7Blr0vjw$_$3,0.0,0.41857332
27v7Blr0vjw$_$2,-0.3333333432674408,0.35589713
27v7Blr0vjw$_$5,0.0,0.873842
27v7Blr0vjw$_$4,0.0,0.39905328
28006$_$20,-3.0,-2.0495512
28006$_$21,-3.0,-0.6329031
28006$_$22,-2.3333332538604736,-0.96768486
28006$_$1,0.0,0.091123745
28006$_$0,-2.6666667461395264,0.22116835
28006$_$3,-0.3333333432674408,-0.08678486
28006$_$2,-3.0,-1.847277
28006$_$5,-1.6666666269302368,-0.983251
28006$_$4,-0.3333333432674408,-0.012316875
28006$_$7,-2.3333332538604736,-0.9826896
28006$_$6,-2.0,-1.1101532
28006$_$9,-2.0,-1.4645314
28006$_$8,-0.3333333432674408,-0.42935532
28006$_$11,-2.3333332538604736,-1.8419033
28006$_$10,-1.3333333730697632,-1.6687657
28006$_$13,-2.3333332538604736,-0.6776359
28006$_$12,-2.0,-1.0107014
28006$_$15,-1.6666666269302368,-1.1992174
28006$_$14,-3.0,-1.9058561
28006$_$17,-2.0,-0.018176913
28006$_$16,-1.3333333730697632,-1.1403936
28006$_$19,-2.3333332538604736,-1.8645165
28006$_$18,-2.0,-0.54542404
283935$_$1,0.3333333432674408,0.09552385
283935$_$0,0.6666666865348816,0.3430211
283935$_$3,-2.3333332538604736,-1.5552509
283935$_$2,0.6666666865348816,-0.67194384
283935$_$5,-2.0,-1.750032
283935$_$4,1.3333333730697632,0.5952641
286943$_$11,0.0,-0.03025147
286943$_$10,-1.6666666269302368,-1.2059712
286943$_$1,0.0,0.41016364
286943$_$0,0.3333333432674408,0.67959917
286943$_$3,0.0,0.58113235
286943$_$2,0.0,0.19593416
286943$_$5,-1.3333333730697632,-0.93203276
286943$_$4,-0.3333333432674408,-0.17420356
286943$_$7,-1.6666666269302368,-1.32169
286943$_$6,-1.6666666269302368,-1.8900508
286943$_$9,-1.3333333730697632,-1.3040917
286943$_$8,-1.6666666269302368,-0.563237
29751$_$11,0.0,0.4327256
29751$_$10,0.0,-0.35665542
29751$_$1,0.0,0.14532258
29751$_$0,0.0,0.5865597
29751$_$3,-2.0,-2.0198085
29751$_$2,0.0,-0.055980206
29751$_$5,-1.0,-0.3302418
29751$_$4,-2.0,-1.1221863
29751$_$7,-1.3333333730697632,-0.5496656
29751$_$6,0.0,0.06665198
29751$_$9,0.0,-0.7006474
29751$_$8,-2.0,-1.2924175
2BuFtglEcaY$_$11,2.3333332538604736,0.91109395
2BuFtglEcaY$_$10,1.6666666269302368,1.0293087
2BuFtglEcaY$_$13,2.0,1.4057473
2BuFtglEcaY$_$12,2.3333332538604736,1.5343851
2BuFtglEcaY$_$14,1.3333333730697632,1.3532813
2BuFtglEcaY$_$1,2.3333332538604736,2.0751832
2BuFtglEcaY$_$0,1.0,0.14883663
2BuFtglEcaY$_$3,-1.6666666269302368,0.6430096
2BuFtglEcaY$_$2,2.6666667461395264,1.2833372
2BuFtglEcaY$_$5,2.0,1.5145165
2BuFtglEcaY$_$4,2.0,1.738629
2BuFtglEcaY$_$7,1.3333333730697632,1.244992
2BuFtglEcaY$_$6,1.0,1.3118666
2BuFtglEcaY$_$9,1.6666666269302368,2.154081
2BuFtglEcaY$_$8,2.0,1.5693538
2ItiGjefTRA$_$3,0.0,0.16053312
2ItiGjefTRA$_$4,-0.6666666865348816,-0.18877275
2Ky9DBSl49w$_$1,0.0,0.10508667
2QXHdu2zlQY$_$0,-2.0,-0.09184982
2QXHdu2zlQY$_$2,0.3333333432674408,0.87722725
2QXHdu2zlQY$_$5,1.3333333730697632,0.77150166
2QXHdu2zlQY$_$4,1.0,0.37128186
2QXHdu2zlQY$_$7,1.3333333730697632,1.4172971
2QXHdu2zlQY$_$6,0.0,-0.2301181
2QXHdu2zlQY$_$8,0.3333333432674408,0.8430659
2W-U94hXuK0$_$1,0.3333333432674408,0.63132274
2W-U94hXuK0$_$3,-3.0,-0.33896375
2W-U94hXuK0$_$2,-1.3333333730697632,0.049487174
2W-U94hXuK0$_$4,-2.0,-0.41858006
2fbBrB1nJEQ$_$0,2.0,0.7107384
2m58ShI1QSI$_$0,0.0,0.75644034
2m58ShI1QSI$_$2,0.3333333432674408,0.6754172
2o2ljA0QD7g$_$11,0.0,0.11980586
2o2ljA0QD7g$_$12,0.6666666865348816,0.5497064
2o2ljA0QD7g$_$4,0.3333333432674408,0.35900342
2vsgDSlJ9pU$_$0,0.0,0.478019
2vsgDSlJ9pU$_$13,0.6666666865348816,0.7707057
2vsgDSlJ9pU$_$12,1.0,0.45161706
2vsgDSlJ9pU$_$5,1.3333333730697632,0.03700976
2ze94yo2aPo$_$1,0.6666666865348816,0.79461944
2ze94yo2aPo$_$0,2.0,1.2087563
2ze94yo2aPo$_$5,1.0,0.52865857
2ze94yo2aPo$_$4,0.6666666865348816,0.58995056
34cU3HO_hEA$_$8,0.3333333432674408,-0.053692207
35694$_$11,0.3333333432674408,0.26298028
35694$_$10,0.0,0.24448134
35694$_$13,-1.6666666269302368,-0.95547104
35694$_$12,-1.3333333730697632,-0.040941235
35694$_$15,-1.3333333730697632,-1.7947462
35694$_$14,-1.3333333730697632,-1.6562473
35694$_$17,-1.6666666269302368,-0.69044554
35694$_$16,0.3333333432674408,-0.29748243
35694$_$1,0.6666666865348816,-0.5838765
35694$_$0,0.0,1.1929882
35694$_$3,-1.3333333730697632,-1.0753726
35694$_$2,-0.3333333432674408,-0.38835007
35694$_$5,0.0,-0.016243193
35694$_$4,0.6666666865348816,-0.67753065
35694$_$7,1.0,0.11387926
35694$_$6,0.0,0.03041771
35694$_$9,0.3333333432674408,0.19413047
35694$_$8,0.6666666865348816,0.2880904
37NMbnd7r20$_$0,0.0,0.34411782
3At-BKm9eYk$_$1,-0.3333333432674408,0.15219304
3At-BKm9eYk$_$0,-0.6666666865348816,-1.4608704
3At-BKm9eYk$_$3,-0.6666666865348816,-0.9995011
3At-BKm9eYk$_$2,-2.3333332538604736,-0.205923
3At-BKm9eYk$_$5,-0.3333333432674408,-0.38773745
3At-BKm9eYk$_$4,0.0,0.70285445
3At-BKm9eYk$_$7,0.3333333432674408,0.07347284
3At-BKm9eYk$_$6,1.0,0.21323118
3HyAaqre_Fk$_$3,-0.6666666865348816,-0.5334274
3HyAaqre_Fk$_$2,1.0,0.37449288
3HyAaqre_Fk$_$6,1.3333333730697632,1.1579362
3IUVpwx23cY$_$9,-0.3333333432674408,0.048107177
3IUVpwx23cY$_$10,0.3333333432674408,0.68878865
3IUVpwx23cY$_$31,-0.6666666865348816,0.094745606
3IUVpwx23cY$_$27,0.0,0.49670982
3IUVpwx23cY$_$23,0.0,0.34669727
3OYY5Tsz_2k$_$10,0.0,0.30012745
3OYY5Tsz_2k$_$14,1.3333333730697632,0.5909822
3OYY5Tsz_2k$_$1,0.6666666865348816,0.49001437
3OYY5Tsz_2k$_$2,0.0,0.19579907
3OYY5Tsz_2k$_$5,0.0,-0.24723873
3OYY5Tsz_2k$_$7,0.0,0.19936214
3REPHw7oLWo$_$1,1.0,0.20821287
3REPHw7oLWo$_$13,0.3333333432674408,1.1481115
3REPHw7oLWo$_$4,-0.3333333432674408,-0.009964906
3REPHw7oLWo$_$7,1.0,0.37095815
3UOqbf_B_Yc$_$1,0.0,0.85543364
3UOqbf_B_Yc$_$2,0.3333333432674408,1.3587126
3UOqbf_B_Yc$_$5,0.3333333432674408,1.6464931
3UOqbf_B_Yc$_$6,1.0,0.9934205
3WZ6R9B0PcU$_$9,-0.6666666865348816,-0.43966156
3XShFTBsp_Q$_$2,1.3333333730697632,0.7533448
3hOlJf_JQDs$_$1,2.3333332538604736,2.2985563
3hOlJf_JQDs$_$3,2.0,1.616838
3odZe3AGilc$_$0,1.3333333730697632,1.0857545
3odZe3AGilc$_$3,1.3333333730697632,1.6364372
3odZe3AGilc$_$2,1.3333333730697632,0.6503534
3wHE78v9zr4$_$24,1.3333333730697632,0.6809137
3wHE78v9zr4$_$25,2.0,1.4954462
3wHE78v9zr4$_$26,-0.6666666865348816,-0.6631893
3wHE78v9zr4$_$27,1.0,0.6515858
3wHE78v9zr4$_$20,0.0,-0.07868442
3wHE78v9zr4$_$21,-0.3333333432674408,-0.056884103
3wHE78v9zr4$_$22,1.0,0.53958786
3wHE78v9zr4$_$23,1.0,0.79509115
3wHE78v9zr4$_$1,0.6666666865348816,0.5702709
3wHE78v9zr4$_$0,1.0,0.79767764
3wHE78v9zr4$_$3,1.6666666269302368,1.1030356
3wHE78v9zr4$_$2,2.0,1.6991928
3wHE78v9zr4$_$5,0.0,0.0655618
3wHE78v9zr4$_$4,0.3333333432674408,0.84500456
3wHE78v9zr4$_$7,1.6666666269302368,0.66006553
3wHE78v9zr4$_$9,0.3333333432674408,0.48879844
3wHE78v9zr4$_$8,0.6666666865348816,0.29915094
3wHE78v9zr4$_$11,0.3333333432674408,0.29895747
3wHE78v9zr4$_$10,-2.0,-0.40278524
3wHE78v9zr4$_$13,0.0,0.31420213
3wHE78v9zr4$_$12,1.0,0.2039242
3wHE78v9zr4$_$15,1.0,0.28997326
3wHE78v9zr4$_$14,0.0,0.07905599
3wHE78v9zr4$_$17,-1.3333333730697632,-0.58031374
3wHE78v9zr4$_$16,-1.6666666269302368,0.009498477
3wHE78v9zr4$_$19,1.0,0.7866831
3wHE78v9zr4$_$18,1.3333333730697632,0.24074899
41381$_$10,-0.6666666865348816,-0.42796278
41381$_$1,1.0,0.6184595
41381$_$0,0.6666666865348816,0.3643976
41381$_$3,0.3333333432674408,0.23043384
41381$_$2,0.0,-0.32708246
41381$_$5,-0.6666666865348816,-0.2609446
41381$_$4,0.0,-0.021994714
41381$_$7,0.0,-0.37188405
41381$_$6,-0.6666666865348816,-0.8906938
41381$_$9,-2.0,-1.0538458
41381$_$8,1.0,0.17575462
424SXFTCFsA$_$1,0.6666666865348816,0.58629006
424SXFTCFsA$_$3,1.3333333730697632,1.3947057
424SXFTCFsA$_$2,1.3333333730697632,0.44944036
424SXFTCFsA$_$4,2.0,1.1126183
46495$_$1,0.0,0.2789173
46495$_$0,-0.6666666865348816,0.059815854
46495$_$3,0.0,-0.004223842
46495$_$2,0.0,0.047271065
46495$_$5,0.0,-0.6423751
46495$_$4,0.0,-0.102308676
46495$_$7,-2.0,-1.0520197
46495$_$6,-2.3333332538604736,-2.101219
46495$_$9,-2.0,-1.938609
46495$_$8,-2.0,-0.8964131
46615$_$1,-1.3333333730697632,-0.82493573
46615$_$0,0.0,0.50056076
46615$_$3,-1.0,0.16401644
46615$_$2,0.0,0.008764785
46615$_$5,-2.3333332538604736,-1.6596483
46615$_$4,-0.3333333432674408,0.023305923
46615$_$7,-2.3333332538604736,-1.2032396
46615$_$6,-2.0,-1.4631668
46615$_$9,-1.0,0.19934219
46615$_$8,-3.0,-1.3819624
4EDblUpJieU$_$1,0.6666666865348816,0.7764175
4EDblUpJieU$_$3,2.0,0.22984706
4EDblUpJieU$_$7,1.3333333730697632,1.0473603
4YfyP0uIqw0$_$6,0.6666666865348816,0.53123605
4dAYMzRyndc$_$10,2.0,0.29094434
4dAYMzRyndc$_$13,0.0,0.25862205
4dAYMzRyndc$_$16,0.0,0.44213217
4dAYMzRyndc$_$0,1.6666666269302368,0.94684106
4dAYMzRyndc$_$3,0.3333333432674408,0.4807945
4dAYMzRyndc$_$4,0.0,0.6316872
4dAYMzRyndc$_$9,0.0,0.32910895
4o4ilPK9rl8$_$1,-1.3333333730697632,0.28918278
4t5k_yILGJM$_$3,-0.6666666865348816,-0.40482026
4wLP4elp1uM$_$8,-0.6666666865348816,-0.08536132
4wLP4elp1uM$_$7,-1.6666666269302368,-0.04796991
53609$_$11,-0.6666666865348816,0.7338426
53609$_$10,-2.0,-1.7328304
53609$_$13,-2.0,-1.2150033
53609$_$12,-0.3333333432674408,-1.509045
53609$_$15,-0.3333333432674408,-0.67083645
53609$_$14,-2.6666667461395264,-1.233702
53609$_$1,0.0,0.95137435
53609$_$0,-0.3333333432674408,-0.030070752
53609$_$3,0.0,-0.23916797
53609$_$2,0.3333333432674408,0.07611688
53609$_$5,0.0,-0.28986877
53609$_$4,0.0,-0.1941063
53609$_$7,-1.6666666269302368,-1.3528692
53609$_$6,0.0,0.20000665
53609$_$9,-1.3333333730697632,-0.72077113
53609$_$8,-1.6666666269302368,-1.8905879
53766$_$1,1.3333333730697632,-0.17510267
53766$_$0,0.0,0.25800312
53766$_$3,1.0,0.9895004
53766$_$2,0.0,-0.038199663
53766$_$5,0.6666666865348816,0.26563865
53766$_$4,2.3333332538604736,0.5132076
53766$_$7,2.0,-0.11579269
53766$_$6,3.0,1.4819278
53766$_$9,2.0,1.1080076
53766$_$8,3.0,1.1001233
56989$_$11,-2.0,-2.1587536
56989$_$10,-2.0,-1.1492368
56989$_$13,0.3333333432674408,-0.0461239
56989$_$12,-0.6666666865348816,-0.4189998
56989$_$1,-3.0,-1.9962705
56989$_$0,0.0,0.1867754
56989$_$3,-2.3333332538604736,-1.6725556
56989$_$2,-2.0,-0.28143284
56989$_$5,-2.3333332538604736,-1.9698375
56989$_$4,-0.6666666865348816,0.179494
56989$_$7,1.6666666269302368,1.9336771
56989$_$6,-2.0,-0.8448144
56989$_$9,1.0,1.5400075
56989$_$8,0.3333333432674408,-0.19546366
59673$_$11,-2.0,-1.019691
59673$_$10,-0.3333333432674408,-1.1056887
59673$_$13,0.0,-0.5102347
59673$_$12,-1.0,-2.1221135
59673$_$1,0.0,0.0516231
59673$_$0,0.0,-0.19563605
59673$_$3,-1.0,-1.6285627
59673$_$2,0.0,-0.6019529
59673$_$5,0.3333333432674408,-0.7416595
59673$_$4,1.0,-0.17710565
59673$_$7,-0.3333333432674408,-0.04950144
59673$_$6,-0.3333333432674408,-0.8377515
59673$_$9,-2.0,-0.4538861
59673$_$8,-0.6666666865348816,-1.3715206
5eY4S1F62Z4$_$11,0.3333333432674408,-0.33313167
5eY4S1F62Z4$_$10,0.0,-0.45304352
5eY4S1F62Z4$_$13,0.3333333432674408,0.24205752
5eY4S1F62Z4$_$12,-0.3333333432674408,-0.48961562
5eY4S1F62Z4$_$15,0.6666666865348816,0.22532491
5eY4S1F62Z4$_$14,0.3333333432674408,0.5331562
5eY4S1F62Z4$_$17,0.3333333432674408,0.39346582
5eY4S1F62Z4$_$16,1.3333333730697632,0.29295516
5eY4S1F62Z4$_$0,1.0,0.36889112
5eY4S1F62Z4$_$3,0.3333333432674408,0.22157104
5eY4S1F62Z4$_$2,0.6666666865348816,0.9112087
5eY4S1F62Z4$_$5,0.3333333432674408,0.6880766
5eY4S1F62Z4$_$4,0.6666666865348816,0.39700246
5eY4S1F62Z4$_$7,0.6666666865348816,0.15324683
5eY4S1F62Z4$_$6,0.3333333432674408,0.41540474
5eY4S1F62Z4$_$9,0.6666666865348816,0.32261348
5eY4S1F62Z4$_$8,1.0,0.44175673
5fKPJPFqPho$_$11,-0.6666666865348816,0.08670076
5fKPJPFqPho$_$10,0.0,0.102785304
5fKPJPFqPho$_$1,0.0,-0.09629306
5fKPJPFqPho$_$3,0.0,-0.0026060045
5fKPJPFqPho$_$2,0.6666666865348816,0.321499
5fKPJPFqPho$_$5,0.3333333432674408,0.31147248
5fKPJPFqPho$_$4,0.0,-0.122363195
5fKPJPFqPho$_$7,0.3333333432674408,0.023845915
5fKPJPFqPho$_$6,0.3333333432674408,0.04954779
5fKPJPFqPho$_$9,0.0,-0.02248045
5fKPJPFqPho$_$8,0.3333333432674408,-0.2582482
5lrDS7LluCA$_$1,-0.6666666865348816,0.35688913
5lrDS7LluCA$_$0,0.6666666865348816,-0.10804728
5lrDS7LluCA$_$3,0.6666666865348816,0.07411446
5lrDS7LluCA$_$5,-0.3333333432674408,0.5563628
5lrDS7LluCA$_$4,1.0,1.9433843
5lrDS7LluCA$_$7,0.6666666865348816,0.6003825
5lrDS7LluCA$_$6,0.0,-0.6499083
5pxFqJ5hKMU$_$8,0.0,0.5718518
5pxFqJ5hKMU$_$2,0.0,0.6198695
5vwXp27bCLw$_$24,0.0,0.76309234
5vwXp27bCLw$_$10,-1.6666666269302368,-0.048920795
5vwXp27bCLw$_$13,0.0,0.04005909
5vwXp27bCLw$_$12,0.6666666865348816,1.4836501
5vwXp27bCLw$_$14,-0.3333333432674408,-1.0820533
5vwXp27bCLw$_$17,-0.3333333432674408,-0.3381611
5vwXp27bCLw$_$16,0.0,-0.021740027
5vwXp27bCLw$_$3,-0.3333333432674408,-0.14080298
5vwXp27bCLw$_$27,1.3333333730697632,0.6851519
5vwXp27bCLw$_$5,-0.3333333432674408,-0.5387305
5vwXp27bCLw$_$11,0.3333333432674408,0.1063716
5vwXp27bCLw$_$8,-0.3333333432674408,0.35879678
5vwXp27bCLw$_$21,-1.3333333730697632,-1.115491
5xa0Ac2krGs$_$2,-0.3333333432674408,0.035195813
5xa0Ac2krGs$_$7,0.3333333432674408,0.3596229
61531$_$11,1.0,1.4094868
61531$_$10,1.3333333730697632,1.5013747
61531$_$13,0.0,-0.30448484
61531$_$12,0.6666666865348816,-0.04766421
61531$_$15,0.0,0.113493755
61531$_$14,0.6666666865348816,0.90420455
61531$_$16,2.6666667461395264,1.2908906
61531$_$1,0.0,0.094228074
61531$_$0,0.3333333432674408,0.06755805
61531$_$3,0.0,0.25754625
61531$_$2,0.0,0.37671727
61531$_$5,0.0,0.55378246
61531$_$4,0.3333333432674408,0.2377149
61531$_$7,2.6666667461395264,1.818149
61531$_$6,2.3333332538604736,2.0211837
61531$_$9,2.0,1.4937644
61531$_$8,2.3333332538604736,1.9971529
63951$_$11,-2.0,-1.8729368
63951$_$10,-2.6666667461395264,-1.8790354
63951$_$13,-2.6666667461395264,-2.0599587
63951$_$12,-2.0,-0.40528286
63951$_$15,0.0,0.12695107
63951$_$14,-1.6666666269302368,-0.3575967
63951$_$1,0.0,0.30614322
63951$_$0,0.0,-0.07467014
63951$_$3,-0.6666666865348816,-0.63291377
63951$_$2,0.0,0.20302682
63951$_$5,-0.6666666865348816,0.35813934
63951$_$4,0.0,0.072608
63951$_$7,-3.0,-2.3782136
63951$_$6,-3.0,-2.6376114
63951$_$9,-2.0,-1.9411663
63951$_$8,-2.6666667461395264,-1.6843592
67uKYi7mslE$_$11,1.3333333730697632,0.8132522
67uKYi7mslE$_$10,0.6666666865348816,0.67701745
67uKYi7mslE$_$13,1.0,0.19654693
67uKYi7mslE$_$12,0.6666666865348816,0.71305573
67uKYi7mslE$_$15,0.6666666865348816,0.6589448
67uKYi7mslE$_$14,1.3333333730697632,0.221195
67uKYi7mslE$_$17,-1.0,-0.10735726
67uKYi7mslE$_$16,0.6666666865348816,0.69403267
67uKYi7mslE$_$18,-1.6666666269302368,-0.43009228
67uKYi7mslE$_$1,1.3333333730697632,0.53868794
67uKYi7mslE$_$0,0.6666666865348816,0.5167719
67uKYi7mslE$_$3,0.6666666865348816,0.3664434
67uKYi7mslE$_$2,0.0,-0.354425
67uKYi7mslE$_$5,0.6666666865348816,0.15835947
67uKYi7mslE$_$4,0.0,0.24075706
67uKYi7mslE$_$7,0.0,0.09154715
67uKYi7mslE$_$6,0.6666666865348816,0.8250588
67uKYi7mslE$_$9,0.0,0.44231182
67uKYi7mslE$_$8,-0.3333333432674408,-0.7768262
69824$_$1,-1.6666666269302368,-0.82609206
69824$_$0,0.0,0.9370712
69824$_$3,-3.0,-1.7112869
69824$_$2,-1.3333333730697632,1.1643636
69824$_$5,-2.6666667461395264,-1.8668764
69824$_$4,2.0,0.92891943
69824$_$7,-1.0,-1.2141374
69824$_$6,-1.0,-0.34573156
69824$_$8,-2.0,-0.9245721
6EDoVEm16fU$_$10,0.6666666865348816,-0.5034822
6EDoVEm16fU$_$13,1.3333333730697632,1.5989527
6EDoVEm16fU$_$12,0.3333333432674408,-0.06582029
6EDoVEm16fU$_$14,2.0,1.8646799
6EDoVEm16fU$_$1,2.0,1.2107913
6EDoVEm16fU$_$2,0.6666666865348816,0.94797075
6EDoVEm16fU$_$4,1.6666666269302368,1.04791
6EDoVEm16fU$_$6,1.0,1.0436497
6EDoVEm16fU$_$9,1.0,1.3336266
6EJHA6IDLNk$_$9,1.6666666269302368,0.971516
6EJHA6IDLNk$_$3,0.6666666865348816,0.5958325
6EJHA6IDLNk$_$4,0.0,0.5655146
6RFVsOWK1m4$_$1,0.0,0.123903304
6RFVsOWK1m4$_$0,0.0,-0.4196099
6RFVsOWK1m4$_$2,-1.0,0.7167722
6RFVsOWK1m4$_$5,0.0,0.19031298
6RFVsOWK1m4$_$4,-0.3333333432674408,0.27343684
6RFVsOWK1m4$_$7,-0.6666666865348816,-0.34990805
6RFVsOWK1m4$_$9,1.0,0.75944054
6RFVsOWK1m4$_$8,0.6666666865348816,0.54259586
6brtMLkjjYk$_$0,2.0,0.65165365
6brtMLkjjYk$_$3,2.0,1.093444
6brtMLkjjYk$_$2,1.0,0.8428217
6gtfeIqGasE$_$1,0.6666666865348816,0.1348354
6gtfeIqGasE$_$0,1.3333333730697632,0.81139594
6gtfeIqGasE$_$2,1.0,0.5200303
6gtfeIqGasE$_$4,2.0,1.9508761
6gtfeIqGasE$_$6,2.6666667461395264,1.8241472
6uoM8-9d0zA$_$4,0.6666666865348816,0.9855077
79356$_$11,0.3333333432674408,-0.75922614
79356$_$10,-0.3333333432674408,-0.52900875
79356$_$12,2.0,0.92082834
79356$_$1,1.6666666269302368,1.3520727
79356$_$0,1.0,-0.037173785
79356$_$3,2.6666667461395264,1.5618664
79356$_$2,2.6666667461395264,0.7246342
79356$_$5,0.0,-1.1599637
79356$_$4,0.0,-0.4687479
79356$_$7,2.6666667461395264,1.308272
79356$_$6,-0.3333333432674408,-0.49110246
79356$_$9,1.0,0.018933054
79356$_$8,0.0,-0.47856718
7IxmlIwqigw$_$13,1.0,0.00040964782
7IxmlIwqigw$_$20,0.6666666865348816,0.6376951
7IxmlIwqigw$_$14,0.0,0.07361201
7IxmlIwqigw$_$16,0.6666666865348816,0.8640879
7IxmlIwqigw$_$32,0.6666666865348816,0.17524266
7IxmlIwqigw$_$31,1.6666666269302368,1.0146652
7IxmlIwqigw$_$23,0.3333333432674408,-0.18567376
7IxmlIwqigw$_$5,0.0,0.6485265
7IxmlIwqigw$_$7,-1.0,0.16662055
7IxmlIwqigw$_$9,-0.6666666865348816,0.27319843
7deoh0NoMs4$_$1,1.0,1.0055051
7deoh0NoMs4$_$0,2.0,0.7326684
7f3ndBCx_JE$_$11,2.0,0.7618051
7f3ndBCx_JE$_$19,2.0,1.1596261
7f3ndBCx_JE$_$1,1.6666666269302368,0.893577
7idU7rR77Ss$_$0,0.0,-0.39869004
7idU7rR77Ss$_$3,0.0,-0.015967809
7idU7rR77Ss$_$2,0.0,-0.66400886
7idU7rR77Ss$_$5,0.0,0.19691306
7idU7rR77Ss$_$4,0.0,0.20682196
7mb8Y2AhXIY$_$0,0.3333333432674408,1.1407362
7mb8Y2AhXIY$_$4,0.6666666865348816,0.49675667
7mb8Y2AhXIY$_$10,-0.3333333432674408,-0.004946567
7mb8Y2AhXIY$_$6,2.0,0.6199366
7npCA0zoQ8Q$_$1,0.6666666865348816,0.81381536
7npCA0zoQ8Q$_$0,1.3333333730697632,1.5008458
7npCA0zoQ8Q$_$3,1.6666666269302368,1.5383284
83400$_$10,-1.0,-1.0189291
83400$_$1,0.0,0.027289592
83400$_$0,1.3333333730697632,-0.6869911
83400$_$3,0.0,0.13881709
83400$_$2,-0.6666666865348816,-0.0933373
83400$_$5,0.0,-0.51172906
83400$_$4,0.0,-0.15766156
83400$_$7,0.3333333432674408,0.1656658
83400$_$6,-0.3333333432674408,-0.3550048
83400$_$9,-2.3333332538604736,-1.607464
83400$_$8,-1.6666666269302368,-0.7724612
86c2OkQ3_U8$_$13,0.0,-0.5271112
86c2OkQ3_U8$_$14,0.6666666865348816,-0.5048707
86c2OkQ3_U8$_$22,2.0,0.58261347
86c2OkQ3_U8$_$16,0.0,0.37042898
86c2OkQ3_U8$_$19,-1.3333333730697632,-0.93076557
86c2OkQ3_U8$_$18,0.3333333432674408,0.5947092
86c2OkQ3_U8$_$0,0.6666666865348816,0.20782037
86c2OkQ3_U8$_$3,0.6666666865348816,0.2220781
86c2OkQ3_U8$_$2,0.6666666865348816,0.06360295
86c2OkQ3_U8$_$5,0.3333333432674408,-0.9338852
86c2OkQ3_U8$_$9,0.3333333432674408,0.6590022
88791$_$11,-2.3333332538604736,-1.6673442
88791$_$10,-3.0,-1.5979518
88791$_$13,-2.0,-0.2700007
88791$_$12,-1.6666666269302368,-0.79454285
88791$_$15,0.3333333432674408,0.76054776
88791$_$14,0.0,0.17054437
88791$_$1,-1.0,0.057760686
88791$_$0,-2.3333332538604736,0.059501126
88791$_$3,0.6666666865348816,0.50387913
88791$_$2,0.0,-0.19968864
88791$_$5,-2.0,0.12033978
88791$_$4,-1.6666666269302368,-0.21512668
88791$_$7,-1.6666666269302368,0.03507524
88791$_$6,-2.0,-2.0518591
88791$_$9,0.0,-0.3093208
88791$_$8,-1.0,-0.6366992
89ZmOPOilu4$_$0,-1.0,0.85778636
89ZmOPOilu4$_$7,-0.3333333432674408,-1.6267108
8NPaDkOiXw4$_$1,0.0,0.4608088
8NPaDkOiXw4$_$0,0.0,0.18616886
8NPaDkOiXw4$_$3,-0.6666666865348816,-0.3880561
8NPaDkOiXw4$_$2,0.6666666865348816,0.2858135
8TDAP0KNIIw$_$1,0.3333333432674408,0.1969394
8TDAP0KNIIw$_$0,0.0,0.40972823
8VhVf0TbjDA$_$1,1.3333333730697632,1.2975432
8VhVf0TbjDA$_$2,1.0,0.8966224
8XZszYrUSCQ$_$1,2.0,1.2102047
8XZszYrUSCQ$_$0,1.0,0.9583549
8XZszYrUSCQ$_$3,1.0,1.5828365
8XZszYrUSCQ$_$2,1.0,1.3435304
8i7u3fl-hP8$_$1,0.0,0.03440842
8i7u3fl-hP8$_$0,1.3333333730697632,0.0764631
8i7u3fl-hP8$_$2,1.3333333730697632,0.4583416
8jY_RhOS89o$_$3,0.0,0.89415365
8jY_RhOS89o$_$5,1.6666666269302368,1.3059149
8jY_RhOS89o$_$4,0.6666666865348816,0.76795363
8jY_RhOS89o$_$7,0.6666666865348816,1.0949613
8lfS97s2AKc$_$1,0.6666666865348816,0.5061772
8lfS97s2AKc$_$0,-1.3333333730697632,-0.35968697
8lfS97s2AKc$_$3,-0.6666666865348816,-0.6868003
8lfS97s2AKc$_$2,2.0,1.2978204
8lfS97s2AKc$_$5,-1.6666666269302368,-0.15546551
8lfS97s2AKc$_$4,0.3333333432674408,0.2199495
8lfS97s2AKc$_$7,-1.0,0.484271
8lfS97s2AKc$_$6,-2.0,-0.9669028
8wNr-NQImFg$_$10,0.0,-0.041051254
8wNr-NQImFg$_$13,-0.3333333432674408,-0.2502395
8wNr-NQImFg$_$12,-1.3333333730697632,-0.1907921
8wNr-NQImFg$_$1,0.0,0.22051652
8wNr-NQImFg$_$0,0.3333333432674408,-0.10052239
8wNr-NQImFg$_$7,1.3333333730697632,0.252923
8wNr-NQImFg$_$6,0.6666666865348816,0.98332524
8wNr-NQImFg$_$8,0.3333333432674408,0.74002194
8wQhzezNcUY$_$11,1.6666666269302368,0.9438337
8wQhzezNcUY$_$13,2.0,1.3951026
8wQhzezNcUY$_$12,0.0,1.2720281
8wQhzezNcUY$_$1,2.0,1.3701066
8wQhzezNcUY$_$2,1.0,1.124157
8wQhzezNcUY$_$9,1.0,0.24515133
8wQhzezNcUY$_$8,0.6666666865348816,-0.47661102
91844$_$11,2.6666667461395264,-1.3595448
91844$_$10,-0.3333333432674408,-0.018144049
91844$_$13,0.6666666865348816,0.25245398
91844$_$12,3.0,-0.6809939
91844$_$1,-0.3333333432674408,-0.7406287
91844$_$0,0.6666666865348816,1.1690632
91844$_$3,2.0,0.6766399
91844$_$2,0.0,0.5717808
91844$_$5,3.0,-0.18108986
91844$_$4,0.0,-0.012725901
91844$_$7,0.6666666865348816,-0.023662329
91844$_$6,0.6666666865348816,-0.060695186
91844$_$9,-0.3333333432674408,0.2155142
91844$_$8,2.0,0.8889971
92291$_$1,1.3333333730697632,0.3453622
92291$_$0,0.6666666865348816,1.0189976
92291$_$3,0.6666666865348816,-0.8863889
92291$_$2,0.0,0.44981027
92291$_$5,-2.3333332538604736,-0.98499525
92291$_$4,-2.3333332538604736,-0.6377351
92291$_$7,-2.3333332538604736,-1.5648597
92291$_$6,-1.3333333730697632,-1.1787112
92496$_$1,-1.0,-1.1612413
92496$_$0,-2.6666667461395264,-0.6468338
92496$_$3,-2.0,-1.5449888
92496$_$2,-1.6666666269302368,-0.46319175
92496$_$5,-3.0,-1.9892833
92496$_$4,0.0,0.04003296
93iGT5oueTA$_$10,1.0,0.5766214
93iGT5oueTA$_$12,-2.0,-1.672647
93iGT5oueTA$_$0,0.6666666865348816,0.28521723
93iGT5oueTA$_$3,1.3333333730697632,0.3162256
93iGT5oueTA$_$2,1.6666666269302368,1.3277762
93iGT5oueTA$_$5,0.0,0.06604349
93iGT5oueTA$_$4,1.3333333730697632,0.24288131
93iGT5oueTA$_$7,-0.3333333432674408,-0.61573607
93iGT5oueTA$_$6,1.0,0.40507293
93iGT5oueTA$_$9,-0.3333333432674408,-0.4827777
93iGT5oueTA$_$8,-2.6666667461395264,-1.3295575
94481$_$11,1.3333333730697632,1.2806255
94481$_$10,-0.6666666865348816,0.021947771
94481$_$1,-1.6666666269302368,0.47814405
94481$_$0,0.0,-0.23842871
94481$_$3,1.6666666269302368,1.9802581
94481$_$2,0.6666666865348816,1.2308544
94481$_$5,3.0,1.7474757
94481$_$4,2.6666667461395264,0.6920252
94481$_$7,0.6666666865348816,1.178516
94481$_$6,1.6666666269302368,0.84364635
94481$_$9,1.0,1.080232
94481$_$8,1.6666666269302368,1.1754237
97ENTofrmNo$_$1,1.0,0.81441283
97ENTofrmNo$_$0,1.3333333730697632,0.76822627
97ENTofrmNo$_$2,2.0,1.4476904
97ENTofrmNo$_$4,0.6666666865348816,0.9437128
9GzFQBljNIY$_$1,-1.0,-0.23295112
9GzFQBljNIY$_$0,0.0,-0.031903673
9GzFQBljNIY$_$3,0.3333333432674408,-0.30300033
9GzFQBljNIY$_$2,-1.0,-0.48939902
9GzFQBljNIY$_$5,1.0,0.9337368
9GzFQBljNIY$_$4,-1.6666666269302368,-0.08439058
9Lr4i7bIB6w$_$11,0.6666666865348816,1.0308925
9Lr4i7bIB6w$_$13,0.0,0.48455566
9Lr4i7bIB6w$_$12,1.0,1.0010039
9Lr4i7bIB6w$_$15,0.0,0.91229546
9Lr4i7bIB6w$_$14,0.6666666865348816,0.9588863
9Lr4i7bIB6w$_$0,0.6666666865348816,1.323982
9Lr4i7bIB6w$_$3,1.0,0.7101487
9Lr4i7bIB6w$_$2,1.3333333730697632,0.91105556
9Lr4i7bIB6w$_$6,0.6666666865348816,0.9427428
9Lr4i7bIB6w$_$8,0.3333333432674408,0.68989486
9PzZSheh10U$_$24,2.3333332538604736,0.531772
9PzZSheh10U$_$25,0.6666666865348816,0.4226842
9PzZSheh10U$_$26,1.0,0.17014135
9PzZSheh10U$_$27,1.3333333730697632,0.7315531
9PzZSheh10U$_$20,0.3333333432674408,0.48368263
9PzZSheh10U$_$21,0.6666666865348816,0.0657522
9PzZSheh10U$_$22,0.3333333432674408,-0.05041351
9PzZSheh10U$_$23,0.6666666865348816,0.42185998
9PzZSheh10U$_$28,0.6666666865348816,1.1380908
9PzZSheh10U$_$29,1.6666666269302368,1.3106308
9PzZSheh10U$_$1,1.3333333730697632,0.77165973
9PzZSheh10U$_$0,0.6666666865348816,0.7396515
9PzZSheh10U$_$3,1.0,0.6067507
9PzZSheh10U$_$2,0.6666666865348816,0.83175117
9PzZSheh10U$_$5,0.0,0.6210847
9PzZSheh10U$_$4,0.0,1.1631263
9PzZSheh10U$_$7,0.3333333432674408,0.39982367
9PzZSheh10U$_$6,0.0,0.23937
9PzZSheh10U$_$9,1.0,0.17588226
9PzZSheh10U$_$8,0.3333333432674408,0.78688455
9PzZSheh10U$_$11,1.3333333730697632,0.03736356
9PzZSheh10U$_$10,0.0,0.14180203
9PzZSheh10U$_$13,1.0,0.5930741
9PzZSheh10U$_$12,0.6666666865348816,1.2541512
9PzZSheh10U$_$15,0.6666666865348816,0.6464393
9PzZSheh10U$_$14,0.6666666865348816,0.07564856
9PzZSheh10U$_$17,0.3333333432674408,0.3629282
9PzZSheh10U$_$16,1.3333333730697632,1.356731
9PzZSheh10U$_$19,0.3333333432674408,0.21503983
9PzZSheh10U$_$18,0.3333333432674408,0.25902313
9PzZSheh10U$_$30,2.3333332538604736,1.3734965
9TAGpMywQyE$_$0,0.6666666865348816,0.5497165
9cYNT_YSo8o$_$1,1.3333333730697632,0.04310459
9cYNT_YSo8o$_$2,-1.0,-0.7391095
9orb0lQnVW4$_$0,0.0,0.032888122
A1lFJXUpxZo$_$1,1.3333333730697632,1.1036311
A1lFJXUpxZo$_$8,0.3333333432674408,0.8958822
A1lFJXUpxZo$_$5,0.6666666865348816,0.25962126
A1lFJXUpxZo$_$7,1.6666666269302368,1.2980653
A1lFJXUpxZo$_$0,1.6666666269302368,1.2619194
AB1PbMaW03s$_$13,0.0,0.10062237
AB1PbMaW03s$_$20,0.0,0.76378644
AB1PbMaW03s$_$14,-0.3333333432674408,0.17530471
AB1PbMaW03s$_$16,0.3333333432674408,0.72134084
AB1PbMaW03s$_$19,1.0,1.847576
AB1PbMaW03s$_$18,0.0,0.40484303
AB1PbMaW03s$_$15,0.0,-0.23833711
AB1PbMaW03s$_$3,0.3333333432674408,0.76487195
AB1PbMaW03s$_$4,0.0,0.7416208
AB1PbMaW03s$_$9,0.3333333432674408,0.443972
AB1PbMaW03s$_$8,0.0,0.12041186
AHiA9hohKr8$_$1,0.3333333432674408,0.29653496
AHiA9hohKr8$_$0,0.0,0.58842474
AHiA9hohKr8$_$3,-0.6666666865348816,-0.31560153
AHiA9hohKr8$_$2,0.0,1.0138291
AHiA9hohKr8$_$5,1.0,0.59014064
AHiA9hohKr8$_$7,1.3333333730697632,0.7532244
AHiA9hohKr8$_$6,-1.6666666269302368,0.2115715
AHiA9hohKr8$_$8,0.3333333432674408,1.1156045
AQ4Pktv4-Gc$_$4,0.3333333432674408,0.4767301
AgH84SNRx5s$_$1,1.6666666269302368,0.9076383
AgH84SNRx5s$_$4,1.6666666269302368,0.8899661
AlJX3Jw3xKk$_$3,0.6666666865348816,0.076481506
AlJX3Jw3xKk$_$6,0.6666666865348816,0.48884034
An8x4UfwZ7k$_$3,0.3333333432674408,0.75854224
An8x4UfwZ7k$_$4,0.0,1.0275048
B9oeT0K92wU$_$2,0.0,0.609532
BJS5KCSowgU$_$2,1.3333333730697632,1.6247193
BJS5KCSowgU$_$4,2.0,1.7867974
BJS5KCSowgU$_$7,1.0,0.6784145
BR2pkk3TK-0$_$0,0.6666666865348816,0.80130947
BR2pkk3TK-0$_$2,0.0,0.81631637
BRSyH6yfDLk$_$1,2.0,0.0893912
BRSyH6yfDLk$_$0,1.6666666269302368,0.36711943
BRSyH6yfDLk$_$3,1.3333333730697632,-1.1214213
BRSyH6yfDLk$_$2,-0.6666666865348816,-0.06494392
BRSyH6yfDLk$_$4,0.0,0.2995119
BTjV5dU_rfY$_$1,1.3333333730697632,1.4310256
Bpy61RdLAvo$_$5,-1.0,-0.43346024
C5-cY1nPQ20$_$11,0.6666666865348816,0.88807523
C5-cY1nPQ20$_$10,1.3333333730697632,0.9205061
C5-cY1nPQ20$_$1,0.6666666865348816,0.2722386
C5-cY1nPQ20$_$0,0.0,0.96763825
C5-cY1nPQ20$_$3,-0.6666666865348816,0.44232816
C5-cY1nPQ20$_$5,1.0,0.5736052
C5-cY1nPQ20$_$4,0.6666666865348816,0.50314105
C5-cY1nPQ20$_$7,1.3333333730697632,0.8387629
C5-cY1nPQ20$_$9,0.6666666865348816,1.0695647
C5-cY1nPQ20$_$8,0.3333333432674408,0.7546708
CKqDDh50gcU$_$14,1.3333333730697632,1.1909187
CKqDDh50gcU$_$1,1.6666666269302368,0.40341073
CKqDDh50gcU$_$3,2.6666667461395264,1.4578089
CKqDDh50gcU$_$7,2.0,0.7018409
CKqDDh50gcU$_$6,1.6666666269302368,1.2378277
CKqDDh50gcU$_$9,0.3333333432674408,0.44608033
CO2YoTZbUr0$_$1,0.0,-0.20174499
CO2YoTZbUr0$_$0,0.0,-0.6885198
CO2YoTZbUr0$_$3,0.0,-0.025483184
CO2YoTZbUr0$_$2,-0.6666666865348816,-0.074333176
CO2YoTZbUr0$_$5,0.0,0.5144483
CO2YoTZbUr0$_$4,0.6666666865348816,0.71440756
CO2YoTZbUr0$_$7,0.6666666865348816,0.12909852
CO2YoTZbUr0$_$6,0.3333333432674408,0.41506034
CO2YoTZbUr0$_$9,-1.6666666269302368,0.08573137
CO2YoTZbUr0$_$8,0.0,0.099585265
CO6n-skQJss$_$1,0.6666666865348816,-0.023328736
CO6n-skQJss$_$0,0.0,0.8126998
CO6n-skQJss$_$3,-1.3333333730697632,0.5680729
CO6n-skQJss$_$2,1.3333333730697632,0.40061766
CU6U-gS76K4$_$9,1.3333333730697632,0.9174775
CU6U-gS76K4$_$0,1.0,1.4502877
CU6U-gS76K4$_$2,0.0,0.5323538
CU6U-gS76K4$_$20,1.6666666269302368,1.005981
CU6U-gS76K4$_$23,0.6666666865348816,-0.08837405
CbRexsp1HKw$_$3,-0.3333333432674408,0.21953101
CbRexsp1HKw$_$5,-0.3333333432674408,0.029487863
CbRexsp1HKw$_$4,-0.3333333432674408,0.5235338
CbRexsp1HKw$_$7,0.0,0.3947326
CbRexsp1HKw$_$6,0.3333333432674408,0.2136866
CbRexsp1HKw$_$8,-0.3333333432674408,-0.033040777
ChhZna-aBK4$_$11,0.3333333432674408,0.25334525
ChhZna-aBK4$_$10,0.3333333432674408,0.33035916
ChhZna-aBK4$_$12,1.0,1.0951017
ChhZna-aBK4$_$15,0.6666666865348816,0.34230047
ChhZna-aBK4$_$14,1.3333333730697632,1.2217184
ChhZna-aBK4$_$17,1.3333333730697632,1.7947539
ChhZna-aBK4$_$16,0.0,0.50792074
ChhZna-aBK4$_$1,1.3333333730697632,0.14816768
ChhZna-aBK4$_$0,1.3333333730697632,1.1492313
ChhZna-aBK4$_$3,0.6666666865348816,0.9990393
ChhZna-aBK4$_$2,0.0,1.0979425
ChhZna-aBK4$_$5,0.3333333432674408,0.44441807
ChhZna-aBK4$_$4,0.6666666865348816,0.30713892
ChhZna-aBK4$_$7,0.6666666865348816,-0.039067686
ChhZna-aBK4$_$9,0.3333333432674408,0.75261533
ChhZna-aBK4$_$8,0.6666666865348816,0.78052515
CwF97vXPYX4$_$1,-0.6666666865348816,-0.75325483
CwF97vXPYX4$_$4,-0.3333333432674408,0.27175248
DMtFQjrY7Hg$_$0,0.3333333432674408,0.36386597
DMtFQjrY7Hg$_$2,0.6666666865348816,0.23007457
DR65no1jCbg$_$1,0.0,0.795397
DR65no1jCbg$_$0,0.0,0.6097561
DR65no1jCbg$_$3,0.0,1.6508614
DVAY-u_cJWU$_$1,-0.3333333432674408,0.13126512
DVAY-u_cJWU$_$2,0.0,0.344711
DVAY-u_cJWU$_$5,1.0,1.1609535
DebbnL-_rnI$_$1,1.6666666269302368,1.4735192
DebbnL-_rnI$_$0,2.0,1.9720079
DjcZrtcBZi4$_$10,0.3333333432674408,0.55594945
DjcZrtcBZi4$_$1,0.0,0.86583906
DjcZrtcBZi4$_$0,0.3333333432674408,0.28027636
DjcZrtcBZi4$_$2,-0.3333333432674408,0.57845324
DjcZrtcBZi4$_$5,0.6666666865348816,0.897577
DjcZrtcBZi4$_$4,0.0,0.78176713
DjcZrtcBZi4$_$7,0.0,0.85271525
DjcZrtcBZi4$_$6,0.6666666865348816,0.44044852
DjcZrtcBZi4$_$8,0.0,0.24978323
DlX-WyVe-D0$_$8,1.0,1.0184764
DlX-WyVe-D0$_$2,1.0,2.011654
Dm8AL84e11w$_$1,2.0,1.3025326
Dm8AL84e11w$_$5,0.6666666865348816,0.75150764
Dm8AL84e11w$_$4,0.0,0.54787666
DnBHq5I52LM$_$10,-1.6666666269302368,-0.4517895
DnBHq5I52LM$_$0,-1.6666666269302368,0.002549991
DnBHq5I52LM$_$3,0.0,-0.040070117
DnBHq5I52LM$_$2,-1.0,0.22420947
DnBHq5I52LM$_$5,-1.3333333730697632,-0.11142406
DnBHq5I52LM$_$4,-0.3333333432674408,0.22639875
DnBHq5I52LM$_$7,0.0,0.5011853
DnBHq5I52LM$_$6,-0.3333333432674408,0.6607647
DnBHq5I52LM$_$9,-0.3333333432674408,0.15394066
DnBHq5I52LM$_$8,0.0,0.13693136
DtbT85s3i94$_$1,0.0,0.19564053
DtbT85s3i94$_$0,0.6666666865348816,0.6093504
DtbT85s3i94$_$2,0.6666666865348816,0.11711039
DtbT85s3i94$_$5,1.0,0.3747797
DtbT85s3i94$_$4,1.0,0.3130288
DzdPl68gV5o$_$1,0.6666666865348816,0.6020098
DzdPl68gV5o$_$3,-0.6666666865348816,-0.67799246
E1r0FrFyNTw$_$0,0.0,0.14799117
E1r0FrFyNTw$_$2,2.6666667461395264,1.4402616
E1r0FrFyNTw$_$5,0.0,0.6173362
EMS14J0odIE$_$10,0.0,0.15175796
EMS14J0odIE$_$21,0.3333333432674408,0.8333541
EMS14J0odIE$_$17,0.6666666865348816,0.3106097
EMS14J0odIE$_$16,-0.3333333432674408,0.1981515
EO_5o9Gup6g$_$11,0.3333333432674408,0.34998024
EO_5o9Gup6g$_$10,-0.6666666865348816,-0.43534017
EO_5o9Gup6g$_$13,-1.6666666269302368,-0.7096687
EO_5o9Gup6g$_$12,-1.3333333730697632,-0.56029147
EO_5o9Gup6g$_$15,-1.3333333730697632,-0.60079145
EO_5o9Gup6g$_$22,0.0,1.1470559
EO_5o9Gup6g$_$17,-0.6666666865348816,-0.39879477
EO_5o9Gup6g$_$16,-1.0,0.05458772
EO_5o9Gup6g$_$19,-1.0,0.39413553
EO_5o9Gup6g$_$1,-0.3333333432674408,-0.48478317
EO_5o9Gup6g$_$0,-1.3333333730697632,0.30645704
EO_5o9Gup6g$_$3,-1.6666666269302368,-0.24122097
EO_5o9Gup6g$_$2,-1.3333333730697632,-0.6578679
EO_5o9Gup6g$_$4,-1.0,0.024477407
EO_5o9Gup6g$_$7,0.0,0.20334537
EO_5o9Gup6g$_$6,-2.0,-0.10970689
EO_5o9Gup6g$_$9,-1.3333333730697632,-0.22691675
EO_5o9Gup6g$_$20,-0.3333333432674408,0.5032255
EO_5o9Gup6g$_$8,-1.0,0.20984943
EujJ0SwiCRE$_$2,0.0,0.47073424
EyoMU2yoJPY$_$11,1.6666666269302368,0.93109024
EyoMU2yoJPY$_$10,0.3333333432674408,0.30345076
EyoMU2yoJPY$_$13,0.3333333432674408,0.82503664
EyoMU2yoJPY$_$7,-0.3333333432674408,0.41711104
F2hc2FLOdhI$_$1,0.6666666865348816,-0.029556572
F2hc2FLOdhI$_$0,1.6666666269302368,1.3834635
F2hc2FLOdhI$_$3,1.0,-0.6665517
F2hc2FLOdhI$_$2,0.0,0.27878284
F2hc2FLOdhI$_$5,1.0,0.15255076
F2hc2FLOdhI$_$4,-0.6666666865348816,-0.60192907
F2hc2FLOdhI$_$6,0.0,0.060098715
F7zQPzwFToE$_$1,-1.6666666269302368,-0.19961587
F7zQPzwFToE$_$3,-0.6666666865348816,-0.4158973
F7zQPzwFToE$_$5,0.0,0.26202744
F7zQPzwFToE$_$6,-1.0,-0.25804484
F8eQI8E-6q4$_$10,0.6666666865348816,0.45248526
F8eQI8E-6q4$_$3,-0.6666666865348816,-0.6001818
F8eQI8E-6q4$_$8,-0.6666666865348816,-1.369106
FHDVQkU-nGI$_$1,0.6666666865348816,1.0060252
FHDVQkU-nGI$_$0,1.3333333730697632,0.5360308
FHDVQkU-nGI$_$3,1.0,0.40634376
FHDVQkU-nGI$_$2,2.0,1.0107423
FHDVQkU-nGI$_$5,1.6666666269302368,1.3231834
FHDVQkU-nGI$_$7,2.0,1.3984212
FHDVQkU-nGI$_$6,2.3333332538604736,1.2798431
FHDVQkU-nGI$_$8,1.6666666269302368,0.96854615
FMenDv3y8jc$_$1,0.6666666865348816,0.69345176
FMenDv3y8jc$_$0,0.3333333432674408,0.6136679
FMenDv3y8jc$_$3,0.6666666865348816,0.35219938
FMenDv3y8jc$_$2,0.6666666865348816,0.36429375
FMenDv3y8jc$_$5,1.0,0.3097431
FMenDv3y8jc$_$4,0.3333333432674408,0.41956067
F_YaG_pvZrA$_$1,0.3333333432674408,0.962289
F_YaG_pvZrA$_$8,0.6666666865348816,0.6665857
F_YaG_pvZrA$_$3,0.0,0.5010439
F_YaG_pvZrA$_$10,0.6666666865348816,1.1202308
F_YaG_pvZrA$_$11,0.0,1.1512877
FqEekswKPWE$_$1,0.0,0.4807163
FqEekswKPWE$_$11,0.3333333432674408,0.28038955
FqEekswKPWE$_$0,0.3333333432674408,0.46240628
FqEekswKPWE$_$7,0.0,0.09861682
FqEekswKPWE$_$6,0.0,0.683064
GAVpYuhMZAw$_$10,0.6666666865348816,0.39258456
GAVpYuhMZAw$_$13,0.6666666865348816,1.1787688
GAVpYuhMZAw$_$12,1.0,0.12688927
GAVpYuhMZAw$_$1,2.0,0.42924553
GAVpYuhMZAw$_$2,0.0,0.19010709
GAVpYuhMZAw$_$5,1.3333333730697632,-0.5128567
GAVpYuhMZAw$_$4,0.3333333432674408,0.20824672
GAVpYuhMZAw$_$7,1.0,-0.657601
GAVpYuhMZAw$_$6,-0.3333333432674408,-0.33184803
GK-Pprzh0t0$_$1,-1.6666666269302368,-0.3628394
GK-Pprzh0t0$_$5,-0.6666666865348816,-0.2650166
GK-Pprzh0t0$_$7,0.3333333432674408,-0.018027395
GK-Pprzh0t0$_$6,1.6666666269302368,-0.3853677
GKsjv42t284$_$1,1.3333333730697632,0.81799245
GKsjv42t284$_$0,-0.6666666865348816,0.724296
GKsjv42t284$_$3,-0.6666666865348816,1.0998273
GKsjv42t284$_$2,-0.6666666865348816,-0.39421207
GKsjv42t284$_$4,0.3333333432674408,0.84968174
GMa0cIAltnw$_$0,-0.6666666865348816,-0.33500785
GMa0cIAltnw$_$3,0.3333333432674408,0.25231874
GMa0cIAltnw$_$5,-1.3333333730697632,-0.5105992
GMa0cIAltnw$_$6,-2.3333332538604736,-0.2931208
GNP0PFas12Y$_$24,0.3333333432674408,0.68682903
GNP0PFas12Y$_$21,0.0,0.8326462
GNP0PFas12Y$_$17,0.6666666865348816,-0.21570854
GNP0PFas12Y$_$4,0.3333333432674408,0.44477016
GNP0PFas12Y$_$7,0.3333333432674408,0.028059393
GNP0PFas12Y$_$6,0.6666666865348816,0.8074331
GNP0PFas12Y$_$14,1.0,1.4085808
GO0V4ZGSF28$_$4,0.0,0.5271452
GXIfrEUJ5d4$_$0,-0.3333333432674408,0.002142761
GXIfrEUJ5d4$_$2,0.0,0.13699785
Gc_zIjqqUys$_$1,0.6666666865348816,0.49391508
Gc_zIjqqUys$_$0,-0.3333333432674408,1.1218733
Gc_zIjqqUys$_$7,0.0,0.37374282
GlShH_ua_GU$_$4,1.6666666269302368,0.41051203
GmpDbIstUdc$_$10,0.3333333432674408,0.5356754
GmpDbIstUdc$_$13,0.3333333432674408,1.0231394
GmpDbIstUdc$_$6,-0.3333333432674408,0.71093607
H-74k5vclCU$_$3,0.3333333432674408,0.52436036
H-74k5vclCU$_$2,0.6666666865348816,0.16957384
H-74k5vclCU$_$6,1.0,0.6384436
H9BNzzxlscA$_$1,0.0,0.42363513
H9BNzzxlscA$_$0,1.0,0.5546026
H9BNzzxlscA$_$3,0.0,0.49837554
H9BNzzxlscA$_$5,-0.6666666865348816,-0.19414093
H9BNzzxlscA$_$6,0.0,0.3209176
HA2AiTz-qxc$_$3,-0.6666666865348816,0.08339615
HA2AiTz-qxc$_$2,0.0,0.21304147
HA2AiTz-qxc$_$7,0.0,0.19912498
HAnQVHOd3hg$_$1,0.3333333432674408,-0.033779383
HAnQVHOd3hg$_$8,0.0,0.7824137
HAnQVHOd3hg$_$6,-0.3333333432674408,-0.35157198
HFPGeaEPy9o$_$1,-0.6666666865348816,-0.75196254
HFPGeaEPy9o$_$0,-0.3333333432674408,-0.5642507
HFPGeaEPy9o$_$2,0.3333333432674408,-0.42117792
HFPGeaEPy9o$_$4,0.0,-0.112855345
HJTxq72GuMs$_$1,1.0,0.8582195
HJTxq72GuMs$_$9,0.0,0.40461951
HJTxq72GuMs$_$6,-2.0,-0.23759626
HJTxq72GuMs$_$14,0.6666666865348816,0.4937967
HJTxq72GuMs$_$10,-0.3333333432674408,0.35209495
HMRqR-P68Ws$_$12,0.0,0.6236199
HMRqR-P68Ws$_$15,0.3333333432674408,0.057301626
HMRqR-P68Ws$_$16,-1.3333333730697632,-0.41616225
HMRqR-P68Ws$_$0,1.0,0.07938828
HMRqR-P68Ws$_$3,-1.0,-0.21487032
HMRqR-P68Ws$_$5,0.0,0.010384917
HMRqR-P68Ws$_$7,-0.3333333432674408,-0.30382073
HMRqR-P68Ws$_$6,0.0,-0.24310027
HMRqR-P68Ws$_$9,0.3333333432674408,0.1827321
HR18U0yAlTc$_$10,0.0,1.5374222
HR18U0yAlTc$_$12,-0.3333333432674408,-0.79084504
HR18U0yAlTc$_$5,-0.3333333432674408,0.57962686
HR18U0yAlTc$_$4,-0.3333333432674408,0.40629834
HR18U0yAlTc$_$9,-0.3333333432674408,1.0237647
HR18U0yAlTc$_$8,0.3333333432674408,1.4529004
H_x5O9GdknI$_$1,0.0,-0.35098982
H_x5O9GdknI$_$0,-1.0,0.23341687
HbaycY0VuZk$_$0,1.3333333730697632,0.7715846
HbaycY0VuZk$_$3,1.6666666269302368,1.198232
HbaycY0VuZk$_$4,1.6666666269302368,1.7382416
Hq3cHc6X8BM$_$0,0.3333333432674408,0.110654995
I9iV9q3ePhI$_$12,0.3333333432674408,0.83019626
I9iV9q3ePhI$_$5,0.0,0.53370655
I9iV9q3ePhI$_$7,0.3333333432674408,0.2795322
IHp8hd1jm6k$_$24,2.3333332538604736,0.78023714
IHp8hd1jm6k$_$25,1.6666666269302368,0.3673309
IHp8hd1jm6k$_$26,2.0,0.779258
IHp8hd1jm6k$_$27,1.3333333730697632,0.5762644
IHp8hd1jm6k$_$20,0.6666666865348816,0.7447426
IHp8hd1jm6k$_$21,1.3333333730697632,0.4126637
IHp8hd1jm6k$_$22,0.6666666865348816,0.1626223
IHp8hd1jm6k$_$23,2.6666667461395264,1.5265504
IHp8hd1jm6k$_$28,0.3333333432674408,0.6844319
IHp8hd1jm6k$_$29,2.3333332538604736,0.7785188
IHp8hd1jm6k$_$1,0.0,0.48462993
IHp8hd1jm6k$_$0,1.6666666269302368,0.5251548
IHp8hd1jm6k$_$3,0.6666666865348816,0.17364648
IHp8hd1jm6k$_$2,1.0,1.1423842
IHp8hd1jm6k$_$5,1.0,0.58115876
IHp8hd1jm6k$_$4,0.0,0.6614338
IHp8hd1jm6k$_$7,0.0,-0.108127646
IHp8hd1jm6k$_$6,1.0,0.81507885
IHp8hd1jm6k$_$9,1.6666666269302368,0.4716875
IHp8hd1jm6k$_$8,2.0,0.7643876
IHp8hd1jm6k$_$11,1.0,0.21181495
IHp8hd1jm6k$_$10,0.6666666865348816,0.22129844
IHp8hd1jm6k$_$13,-0.3333333432674408,-0.18284321
IHp8hd1jm6k$_$12,-0.3333333432674408,0.008155238
IHp8hd1jm6k$_$15,1.3333333730697632,0.85987544
IHp8hd1jm6k$_$14,1.3333333730697632,0.7837138
IHp8hd1jm6k$_$17,0.0,0.00074259937
IHp8hd1jm6k$_$16,0.6666666865348816,0.049289435
IHp8hd1jm6k$_$19,0.0,0.54489934
IHp8hd1jm6k$_$18,0.0,0.27135402
IHp8hd1jm6k$_$30,0.6666666865348816,0.25068122
IIPYcCii7Sg$_$1,0.0,0.3252542
IIPYcCii7Sg$_$3,-0.3333333432674408,0.21406475
IIPYcCii7Sg$_$2,-1.0,-0.14884615
IIPYcCii7Sg$_$5,1.0,0.123789474
IIPYcCii7Sg$_$4,0.3333333432674408,0.4468162
IIPYcCii7Sg$_$7,-0.3333333432674408,-0.34251451
IOpWjKAHG8Q$_$1,-1.0,0.7920264
IOpWjKAHG8Q$_$0,0.6666666865348816,1.3658193
IOpWjKAHG8Q$_$3,-0.3333333432674408,0.27639818
IOpWjKAHG8Q$_$2,-0.3333333432674408,0.8650263
IOpWjKAHG8Q$_$5,0.0,0.6002249
IOpWjKAHG8Q$_$4,0.3333333432674408,0.16484381
IRSxo_XXArg$_$11,0.3333333432674408,0.9021794
IRSxo_XXArg$_$12,0.0,1.4196154
IRSxo_XXArg$_$0,0.6666666865348816,0.58418125
IRSxo_XXArg$_$3,0.0,1.3489805
IRSxo_XXArg$_$2,0.6666666865348816,1.2962741
IRSxo_XXArg$_$5,-0.6666666865348816,0.91727257
IRSxo_XXArg$_$7,0.0,1.4639128
IRSxo_XXArg$_$9,0.0,1.4917992
Ie6sDptjAsU$_$3,0.6666666865348816,-0.3645224
Iemw8vqt-54$_$10,2.6666667461395264,1.7854674
Iemw8vqt-54$_$13,0.3333333432674408,0.91349685
Iemw8vqt-54$_$12,2.3333332538604736,0.53391767
Iemw8vqt-54$_$1,1.6666666269302368,1.486085
Iemw8vqt-54$_$0,0.6666666865348816,1.4122676
Iemw8vqt-54$_$9,1.0,0.3646208
Iemw8vqt-54$_$8,1.6666666269302368,0.70912623
JATMzuV6sUE$_$0,0.3333333432674408,0.5984451
JHJOK6cdW-0$_$1,0.0,0.062232397
JHJOK6cdW-0$_$8,-0.3333333432674408,0.6722539
JHJOK6cdW-0$_$5,0.0,0.095174596
JHJOK6cdW-0$_$7,0.0,0.54839766
JHJOK6cdW-0$_$0,-0.3333333432674408,0.8069549
JKueLneBoik$_$1,1.0,0.9408131
JKueLneBoik$_$0,1.0,1.0168484
JKueLneBoik$_$3,0.0,0.27845532
JKueLneBoik$_$2,1.0,-0.06548636
JKueLneBoik$_$5,2.0,1.5154026
JKueLneBoik$_$4,0.0,0.31467545
JNhqI4JtPXA$_$1,1.6666666269302368,1.9272825
JNhqI4JtPXA$_$0,1.3333333730697632,0.8999883
JNhqI4JtPXA$_$3,2.0,1.7087141
JNhqI4JtPXA$_$4,1.3333333730697632,1.0356323
JNhqI4JtPXA$_$7,0.6666666865348816,0.1995038
JXYot3NDQn0$_$1,0.3333333432674408,0.9742701
JXYot3NDQn0$_$2,0.6666666865348816,0.8987297
JXYot3NDQn0$_$7,1.6666666269302368,1.6510495
Jz1oMq6l-ZM$_$10,-2.0,-0.5394555
Jz1oMq6l-ZM$_$12,2.3333332538604736,1.4665337
Jz1oMq6l-ZM$_$1,-1.0,-0.038131185
Jz1oMq6l-ZM$_$0,-2.0,-0.15904698
Jz1oMq6l-ZM$_$3,-0.3333333432674408,-0.07669287
Jz1oMq6l-ZM$_$2,-1.6666666269302368,-0.31335562
Jz1oMq6l-ZM$_$5,-1.6666666269302368,0.3540653
Jz1oMq6l-ZM$_$7,0.3333333432674408,-0.19374661
Jz1oMq6l-ZM$_$6,-1.0,0.14321806
KB5hSnV1emg$_$13,0.3333333432674408,0.22241433
KB5hSnV1emg$_$12,0.0,-0.17661862
KB5hSnV1emg$_$1,0.0,-0.052089803
KB5hSnV1emg$_$0,0.0,0.6744253
KB5hSnV1emg$_$3,0.0,-0.096214995
KB5hSnV1emg$_$2,0.6666666865348816,0.65354127
KB5hSnV1emg$_$4,0.0,0.15960899
KB5hSnV1emg$_$7,0.3333333432674408,0.3286757
KB5hSnV1emg$_$6,0.3333333432674408,-0.037126236
KB5hSnV1emg$_$9,0.6666666865348816,0.20715912
KRje7su4I5U$_$1,0.3333333432674408,0.41597486
KRje7su4I5U$_$2,-0.6666666865348816,0.81370074
KRje7su4I5U$_$5,1.3333333730697632,0.94348204
KRje7su4I5U$_$4,1.0,0.23080413
KRje7su4I5U$_$7,0.3333333432674408,1.1505803
KRje7su4I5U$_$6,2.0,1.7814234
KRje7su4I5U$_$8,1.0,0.66995406
KXsjl0DKgL0$_$5,1.3333333730697632,0.91806835
KYQTwFVBzME$_$2,0.6666666865348816,1.2017201
KZzFCrEyKF0$_$11,-0.3333333432674408,0.95927644
KZzFCrEyKF0$_$8,0.6666666865348816,0.14020427
KZzFCrEyKF0$_$4,0.0,-0.33418858
KZzFCrEyKF0$_$6,-0.3333333432674408,0.017261498
KanWhGY33Hk$_$8,0.0,1.2523428
KanWhGY33Hk$_$15,0.0,0.3691008
KanWhGY33Hk$_$6,1.0,0.21762334
Kn5eKHlPD0k$_$12,1.0,0.3016762
Kn5eKHlPD0k$_$1,0.6666666865348816,-0.39591575
Kn5eKHlPD0k$_$0,0.0,0.2578739
Kn5eKHlPD0k$_$2,0.6666666865348816,-0.33504355
Kn5eKHlPD0k$_$5,0.6666666865348816,0.6253525
Kn5eKHlPD0k$_$7,-0.6666666865348816,0.055243075
Kn5eKHlPD0k$_$6,1.0,0.33279896
Kn99u05vlpA$_$3,1.6666666269302368,0.9961827
Kn99u05vlpA$_$2,1.6666666269302368,1.0014018
Kn99u05vlpA$_$5,1.6666666269302368,0.4626078
Kn99u05vlpA$_$6,2.3333332538604736,0.85796547
KrmVX-HANew$_$8,0.6666666865348816,1.0306767
KrmVX-HANew$_$5,0.0,0.3148979
KrmVX-HANew$_$6,0.6666666865348816,0.4541875
Kyz32PTyP4I$_$1,1.6666666269302368,1.1569147
Kyz32PTyP4I$_$0,0.6666666865348816,1.0694978
Kyz32PTyP4I$_$2,1.3333333730697632,0.55276954
Kyz32PTyP4I$_$5,0.3333333432674408,0.49300677
Kyz32PTyP4I$_$6,0.6666666865348816,0.3673252
L-7oRnbi9-w$_$3,0.3333333432674408,0.43846416
L-7oRnbi9-w$_$5,0.3333333432674408,0.42806917
L-7oRnbi9-w$_$4,0.6666666865348816,0.5025373
L-a4Sh6iAcw$_$11,0.0,-0.07424408
L-a4Sh6iAcw$_$3,0.6666666865348816,0.74091804
L-a4Sh6iAcw$_$5,0.6666666865348816,0.19167162
L-a4Sh6iAcw$_$4,-0.3333333432674408,0.78466773
L-a4Sh6iAcw$_$7,0.6666666865348816,0.48579842
L-a4Sh6iAcw$_$9,0.6666666865348816,0.5069268
LD3HYOwk1Bc$_$1,0.0,-0.35636592
LD3HYOwk1Bc$_$0,0.0,0.5168495
LDKWr94J0wM$_$11,1.0,0.20164874
LDKWr94J0wM$_$14,1.0,1.1424989
LDKWr94J0wM$_$3,0.6666666865348816,0.90974224
LDKWr94J0wM$_$2,-0.3333333432674408,0.92268676
LDKWr94J0wM$_$5,0.3333333432674408,0.9376243
LDKWr94J0wM$_$4,1.3333333730697632,1.0999726
LDKWr94J0wM$_$8,1.0,0.7430782
LFOwCSiGOvw$_$1,-1.0,-0.43365347
LFOwCSiGOvw$_$2,0.0,-0.301632
LFOwCSiGOvw$_$4,-1.0,-0.19214404
LJGL2sGvSS0$_$20,1.3333333730697632,1.3498384
LJGL2sGvSS0$_$21,1.3333333730697632,1.1189345
LJGL2sGvSS0$_$22,2.0,1.1415627
LJGL2sGvSS0$_$1,0.6666666865348816,0.6369016
LJGL2sGvSS0$_$0,1.0,0.4658956
LJGL2sGvSS0$_$3,1.6666666269302368,0.67499757
LJGL2sGvSS0$_$2,1.3333333730697632,0.5271933
LJGL2sGvSS0$_$5,1.0,0.9145675
LJGL2sGvSS0$_$4,1.0,1.0715779
LJGL2sGvSS0$_$7,1.3333333730697632,0.70536447
LJGL2sGvSS0$_$6,-0.6666666865348816,-0.277265
LJGL2sGvSS0$_$9,1.0,0.8117619
LJGL2sGvSS0$_$8,0.6666666865348816,0.69527465
LJGL2sGvSS0$_$11,1.0,0.82508135
LJGL2sGvSS0$_$10,1.3333333730697632,0.86969936
LJGL2sGvSS0$_$13,2.0,1.296595
LJGL2sGvSS0$_$12,1.0,1.2249945
LJGL2sGvSS0$_$15,0.6666666865348816,0.1050248
LJGL2sGvSS0$_$14,1.6666666269302368,1.3826805
LJGL2sGvSS0$_$17,2.0,0.6943562
LJGL2sGvSS0$_$16,2.0,0.91250044
LJGL2sGvSS0$_$19,1.0,0.2113227
LJGL2sGvSS0$_$18,2.0,1.026303
LcfubBagG6Q$_$11,1.3333333730697632,0.62001336
LcfubBagG6Q$_$10,-1.0,1.011989
LcfubBagG6Q$_$13,1.0,0.4820845
LcfubBagG6Q$_$14,1.0,1.347575
LcfubBagG6Q$_$1,1.3333333730697632,0.8615739
LcfubBagG6Q$_$0,0.3333333432674408,0.63206
LcfubBagG6Q$_$3,0.3333333432674408,0.27138984
LcfubBagG6Q$_$2,0.0,0.4291036
LcfubBagG6Q$_$5,0.3333333432674408,0.6927799
LcfubBagG6Q$_$4,0.0,-0.7150334
LcfubBagG6Q$_$7,1.0,1.4193946
LcfubBagG6Q$_$6,1.3333333730697632,0.99615324
LcfubBagG6Q$_$9,0.3333333432674408,0.5755837
LcfubBagG6Q$_$8,1.3333333730697632,1.2724136
LpTbjgELALo$_$1,0.0,0.073893115
LpTbjgELALo$_$2,1.3333333730697632,0.596742
LtlL-03S79Q$_$2,0.3333333432674408,1.4587442
LtlL-03S79Q$_$5,1.3333333730697632,0.17515974
LtlL-03S79Q$_$4,1.0,0.4489218
LtlL-03S79Q$_$7,0.3333333432674408,0.7653605
LtlL-03S79Q$_$6,1.0,1.2724196
LtlL-03S79Q$_$9,1.3333333730697632,0.72082454
LueQT0vY1zI$_$0,1.0,0.4829955
LyOq9mOEPuk$_$8,-0.6666666865348816,-0.1811176
LyOq9mOEPuk$_$3,1.3333333730697632,1.1109569
LyOq9mOEPuk$_$13,-0.6666666865348816,-0.6812064
M6HKUzJNlsE$_$1,0.6666666865348816,1.1107742
M6HKUzJNlsE$_$0,0.6666666865348816,0.6531092
M6HKUzJNlsE$_$3,0.3333333432674408,0.382537
M6HKUzJNlsE$_$2,1.6666666269302368,0.025914535
M6HKUzJNlsE$_$5,1.3333333730697632,1.2436527
M6HKUzJNlsE$_$4,1.0,1.3402674
MHVrwCEWLPI$_$1,-0.6666666865348816,0.121058375
MHVrwCEWLPI$_$5,0.6666666865348816,1.1798543
MHVrwCEWLPI$_$4,1.0,0.8662816
MHVrwCEWLPI$_$6,0.3333333432674408,0.55404377
MHyW857u_X8$_$13,0.0,1.0974256
MHyW857u_X8$_$20,0.0,-0.35452342
MHyW857u_X8$_$22,0.3333333432674408,1.520356
MHyW857u_X8$_$17,0.3333333432674408,0.73805046
MHyW857u_X8$_$18,-0.3333333432674408,0.27563822
MHyW857u_X8$_$2,0.0,0.3887639
MHyW857u_X8$_$5,0.0,0.24484552
MHyW857u_X8$_$7,2.0,1.8837457
MLegxOZBGUc$_$9,1.0,1.8662513
MM2qPdnRmQ8$_$0,0.0,0.50904524
MM2qPdnRmQ8$_$6,0.0,0.6917748
MSHBEntSDjU$_$9,0.3333333432674408,0.54866505
MYEyQUpMe3k$_$1,1.0,0.60606205
MYEyQUpMe3k$_$2,0.6666666865348816,-0.1077209
MYEyQUpMe3k$_$5,0.0,0.2047592
MYEyQUpMe3k$_$4,0.0,0.39821744
MYEyQUpMe3k$_$7,0.0,0.3430646
MYEyQUpMe3k$_$6,0.0,0.44597673
MYEyQUpMe3k$_$9,0.0,0.42444146
MYEyQUpMe3k$_$8,0.0,0.13439782
MZUr1DfYNNw$_$1,1.3333333730697632,0.7809016
MZUr1DfYNNw$_$0,0.6666666865348816,0.7213422
MZUr1DfYNNw$_$2,0.0,0.5511014
MtIklGnIMGo$_$5,-1.3333333730697632,0.041382916
MvEw24PU2Ac$_$9,0.6666666865348816,0.2518077
MvEw24PU2Ac$_$15,-1.0,-0.7793007
MvEw24PU2Ac$_$6,0.0,0.2843035
N-NnCI6U52c$_$2,2.3333332538604736,1.4763852
N-NnCI6U52c$_$5,2.6666667461395264,1.8093805
N0d2JL7JC1s$_$0,0.0,0.28025568
N2nCB34Am-E$_$10,0.6666666865348816,0.4245959
N2nCB34Am-E$_$6,0.6666666865348816,0.5442077
NIpuKcoJhGM$_$0,2.0,0.5442486
NIpuKcoJhGM$_$5,-0.3333333432674408,-0.020444214
NIpuKcoJhGM$_$4,1.6666666269302368,1.0915556
NOGhjdK-rDI$_$0,-0.3333333432674408,-0.61084795
NVLPURuAVLU$_$2,-0.6666666865348816,-0.040986687
NVLPURuAVLU$_$4,0.6666666865348816,0.48762077
NVLPURuAVLU$_$7,0.3333333432674408,0.17853652
NaWmaHwjElo$_$13,0.6666666865348816,0.5241542
NaWmaHwjElo$_$5,0.0,0.11455639
NgENhhXf0LE$_$2,1.3333333730697632,1.0791459
NiAjz4ciA60$_$1,1.0,1.1364658
NiAjz4ciA60$_$3,0.3333333432674408,-0.03678827
NiAjz4ciA60$_$2,0.3333333432674408,0.2946452
NiAjz4ciA60$_$6,-0.3333333432674408,0.49160534
NlrCjfHELLE$_$0,0.6666666865348816,1.3697262
NoOt0oU843M$_$8,0.6666666865348816,0.92272925
NoOt0oU843M$_$3,0.3333333432674408,0.27476496
NoOt0oU843M$_$2,0.0,0.3718189
NoOt0oU843M$_$5,0.6666666865348816,0.254475
NoOt0oU843M$_$6,1.6666666269302368,0.91853946
NocexkPXja8$_$13,-1.0,-0.44862407
NocexkPXja8$_$15,-0.6666666865348816,-0.3887751
NocexkPXja8$_$16,-1.0,-0.8430541
NocexkPXja8$_$1,-1.6666666269302368,-0.09354997
NocexkPXja8$_$3,-1.3333333730697632,-0.5390415
NocexkPXja8$_$5,-1.0,-0.37636137
NocexkPXja8$_$4,-2.3333332538604736,-1.2810322
NocexkPXja8$_$6,-1.6666666269302368,0.20314276
O-b3DQg0QmA$_$1,0.0,0.7404281
O-b3DQg0QmA$_$0,0.0,0.70571035
O-b3DQg0QmA$_$2,2.3333332538604736,1.4293598
O2ShYliS3CU$_$8,1.6666666269302368,0.7531164
O2ShYliS3CU$_$2,0.0,0.069796905
O4UkHVJlIs8$_$10,0.3333333432674408,-0.0978998
O4UkHVJlIs8$_$3,1.0,0.5514953
O4UkHVJlIs8$_$2,0.6666666865348816,0.80989766
OFia3dWgaoI$_$1,-0.6666666865348816,0.0028495938
OFia3dWgaoI$_$0,-1.3333333730697632,-0.626585
OFia3dWgaoI$_$3,-0.6666666865348816,-0.37266695
OFia3dWgaoI$_$5,-0.6666666865348816,-0.5594919
OFia3dWgaoI$_$4,-0.3333333432674408,-0.8247415
OFia3dWgaoI$_$6,-0.6666666865348816,-0.661323
OFia3dWgaoI$_$8,-0.3333333432674408,0.2562375
OKJPFisBoPY$_$1,0.3333333432674408,0.8608197
OKJPFisBoPY$_$0,0.3333333432674408,0.98519886
OORklkFql3k$_$11,-1.3333333730697632,-0.31265956
OORklkFql3k$_$10,-0.3333333432674408,-0.47444218
OORklkFql3k$_$15,0.0,-0.30961347
OORklkFql3k$_$14,-1.3333333730697632,-0.56238294
OORklkFql3k$_$19,-2.6666667461395264,-1.056622
OORklkFql3k$_$1,-0.6666666865348816,-0.98837644
OORklkFql3k$_$3,-2.0,-0.39091688
OORklkFql3k$_$2,-2.0,-0.72343135
OORklkFql3k$_$4,-2.0,0.31609547
OORklkFql3k$_$7,-0.3333333432674408,0.54401386
OORklkFql3k$_$6,-2.0,-0.7691736
OORklkFql3k$_$8,-2.0,-0.924532
OWWHjP3pX9o$_$1,0.0,0.2704937
OWWHjP3pX9o$_$0,-0.3333333432674408,0.09322855
OWWHjP3pX9o$_$3,0.3333333432674408,0.19035311
OWWHjP3pX9o$_$2,0.0,0.14952545
OWWHjP3pX9o$_$5,0.0,1.0285964
OWWHjP3pX9o$_$4,0.6666666865348816,0.10802014
OWWHjP3pX9o$_$7,1.3333333730697632,0.17880084
OWWHjP3pX9o$_$6,0.3333333432674408,0.76754993
OWWHjP3pX9o$_$9,1.0,0.79857904
OWWHjP3pX9o$_$8,0.6666666865348816,-1.0483291
OXsTIPdytiw$_$10,-0.3333333432674408,-0.2795702
OXsTIPdytiw$_$13,0.0,0.35703945
OXsTIPdytiw$_$12,0.3333333432674408,0.26360804
OXsTIPdytiw$_$0,0.6666666865348816,0.35098732
OXsTIPdytiw$_$2,-0.3333333432674408,-0.3215406
OXsTIPdytiw$_$4,0.0,0.38312316
OXsTIPdytiw$_$7,0.6666666865348816,0.55613846
Oa2xVjzAMFc$_$3,0.0,-0.004245907
Oa2xVjzAMFc$_$5,1.6666666269302368,1.2265421
Oa2xVjzAMFc$_$4,0.0,-0.10741581
Oa2xVjzAMFc$_$6,2.0,0.9685494
Oa2xVjzAMFc$_$9,-0.3333333432674408,0.08570176
Oa2xVjzAMFc$_$8,0.3333333432674408,0.26043278
OaWYjsS02fk$_$0,2.3333332538604736,0.4705341
OaWYjsS02fk$_$2,0.0,0.29968268
OaWYjsS02fk$_$5,1.0,0.6932305
OaWYjsS02fk$_$4,0.6666666865348816,0.4454465
OaWYjsS02fk$_$6,0.0,0.54111016
OctOcfI4KSs$_$13,0.6666666865348816,0.65700597
OctOcfI4KSs$_$1,-0.3333333432674408,-0.25947922
OctOcfI4KSs$_$3,0.3333333432674408,0.1536205
OctOcfI4KSs$_$2,-0.6666666865348816,-0.0019025728
OctOcfI4KSs$_$4,0.6666666865348816,0.38620418
OctOcfI4KSs$_$7,0.3333333432674408,0.14334081
OctOcfI4KSs$_$6,0.0,-0.19811189
OctOcfI4KSs$_$8,0.0,0.3632518
OyK86reBnJE$_$2,0.3333333432674408,1.092672
P0UHzR4CmYg$_$20,0.3333333432674408,0.25259382
P0UHzR4CmYg$_$22,1.3333333730697632,0.14124319
P0UHzR4CmYg$_$1,1.0,0.86410177
P0UHzR4CmYg$_$0,1.3333333730697632,1.4919883
P0UHzR4CmYg$_$3,0.6666666865348816,0.9583352
P0UHzR4CmYg$_$2,0.6666666865348816,1.0135242
P0UHzR4CmYg$_$5,0.6666666865348816,0.7172434
P0UHzR4CmYg$_$4,1.0,1.3643032
P0UHzR4CmYg$_$7,0.0,0.6669656
P0UHzR4CmYg$_$6,1.0,0.8285644
P0UHzR4CmYg$_$9,1.0,0.08514061
P0UHzR4CmYg$_$8,0.6666666865348816,0.39139926
P0UHzR4CmYg$_$11,-1.0,0.17285055
P0UHzR4CmYg$_$10,0.3333333432674408,0.609389
P0UHzR4CmYg$_$13,0.6666666865348816,0.71773136
P0UHzR4CmYg$_$12,1.0,0.7279817
P0UHzR4CmYg$_$15,-0.6666666865348816,-0.11784971
P0UHzR4CmYg$_$14,-0.3333333432674408,0.09652467
P0UHzR4CmYg$_$17,2.0,0.6074089
P0UHzR4CmYg$_$16,-1.3333333730697632,-0.67005575
P0UHzR4CmYg$_$19,-1.0,0.49970484
P0UHzR4CmYg$_$18,2.0,0.96841395
P17tYiqMGRU$_$0,1.6666666269302368,0.85473406
PHZIx22aFhU$_$0,1.0,0.7591572
Pbu6oAKFCvo$_$0,2.0,1.537371
Pbu6oAKFCvo$_$3,1.3333333730697632,0.58585346
Pbu6oAKFCvo$_$5,0.3333333432674408,0.33996207
PcqKFt1p3UQ$_$9,0.3333333432674408,-0.41969
PcqKFt1p3UQ$_$10,0.3333333432674408,0.047055483
PcqKFt1p3UQ$_$2,-0.6666666865348816,0.064291544
PexNiFbPTYM$_$11,0.0,0.601695
PexNiFbPTYM$_$10,1.0,1.0127528
PexNiFbPTYM$_$13,2.0,0.076156124
PexNiFbPTYM$_$12,0.3333333432674408,0.24226429
PexNiFbPTYM$_$15,0.3333333432674408,-0.07589328
PexNiFbPTYM$_$14,0.0,0.34317178
PexNiFbPTYM$_$17,-0.6666666865348816,0.011408955
PexNiFbPTYM$_$16,1.0,0.6855061
PexNiFbPTYM$_$19,0.0,-0.17854336
PexNiFbPTYM$_$18,0.0,0.5096096
PexNiFbPTYM$_$1,1.0,1.525292
PexNiFbPTYM$_$3,0.6666666865348816,0.40504152
PexNiFbPTYM$_$2,0.6666666865348816,0.49956858
PexNiFbPTYM$_$5,-0.3333333432674408,0.02380523
PexNiFbPTYM$_$4,-1.0,-0.39113736
PexNiFbPTYM$_$7,1.0,0.73169255
PexNiFbPTYM$_$6,-0.3333333432674408,-0.11651791
PexNiFbPTYM$_$9,0.6666666865348816,0.48759836
PexNiFbPTYM$_$20,1.0,0.27399105
PexNiFbPTYM$_$8,1.0,0.3275674
PexNiFbPTYM$_$21,1.3333333730697632,0.54353017
PzI6yY9Y2xQ$_$10,2.0,1.0841957
PzI6yY9Y2xQ$_$12,1.6666666269302368,1.6209917
PzI6yY9Y2xQ$_$1,2.0,1.0793787
PzI6yY9Y2xQ$_$0,1.6666666269302368,1.3508133
PzI6yY9Y2xQ$_$2,1.3333333730697632,0.6310774
PzI6yY9Y2xQ$_$4,-0.6666666865348816,0.41927123
QBc7X5jj8oA$_$3,-1.0,-0.57395005
QBc7X5jj8oA$_$2,0.3333333432674408,-0.07881369
QBc7X5jj8oA$_$4,1.3333333730697632,0.43037575
QCR7uyowjhM$_$10,0.3333333432674408,0.30683386
QCR7uyowjhM$_$1,0.0,-0.043394357
QCR7uyowjhM$_$0,-1.0,0.83913034
QCR7uyowjhM$_$2,-0.3333333432674408,-0.096156
QCR7uyowjhM$_$5,1.0,1.2743982
QCR7uyowjhM$_$4,-0.3333333432674408,-0.19379723
QCR7uyowjhM$_$7,0.3333333432674408,-0.18515733
QCR7uyowjhM$_$6,0.3333333432674408,1.170353
QCR7uyowjhM$_$9,0.6666666865348816,0.4429224
QCR7uyowjhM$_$8,0.0,-0.49901557
QIonRUsCqBs$_$1,1.3333333730697632,0.7701384
QIonRUsCqBs$_$0,0.3333333432674408,0.8357521
QIonRUsCqBs$_$3,2.0,1.0270957
QIonRUsCqBs$_$2,0.6666666865348816,0.5376812
QJBQIOmG1CA$_$1,-0.6666666865348816,0.11809082
QLI-OnegxFM$_$17,0.0,-0.23118706
QLI-OnegxFM$_$7,0.0,-0.14649408
QVyxySAaehE$_$11,0.0,0.46315068
QVyxySAaehE$_$10,1.3333333730697632,1.2384802
QVyxySAaehE$_$3,1.0,1.9347686
QVyxySAaehE$_$9,0.3333333432674408,1.4749385
QWll4lS1qqI$_$12,1.6666666269302368,1.6928557
QWll4lS1qqI$_$14,-1.0,-0.6838821
QWll4lS1qqI$_$16,2.0,1.4120384
QXXexH-ow_k$_$5,-1.3333333730697632,-0.0656711
Qfa1fY_07bQ$_$1,0.3333333432674408,0.55411804
Qfa1fY_07bQ$_$0,0.6666666865348816,1.0059015
Qfa1fY_07bQ$_$2,0.6666666865348816,0.7938133
Qfa1fY_07bQ$_$5,1.3333333730697632,0.61485785
Qfa1fY_07bQ$_$4,0.0,0.30420583
Qfa1fY_07bQ$_$7,0.6666666865348816,1.4356681
Qfa1fY_07bQ$_$6,0.6666666865348816,0.72185874
QnYlpSeVOYo$_$1,0.0,0.5002864
R9xTBw3MCWI$_$11,0.3333333432674408,0.52195406
R9xTBw3MCWI$_$10,0.6666666865348816,0.34999794
R9xTBw3MCWI$_$13,0.6666666865348816,0.7424586
R9xTBw3MCWI$_$12,1.0,0.747662
R9xTBw3MCWI$_$15,0.3333333432674408,1.4755434
R9xTBw3MCWI$_$14,0.3333333432674408,0.46733433
R9xTBw3MCWI$_$17,1.6666666269302368,0.975677
R9xTBw3MCWI$_$16,0.6666666865348816,0.7596525
R9xTBw3MCWI$_$19,0.3333333432674408,0.78041893
R9xTBw3MCWI$_$18,0.0,0.6894578
R9xTBw3MCWI$_$1,0.3333333432674408,0.9044723
R9xTBw3MCWI$_$0,1.0,0.7014049
R9xTBw3MCWI$_$3,1.0,0.86077625
R9xTBw3MCWI$_$2,0.6666666865348816,0.41481245
R9xTBw3MCWI$_$5,0.3333333432674408,1.2540281
R9xTBw3MCWI$_$4,0.3333333432674408,0.7563802
R9xTBw3MCWI$_$7,1.0,0.7489265
R9xTBw3MCWI$_$6,0.0,0.76793826
R9xTBw3MCWI$_$9,-0.6666666865348816,-0.34604812
R9xTBw3MCWI$_$8,1.0,1.0546986
RB3HA-ZMtFw$_$1,0.3333333432674408,0.17625745
RChkXDS8ulE$_$1,-1.0,0.061607912
RChkXDS8ulE$_$3,1.0,0.7470962
RChkXDS8ulE$_$5,1.0,1.0630529
RChkXDS8ulE$_$4,0.3333333432674408,-0.1864748
ROC2YI3tDsk$_$11,0.6666666865348816,0.42613477
ROC2YI3tDsk$_$10,0.6666666865348816,0.9398503
ROC2YI3tDsk$_$13,0.3333333432674408,0.92455864
ROC2YI3tDsk$_$12,0.3333333432674408,1.029579
ROC2YI3tDsk$_$14,1.6666666269302368,1.3122941
ROC2YI3tDsk$_$0,0.3333333432674408,0.7854422
ROC2YI3tDsk$_$3,1.0,0.77819717
ROC2YI3tDsk$_$2,1.6666666269302368,0.7695866
ROC2YI3tDsk$_$5,0.6666666865348816,0.23920642
ROC2YI3tDsk$_$4,1.0,0.54918754
ROC2YI3tDsk$_$6,0.0,0.97989666
ROC2YI3tDsk$_$9,0.6666666865348816,1.2097381
ROC2YI3tDsk$_$8,2.3333332538604736,1.8045119
RVC8l5hf2Eg$_$11,0.6666666865348816,0.2597946
RVC8l5hf2Eg$_$10,0.3333333432674408,0.6003249
RVC8l5hf2Eg$_$13,-0.6666666865348816,-0.14776656
RVC8l5hf2Eg$_$12,0.6666666865348816,0.2984845
RVC8l5hf2Eg$_$14,0.0,0.6307967
RVC8l5hf2Eg$_$17,1.6666666269302368,0.8670509
RVC8l5hf2Eg$_$1,0.6666666865348816,1.145048
RVC8l5hf2Eg$_$0,0.3333333432674408,0.2956686
RVC8l5hf2Eg$_$3,0.0,0.4041465
RVC8l5hf2Eg$_$2,0.0,0.050666936
RVC8l5hf2Eg$_$5,0.0,0.29377502
RVC8l5hf2Eg$_$4,0.3333333432674408,0.6165958
RVC8l5hf2Eg$_$7,0.6666666865348816,0.05297178
RVC8l5hf2Eg$_$6,-0.3333333432674408,-0.054937467
RVC8l5hf2Eg$_$8,-0.3333333432674408,0.06296382
Rb1uzHNcYcA$_$1,0.3333333432674408,1.0129164
Rb1uzHNcYcA$_$3,0.0,-0.9131491
Rb1uzHNcYcA$_$2,-1.0,0.3121236
Rb1uzHNcYcA$_$5,1.0,1.1316577
Rb1uzHNcYcA$_$4,1.6666666269302368,1.088977
Rb1uzHNcYcA$_$6,1.6666666269302368,-0.009236617
Rb1uzHNcYcA$_$8,1.6666666269302368,0.47940487
RmX9t_HY_dU$_$1,0.0,0.83847076
RmX9t_HY_dU$_$0,1.3333333730697632,0.7113464
RsE2gYghZ2s$_$1,0.3333333432674408,0.07011543
RsE2gYghZ2s$_$2,0.3333333432674408,0.5123962
RvmTZVNAAuQ$_$2,0.0,0.61647356
RvmTZVNAAuQ$_$10,1.3333333730697632,0.7933532
RvmTZVNAAuQ$_$12,2.0,1.7904814
RvmTZVNAAuQ$_$4,-0.3333333432674408,0.0648441
RvmTZVNAAuQ$_$7,1.0,0.82580364
SBFnCNzlynQ$_$1,-0.3333333432674408,-0.15352124
SBFnCNzlynQ$_$0,-0.3333333432674408,0.018122274
SD6wphlw72U$_$0,0.3333333432674408,0.37462538
SD6wphlw72U$_$3,2.0,1.5207695
SD6wphlw72U$_$2,0.3333333432674408,0.88847005
SH0OYx3fR7s$_$9,0.3333333432674408,0.8166563
SH0OYx3fR7s$_$0,0.3333333432674408,0.312818
SH0OYx3fR7s$_$26,2.0,0.07397506
SH0OYx3fR7s$_$5,1.0,0.09690367
SH0OYx3fR7s$_$7,1.0,0.4340033
SKTyBOhDX6U$_$11,1.6666666269302368,1.1597235
SKTyBOhDX6U$_$10,1.3333333730697632,0.16306025
SKTyBOhDX6U$_$12,0.6666666865348816,0.028151885
SKTyBOhDX6U$_$1,-0.3333333432674408,0.17787312
SKTyBOhDX6U$_$5,1.3333333730697632,0.977878
SKTyBOhDX6U$_$4,0.6666666865348816,0.75760955
SKTyBOhDX6U$_$7,-0.6666666865348816,0.05977256
SKTyBOhDX6U$_$6,2.0,0.99252284
SKTyBOhDX6U$_$9,1.0,0.7480346
SKTyBOhDX6U$_$8,-0.3333333432674408,-0.056908138
SYQ_zv8dWng$_$1,0.6666666865348816,0.24756236
SYQ_zv8dWng$_$0,0.3333333432674408,0.14125432
SYQ_zv8dWng$_$3,-0.6666666865348816,-0.29587108
SYQ_zv8dWng$_$2,0.6666666865348816,0.19349252
SYQ_zv8dWng$_$5,0.6666666865348816,0.31728613
SYQ_zv8dWng$_$4,0.3333333432674408,-0.37147206
SYQ_zv8dWng$_$7,0.0,0.17837183
SYQ_zv8dWng$_$6,0.6666666865348816,0.30901605
SYQ_zv8dWng$_$9,0.0,0.55496895
SYQ_zv8dWng$_$8,0.0,0.032952726
SZ7HK5ns6mE$_$11,1.6666666269302368,0.7756231
SZ7HK5ns6mE$_$1,1.6666666269302368,1.0127305
SZ7HK5ns6mE$_$0,2.0,1.0764927
SZ7HK5ns6mE$_$3,2.0,0.49775952
SZ7HK5ns6mE$_$5,0.6666666865348816,0.59686935
SZ7HK5ns6mE$_$4,1.6666666269302368,0.54294205
SZ7HK5ns6mE$_$7,-1.0,0.14655481
SZ7HK5ns6mE$_$8,1.3333333730697632,-0.713886
Sb6ftNgzz9M$_$3,0.3333333432674408,0.66103035
Sb6ftNgzz9M$_$2,0.6666666865348816,0.8310201
Sb6ftNgzz9M$_$7,0.3333333432674408,0.5965729
Sb6ftNgzz9M$_$6,0.0,0.26237953
Sq6DIhFxPqQ$_$1,0.3333333432674408,0.7650317
Sq6DIhFxPqQ$_$0,0.6666666865348816,1.1631238
Sq6DIhFxPqQ$_$2,0.0,0.6764295
Sq6DIhFxPqQ$_$4,0.0,-0.10571773
SqAiJrvHXNA$_$11,1.0,1.5003337
SqAiJrvHXNA$_$10,0.3333333432674408,0.055345014
SqAiJrvHXNA$_$1,1.0,0.6356671
SqAiJrvHXNA$_$0,1.3333333730697632,1.1975793
SqAiJrvHXNA$_$3,1.0,0.011877969
SqAiJrvHXNA$_$2,1.0,0.9618759
SqAiJrvHXNA$_$5,1.0,-0.35118175
SqAiJrvHXNA$_$4,1.0,0.31425512
SqAiJrvHXNA$_$7,1.3333333730697632,0.60095114
SqAiJrvHXNA$_$6,1.6666666269302368,1.1195238
SqAiJrvHXNA$_$9,1.0,1.432155
SqAiJrvHXNA$_$8,0.3333333432674408,0.40376306
SqofxdeEcjg$_$1,1.3333333730697632,-0.14102213
SqofxdeEcjg$_$9,1.6666666269302368,0.6583005
SqofxdeEcjg$_$2,1.0,1.045547
SqofxdeEcjg$_$5,1.3333333730697632,0.4986161
SqofxdeEcjg$_$4,0.3333333432674408,0.55578214
SwT0gh0V8fI$_$11,0.6666666865348816,0.14357708
SwT0gh0V8fI$_$10,0.0,-0.9187737
SwT0gh0V8fI$_$13,1.3333333730697632,1.0704478
SwT0gh0V8fI$_$20,0.3333333432674408,0.15896036
SwT0gh0V8fI$_$21,0.3333333432674408,0.3245532
SwT0gh0V8fI$_$17,-0.3333333432674408,-0.6347875
SwT0gh0V8fI$_$16,0.0,-0.54166675
SwT0gh0V8fI$_$19,0.6666666865348816,1.2696611
SwT0gh0V8fI$_$18,1.6666666269302368,-0.19561915
SwT0gh0V8fI$_$23,-0.3333333432674408,-0.89103454
SwT0gh0V8fI$_$1,-0.3333333432674408,0.3658712
SwT0gh0V8fI$_$2,0.0,0.7850311
SwT0gh0V8fI$_$5,0.0,-0.40648258
SwT0gh0V8fI$_$15,2.3333332538604736,1.3061335
TLPlduck5II$_$1,-1.6666666269302368,-0.456863
TLPlduck5II$_$0,-1.3333333730697632,0.12766857
TLPlduck5II$_$3,0.0,0.57781744
TLPlduck5II$_$5,0.0,0.6038083
TLPlduck5II$_$4,0.6666666865348816,0.8377515
TLPlduck5II$_$6,1.6666666269302368,1.9050261
TXiOSZdaLJ8$_$3,0.0,0.082302995
TXiOSZdaLJ8$_$2,0.6666666865348816,0.85016406
TXiOSZdaLJ8$_$4,0.3333333432674408,0.6610704
TcTGCIh6e5s$_$1,0.0,0.24237736
TcTGCIh6e5s$_$0,0.6666666865348816,0.37982154
TcTGCIh6e5s$_$3,0.0,-0.014164008
TcTGCIh6e5s$_$5,0.3333333432674408,0.4728111
TcTGCIh6e5s$_$4,0.0,0.08928691
TcTGCIh6e5s$_$7,0.0,0.43391365
TcTGCIh6e5s$_$6,0.0,0.11649144
TqQgIxR7thU$_$0,0.0,0.30399984
TsfyeZ8hgwE$_$1,0.3333333432674408,0.9288194
TsfyeZ8hgwE$_$3,2.6666667461395264,1.4056171
TsfyeZ8hgwE$_$2,1.6666666269302368,1.4073822
TtAyUQtmTLk$_$3,0.0,0.33640653
TtAyUQtmTLk$_$2,-0.6666666865348816,0.16055222
TtAyUQtmTLk$_$4,-0.3333333432674408,0.2626081
TtAyUQtmTLk$_$7,2.0,1.2898227
TtAyUQtmTLk$_$6,0.3333333432674408,0.38532937
TxRtSItpGMo$_$0,0.6666666865348816,1.1653199
TxRtSItpGMo$_$2,2.3333332538604736,1.3602102
TxRtSItpGMo$_$4,2.0,1.3844727
TxRtSItpGMo$_$7,1.3333333730697632,1.8071758
TxRtSItpGMo$_$6,2.0,1.4789385
U-KihZeIfKI$_$24,1.3333333730697632,0.7909883
U-KihZeIfKI$_$25,1.0,1.6182424
U-KihZeIfKI$_$20,1.3333333730697632,0.9181474
U-KihZeIfKI$_$21,0.3333333432674408,1.1797107
U-KihZeIfKI$_$22,1.0,0.6067167
U-KihZeIfKI$_$23,0.3333333432674408,0.10842459
U-KihZeIfKI$_$1,0.6666666865348816,0.10601343
U-KihZeIfKI$_$0,0.6666666865348816,1.2534444
U-KihZeIfKI$_$2,-1.0,-0.3754924
U-KihZeIfKI$_$5,-0.6666666865348816,-0.4927109
U-KihZeIfKI$_$7,-0.3333333432674408,1.4737941
U-KihZeIfKI$_$6,-1.0,-0.65001416
U-KihZeIfKI$_$9,0.3333333432674408,0.80998814
U-KihZeIfKI$_$8,1.3333333730697632,0.78065276
U-KihZeIfKI$_$11,0.6666666865348816,0.26924622
U-KihZeIfKI$_$10,1.0,1.4989923
U-KihZeIfKI$_$13,0.0,-0.004735373
U-KihZeIfKI$_$12,0.0,-0.45502895
U-KihZeIfKI$_$15,0.6666666865348816,0.26142007
U-KihZeIfKI$_$14,0.0,-0.71494937
U-KihZeIfKI$_$17,0.3333333432674408,0.20183074
U-KihZeIfKI$_$16,1.0,1.0774528
U-KihZeIfKI$_$19,1.3333333730697632,1.6360942
U-KihZeIfKI$_$18,1.6666666269302368,1.5502546
U6IqFbpM-VM$_$0,1.6666666269302368,1.493697
U6IqFbpM-VM$_$2,0.0,0.44957972
U8VYG_g6yVE$_$10,2.0,0.72309357
U8VYG_g6yVE$_$3,1.3333333730697632,0.85821426
U8VYG_g6yVE$_$5,2.6666667461395264,1.1620314
U8VYG_g6yVE$_$9,2.6666667461395264,1.4574314
UNLD7eYPzfQ$_$10,-1.0,0.62530994
UNLD7eYPzfQ$_$7,-0.3333333432674408,-0.5624877
USkMa4Evv7U$_$2,1.0,0.038918592
USkMa4Evv7U$_$7,1.3333333730697632,0.5924346
USkMa4Evv7U$_$6,0.3333333432674408,0.5689263
UTErYLpdAY0$_$1,1.3333333730697632,0.88453805
UcV-bpksJi0$_$3,0.0,0.6162409
UcV-bpksJi0$_$5,0.0,-0.24936704
UcV-bpksJi0$_$4,0.0,0.47016162
UiurP5k-f1A$_$1,1.0,1.0417114
UiurP5k-f1A$_$2,1.0,1.0486617
UiurP5k-f1A$_$4,1.0,1.146129
UjqA6KVW2m8$_$11,0.6666666865348816,0.58242595
UjqA6KVW2m8$_$10,1.6666666269302368,0.64641154
UjqA6KVW2m8$_$0,-0.3333333432674408,-0.27659583
UjqA6KVW2m8$_$3,-0.6666666865348816,0.11626187
UjqA6KVW2m8$_$2,-1.3333333730697632,-0.41369206
UjqA6KVW2m8$_$5,0.6666666865348816,0.7199307
UjqA6KVW2m8$_$4,1.0,1.0420457
UjqA6KVW2m8$_$7,-1.0,0.09895721
UjqA6KVW2m8$_$9,1.6666666269302368,1.4533049
UjqA6KVW2m8$_$8,2.0,0.9117434
Uu_XyXyKHAk$_$10,-1.0,-0.8860915
UweZVaFqruU$_$1,0.3333333432674408,0.24875088
UweZVaFqruU$_$3,0.0,0.06628266
UweZVaFqruU$_$2,0.0,0.35943288
UweZVaFqruU$_$5,0.0,0.2956125
UweZVaFqruU$_$4,0.0,0.22006814
UweZVaFqruU$_$7,0.0,0.41689485
UweZVaFqruU$_$6,0.3333333432674408,0.13384713
UweZVaFqruU$_$9,2.0,1.0779135
UweZVaFqruU$_$8,0.6666666865348816,0.6069739
V0SvSPkiJUY$_$10,-0.3333333432674408,-0.14343412
V0SvSPkiJUY$_$12,1.6666666269302368,0.22954877
V0SvSPkiJUY$_$1,0.6666666865348816,0.073082834
V0SvSPkiJUY$_$0,2.3333332538604736,0.4898107
V0SvSPkiJUY$_$3,0.0,-0.0009006262
V0SvSPkiJUY$_$2,0.6666666865348816,-0.3896271
V0SvSPkiJUY$_$5,0.6666666865348816,0.10682766
V0SvSPkiJUY$_$4,-0.3333333432674408,-0.9885396
V0SvSPkiJUY$_$9,1.6666666269302368,-0.24325822
V27mmEkN80g$_$0,0.0,0.3382991
V2X1NU5RkwY$_$1,0.0,0.533821
V2X1NU5RkwY$_$0,-0.6666666865348816,0.16257568
V2X1NU5RkwY$_$3,0.3333333432674408,0.13839862
V2X1NU5RkwY$_$2,0.0,0.15844186
V2X1NU5RkwY$_$5,0.0,0.9245282
V2X1NU5RkwY$_$7,0.0,0.58813
V2X1NU5RkwY$_$6,-0.3333333432674408,0.52060294
V7OFSHYcQD0$_$8,-0.3333333432674408,-0.13314556
VDkBM0ZG4q8$_$10,0.0,0.41313672
VDkBM0ZG4q8$_$1,0.3333333432674408,0.32318735
VDkBM0ZG4q8$_$0,0.3333333432674408,0.121300995
VDkBM0ZG4q8$_$3,0.6666666865348816,1.0259068
VDkBM0ZG4q8$_$2,0.0,-0.0048670843
VDkBM0ZG4q8$_$5,0.0,0.6523377
VDkBM0ZG4q8$_$4,0.0,-0.13067566
VDkBM0ZG4q8$_$7,0.3333333432674408,0.99395025
VDkBM0ZG4q8$_$6,0.3333333432674408,0.32803845
VIVkYG31Oas$_$0,1.0,0.30559975
VLQgw-88v4Q$_$11,2.0,1.0524474
VLQgw-88v4Q$_$10,2.3333332538604736,1.1269785
VLQgw-88v4Q$_$0,0.0,0.7748414
VLQgw-88v4Q$_$3,1.6666666269302368,0.9226799
VLQgw-88v4Q$_$2,1.0,1.1344965
VLQgw-88v4Q$_$7,2.3333332538604736,1.2055196
VLQgw-88v4Q$_$6,1.6666666269302368,1.0278517
VLQgw-88v4Q$_$9,1.3333333730697632,0.6083681
VLQgw-88v4Q$_$8,1.3333333730697632,1.0713094
VS7xSvno7NA$_$11,1.0,0.7534033
VS7xSvno7NA$_$13,0.3333333432674408,0.56683916
VS7xSvno7NA$_$12,0.3333333432674408,0.522087
VS7xSvno7NA$_$1,-1.3333333730697632,-0.044200286
VS7xSvno7NA$_$5,-0.6666666865348816,-0.2676372
VS7xSvno7NA$_$7,-0.6666666865348816,-0.16896445
VS7xSvno7NA$_$6,0.0,0.5370765
VS7xSvno7NA$_$9,1.0,0.3776858
VVtx4IDsHZA$_$2,-0.6666666865348816,-0.25054413
VXy21GwGs8o$_$0,0.0,0.62314266
VXy21GwGs8o$_$2,1.6666666269302368,1.3068801
Vdf1McvE9ao$_$11,0.0,-0.015923738
Vdf1McvE9ao$_$10,0.3333333432674408,-0.19981475
Vdf1McvE9ao$_$15,-0.6666666865348816,-0.34407556
Vdf1McvE9ao$_$14,-0.6666666865348816,-0.17527501
Vdf1McvE9ao$_$17,0.0,-0.12821963
Vdf1McvE9ao$_$16,-0.6666666865348816,-0.6154131
Vdf1McvE9ao$_$19,-0.6666666865348816,-0.5756639
Vdf1McvE9ao$_$18,-0.6666666865348816,-0.19425139
Vdf1McvE9ao$_$0,0.6666666865348816,0.8675225
Vdf1McvE9ao$_$2,0.3333333432674408,0.67855674
Vdf1McvE9ao$_$5,1.0,0.73565245
Vdf1McvE9ao$_$7,1.0,0.37274653
Vdf1McvE9ao$_$9,0.0,-0.48847306
Vlas-mPydcg$_$11,1.6666666269302368,1.4187005
Vlas-mPydcg$_$17,0.6666666865348816,0.16633093
Vlas-mPydcg$_$19,0.0,-0.105210185
Vlas-mPydcg$_$3,1.0,1.1491969
Vlas-mPydcg$_$5,0.3333333432674408,-0.02205661
Vlas-mPydcg$_$4,2.6666667461395264,1.8473259
VsXGwSZazwA$_$10,0.6666666865348816,0.12641482
VsXGwSZazwA$_$1,0.0,0.07972646
VsXGwSZazwA$_$0,1.3333333730697632,0.35105324
VsXGwSZazwA$_$2,1.0,0.3633901
VsXGwSZazwA$_$4,0.0,0.02048938
VsXGwSZazwA$_$7,0.0,0.4481691
VsXGwSZazwA$_$6,1.6666666269302368,0.3533463
VsXGwSZazwA$_$8,1.6666666269302368,0.32767552
VwGPIUNayKM$_$1,0.0,0.3997326
VwGPIUNayKM$_$0,0.0,0.24901707
VwGPIUNayKM$_$3,0.0,0.7613293
VwGPIUNayKM$_$2,0.0,0.7182243
VwGPIUNayKM$_$5,-1.0,0.16575013
VwGPIUNayKM$_$4,-0.3333333432674408,0.16085593
VwGPIUNayKM$_$7,0.6666666865348816,0.6542202
VwGPIUNayKM$_$6,0.6666666865348816,0.5091469
VwGPIUNayKM$_$8,1.0,0.78442085
W1CWpktWtTs$_$10,2.6666667461395264,1.7646868
W1CWpktWtTs$_$1,1.3333333730697632,1.0948787
W1CWpktWtTs$_$0,1.0,0.020080924
W1CWpktWtTs$_$3,0.3333333432674408,0.48767114
W1CWpktWtTs$_$2,0.0,-0.17613871
W1CWpktWtTs$_$5,1.0,1.0093882
W1CWpktWtTs$_$4,1.3333333730697632,1.258434
W1CWpktWtTs$_$7,0.0,0.9406056
W1CWpktWtTs$_$9,0.6666666865348816,0.6074272
W1CWpktWtTs$_$8,0.0,0.092428446
WBA79Q3e_PU$_$0,1.0,-0.391335
WJM8u2I2rQ4$_$13,0.0,0.6358081
WJM8u2I2rQ4$_$5,0.0,0.28605145
WJM8u2I2rQ4$_$3,0.6666666865348816,0.29662007
WQFRctNL8AA$_$0,0.0,-0.3759529
WQFRctNL8AA$_$2,-0.6666666865348816,0.1939183
WbtsuXkaGeg$_$1,0.6666666865348816,0.54215604
WbtsuXkaGeg$_$12,0.0,0.17046788
WfNiQBXmPw8$_$1,0.0,0.33881325
WfNiQBXmPw8$_$0,0.0,0.0047511533
WfNiQBXmPw8$_$3,-0.3333333432674408,-0.290403
WfNiQBXmPw8$_$2,-1.3333333730697632,0.35110694
WfNiQBXmPw8$_$5,0.3333333432674408,-0.09845484
WfNiQBXmPw8$_$4,0.3333333432674408,-0.23570195
WfNiQBXmPw8$_$7,0.0,-0.2405712
WfNiQBXmPw8$_$6,-1.6666666269302368,0.3241731
WfNiQBXmPw8$_$9,0.0,0.09871963
WfNiQBXmPw8$_$8,0.3333333432674408,0.13272378
WgI8IbJtXHw$_$0,0.0,1.3868665
WgI8IbJtXHw$_$3,2.0,0.73335093
Wmhif6hmPTQ$_$3,0.0,0.040504217
Wmhif6hmPTQ$_$13,0.0,0.43434352
Wmhif6hmPTQ$_$16,0.0,0.60229635
WoL4fCxGd8Q$_$11,-2.3333332538604736,0.23255251
WoL4fCxGd8Q$_$10,-0.3333333432674408,-0.51069427
WoL4fCxGd8Q$_$13,0.3333333432674408,1.0413355
WoL4fCxGd8Q$_$12,0.0,-0.16328888
WoL4fCxGd8Q$_$15,-1.6666666269302368,-0.5127992
WoL4fCxGd8Q$_$14,-0.3333333432674408,0.1698721
WoL4fCxGd8Q$_$17,-0.3333333432674408,1.0027786
WoL4fCxGd8Q$_$1,0.0,0.62459004
WoL4fCxGd8Q$_$0,0.0,0.6280427
WoL4fCxGd8Q$_$2,0.0,0.74384636
WoL4fCxGd8Q$_$5,0.0,0.06652902
WoL4fCxGd8Q$_$7,-2.3333332538604736,-1.388389
WoL4fCxGd8Q$_$8,1.0,1.3541019
Wu-wQTmxRgo$_$2,0.6666666865348816,0.19067092
Wu-wQTmxRgo$_$4,2.0,0.4117812
WuaoxGAKue0$_$7,-0.3333333432674408,-0.59780693
X2Hs89fZ2-c$_$13,0.0,0.35792643
X2Hs89fZ2-c$_$27,0.0,0.11398429
X2Hs89fZ2-c$_$20,0.3333333432674408,0.33036393
X2Hs89fZ2-c$_$21,1.0,0.91198164
X2Hs89fZ2-c$_$22,1.0,0.60522974
X2Hs89fZ2-c$_$16,0.0,0.47766876
X2Hs89fZ2-c$_$19,1.3333333730697632,0.6817175
X2Hs89fZ2-c$_$32,0.0,0.5526579
X2Hs89fZ2-c$_$31,0.3333333432674408,0.4557401
X2Hs89fZ2-c$_$30,0.0,0.8174908
X2Hs89fZ2-c$_$28,0.0,0.5946129
X2Hs89fZ2-c$_$1,0.3333333432674408,0.4746164
X2Hs89fZ2-c$_$0,0.3333333432674408,0.5281325
X2Hs89fZ2-c$_$3,0.0,0.36681575
X2Hs89fZ2-c$_$2,0.0,0.36854362
X2Hs89fZ2-c$_$5,0.0,0.5479859
X2Hs89fZ2-c$_$4,1.0,0.50623024
X2Hs89fZ2-c$_$7,0.6666666865348816,0.28809685
X2Hs89fZ2-c$_$6,0.0,0.27731466
X2Hs89fZ2-c$_$9,0.3333333432674408,0.69601375
X2Hs89fZ2-c$_$14,0.3333333432674408,0.73981285
X6N7UEFJLNY$_$0,0.3333333432674408,0.53801334
X6N7UEFJLNY$_$3,0.3333333432674408,0.8634784
X6N7UEFJLNY$_$2,0.0,0.36416328
X6N7UEFJLNY$_$5,1.0,1.9209291
X6N7UEFJLNY$_$4,0.6666666865348816,0.9507308
XDVit9ASVUg$_$3,0.0,0.1133956
XDVit9ASVUg$_$2,0.3333333432674408,0.33640003
XKyumlBmix8$_$0,0.0,0.11692271
XKyumlBmix8$_$2,-0.6666666865348816,0.102211446
XKyumlBmix8$_$5,0.0,0.11777371
XKyumlBmix8$_$4,0.0,0.27694505
XKyumlBmix8$_$9,0.6666666865348816,0.09560548
XKyumlBmix8$_$8,0.6666666865348816,-0.15669763
XLjpZUsFEXo$_$11,0.6666666865348816,0.3558467
XLjpZUsFEXo$_$10,1.3333333730697632,0.14318767
XLjpZUsFEXo$_$12,1.0,0.33303666
XLjpZUsFEXo$_$5,0.3333333432674408,1.041741
XLjpZUsFEXo$_$7,0.3333333432674408,0.7296879
XVWiAArXYpE$_$11,0.0,-0.2637834
XVWiAArXYpE$_$13,0.3333333432674408,0.031745583
XVWiAArXYpE$_$12,0.0,0.1256939
XVWiAArXYpE$_$0,-0.3333333432674408,-0.03944412
XVWiAArXYpE$_$3,-0.6666666865348816,-0.04706113
XVWiAArXYpE$_$2,0.0,-0.46456122
XVWiAArXYpE$_$5,-1.3333333730697632,-0.10042762
XVWiAArXYpE$_$4,-2.0,-0.3236829
XVWiAArXYpE$_$6,-0.3333333432674408,-0.33571118
XVWiAArXYpE$_$9,-0.3333333432674408,-0.020384006
XWIp0zH3qDM$_$1,1.0,0.18463449
X_TusmBIlC0$_$9,0.0,0.33090413
X_TusmBIlC0$_$5,0.0,0.18008614
Xa086gxLJ3Y$_$12,0.3333333432674408,0.22295175
Xa086gxLJ3Y$_$2,0.3333333432674408,0.43716902
Xa086gxLJ3Y$_$4,0.3333333432674408,-0.13402517
XadAy93f1P8$_$0,0.0,0.6540954
XbkYA-iXUwA$_$1,0.3333333432674408,0.34847492
XbkYA-iXUwA$_$0,0.0,0.26986796
XbkYA-iXUwA$_$2,0.0,0.5377031
XbkYA-iXUwA$_$5,0.3333333432674408,0.13231017
XbkYA-iXUwA$_$4,-0.6666666865348816,-0.7197267
XlTYSOaZ_vM$_$1,0.6666666865348816,0.8882109
XlTYSOaZ_vM$_$0,1.0,0.6259956
XrNaL-MTjXg$_$3,0.0,-0.13099915
XrNaL-MTjXg$_$2,0.6666666865348816,0.35467172
XrNaL-MTjXg$_$4,1.0,1.0261186
XrNaL-MTjXg$_$7,1.3333333730697632,-0.06887619
XrNaL-MTjXg$_$6,2.6666667461395264,1.8256321
Xy57UpKRNEo$_$0,0.0,0.35521317
Xy57UpKRNEo$_$2,0.0,0.46595013
Xy57UpKRNEo$_$5,0.6666666865348816,0.9973792
Xy57UpKRNEo$_$4,0.3333333432674408,0.06677482
Xy57UpKRNEo$_$7,-1.0,-0.29341328
Xy57UpKRNEo$_$6,0.0,0.0827984
Y2F51I-dzAg$_$1,0.6666666865348816,0.202258
Y2F51I-dzAg$_$0,-0.3333333432674408,-0.2374137
Y2F51I-dzAg$_$3,0.3333333432674408,0.032342643
Y2F51I-dzAg$_$5,0.0,0.47834337
Y2F51I-dzAg$_$4,1.0,0.33582747
Y2F51I-dzAg$_$6,-0.3333333432674408,0.30509907
Y8dI1GTWCk4$_$10,-1.0,0.18874824
Y8dI1GTWCk4$_$1,0.3333333432674408,-0.6549929
Y8dI1GTWCk4$_$2,0.6666666865348816,-0.10657562
Y8dI1GTWCk4$_$5,0.0,0.42891586
Y8dI1GTWCk4$_$4,0.0,0.4541831
Y8dI1GTWCk4$_$7,0.0,0.23706721
Y8dI1GTWCk4$_$6,1.3333333730697632,0.9945239
Y8dI1GTWCk4$_$8,0.0,0.31799304
YCEllKyaCrc$_$11,-2.0,-0.95898694
YCEllKyaCrc$_$10,0.3333333432674408,0.18607523
YCEllKyaCrc$_$6,0.3333333432674408,0.25276077
YCI-ZzclIPQ$_$2,0.0,0.26391864
YLK58srjhNI$_$1,-1.0,-0.44708294
YLK58srjhNI$_$8,-0.3333333432674408,-0.4101315
YLK58srjhNI$_$3,0.6666666865348816,1.8714813
YLK58srjhNI$_$2,0.3333333432674408,0.46962798
YLK58srjhNI$_$4,1.3333333730697632,1.4965781
YQZPnHZRp1w$_$1,0.3333333432674408,0.38778216
YUNxD04EvfE$_$11,-0.3333333432674408,0.01720111
YUNxD04EvfE$_$10,0.6666666865348816,0.8462365
YUNxD04EvfE$_$15,0.6666666865348816,0.74200404
YUNxD04EvfE$_$14,0.0,0.32388318
YUNxD04EvfE$_$1,-0.3333333432674408,0.40097004
YUNxD04EvfE$_$0,0.6666666865348816,0.5811089
YUNxD04EvfE$_$2,0.3333333432674408,0.70456886
YUNxD04EvfE$_$4,0.6666666865348816,0.27752018
YUNxD04EvfE$_$6,-0.6666666865348816,-0.29438734
YUNxD04EvfE$_$9,0.3333333432674408,0.64190936
YgyeyooSz0g$_$4,-0.3333333432674408,0.58694583
YsMM_1R1vtw$_$10,-0.3333333432674408,-0.4852497
YsMM_1R1vtw$_$2,1.0,0.6578694
YsMM_1R1vtw$_$0,1.3333333730697632,0.64468235
YsMM_1R1vtw$_$4,1.3333333730697632,0.8685025
YsMM_1R1vtw$_$6,0.6666666865348816,0.6209349
Z4iYSMMMycQ$_$0,0.0,0.045463786
Z4iYSMMMycQ$_$4,0.6666666865348816,0.5398764
ZHUFlEgKk-w$_$1,0.3333333432674408,0.59217715
ZHUFlEgKk-w$_$0,-0.3333333432674408,-0.14457646
ZHUFlEgKk-w$_$3,0.6666666865348816,1.6410663
ZHUFlEgKk-w$_$4,1.0,0.9334984
ZKErPftd--w$_$11,1.3333333730697632,1.108183
ZKErPftd--w$_$10,0.3333333432674408,0.7765204
ZKErPftd--w$_$1,-1.3333333730697632,-0.38701856
ZKErPftd--w$_$0,-0.3333333432674408,-0.24206649
ZKErPftd--w$_$3,-1.0,-0.6887243
ZKErPftd--w$_$5,-0.3333333432674408,-0.10935736
ZKErPftd--w$_$4,-1.3333333730697632,0.15692267
ZKErPftd--w$_$7,0.6666666865348816,-0.08405371
ZKErPftd--w$_$6,0.6666666865348816,1.0857921
ZKErPftd--w$_$9,0.0,-0.11197486
ZKKNd0zR8Io$_$5,0.0,-0.49719405
ZKZ8UjaQQT4$_$8,0.6666666865348816,0.7834939
ZKZ8UjaQQT4$_$7,0.0,0.43943316
ZS1Nb0OWYNE$_$11,0.6666666865348816,1.3029368
ZS1Nb0OWYNE$_$10,0.6666666865348816,1.3336136
ZS1Nb0OWYNE$_$13,0.6666666865348816,1.0467274
ZS1Nb0OWYNE$_$12,2.0,1.3272719
ZS1Nb0OWYNE$_$15,0.0,1.6274723
ZS1Nb0OWYNE$_$14,1.3333333730697632,1.080764
ZS1Nb0OWYNE$_$16,2.0,1.9810284
ZS1Nb0OWYNE$_$1,0.3333333432674408,0.892939
ZS1Nb0OWYNE$_$0,0.0,0.86818814
ZS1Nb0OWYNE$_$3,1.0,0.6791927
ZS1Nb0OWYNE$_$2,1.0,1.0119873
ZS1Nb0OWYNE$_$5,0.6666666865348816,0.5159539
ZS1Nb0OWYNE$_$4,1.3333333730697632,0.7014544
ZS1Nb0OWYNE$_$7,1.0,1.3899751
ZS1Nb0OWYNE$_$9,2.6666667461395264,1.3438218
ZS1Nb0OWYNE$_$8,0.0,0.6967982
Zb7bdrjWyEY$_$3,-2.3333332538604736,-0.30450666
ZcFzcd4ZoMg$_$10,1.0,0.4458158
ZcFzcd4ZoMg$_$0,0.0,0.9078321
ZcFzcd4ZoMg$_$3,0.0,0.5583292
ZcFzcd4ZoMg$_$5,1.3333333730697632,0.5672446
ZcFzcd4ZoMg$_$4,-0.3333333432674408,0.09038003
ZcFzcd4ZoMg$_$7,1.0,1.2509292
ZcFzcd4ZoMg$_$6,1.6666666269302368,0.7075391
ZcFzcd4ZoMg$_$8,0.3333333432674408,0.63523006
ZeH7gZw94k0$_$1,1.6666666269302368,1.0192771
ZsLrKF7_Oos$_$1,0.0,0.09096146
ZsLrKF7_Oos$_$0,0.6666666865348816,0.6221515
ZtocGyL3Tfc$_$11,0.3333333432674408,-0.31792635
ZtocGyL3Tfc$_$24,0.6666666865348816,0.08489974
ZtocGyL3Tfc$_$13,1.0,0.5116446
ZtocGyL3Tfc$_$12,-0.3333333432674408,0.050372213
ZtocGyL3Tfc$_$20,0.6666666865348816,0.49724954
ZtocGyL3Tfc$_$14,0.0,0.32252866
ZtocGyL3Tfc$_$17,1.0,0.07208678
ZtocGyL3Tfc$_$10,1.0,0.3288514
ZtocGyL3Tfc$_$1,0.0,0.8765441
ZtocGyL3Tfc$_$3,0.3333333432674408,0.5135598
ZtocGyL3Tfc$_$2,-1.3333333730697632,0.053095847
ZtocGyL3Tfc$_$7,0.6666666865348816,0.69062257
ZtocGyL3Tfc$_$6,1.3333333730697632,0.7576004
ZtocGyL3Tfc$_$9,1.6666666269302368,0.6610826
ZtocGyL3Tfc$_$8,0.3333333432674408,0.63596636
ZznoGQVwTtw$_$1,-0.6666666865348816,-0.07389982
ZznoGQVwTtw$_$3,0.6666666865348816,0.8559874
ZznoGQVwTtw$_$2,1.3333333730697632,0.98671734
ZznoGQVwTtw$_$5,0.6666666865348816,0.44740874
ZznoGQVwTtw$_$4,1.6666666269302368,0.8000244
ZznoGQVwTtw$_$7,1.3333333730697632,0.9167819
ZznoGQVwTtw$_$6,0.0,0.8668581
ZznoGQVwTtw$_$8,-1.6666666269302368,0.19848734
_0efYOjQYRc$_$3,0.3333333432674408,0.619491
_0efYOjQYRc$_$4,0.6666666865348816,0.7218709
_1nvuNk7EFY$_$11,0.3333333432674408,0.6694429
_1nvuNk7EFY$_$10,-0.3333333432674408,-0.67226326
_1nvuNk7EFY$_$13,0.0,0.34577525
_1nvuNk7EFY$_$12,0.6666666865348816,0.7338947
_1nvuNk7EFY$_$20,0.0,0.70790124
_1nvuNk7EFY$_$21,-0.3333333432674408,0.17806001
_1nvuNk7EFY$_$16,0.0,0.63077533
_1nvuNk7EFY$_$19,-0.3333333432674408,0.5262234
_1nvuNk7EFY$_$18,0.3333333432674408,-0.124584556
_1nvuNk7EFY$_$5,0.0,0.24904288
_1nvuNk7EFY$_$17,0.0,0.20782922
_1nvuNk7EFY$_$6,1.6666666269302368,-0.11588889
_1nvuNk7EFY$_$8,1.3333333730697632,0.64475197
_OmWVs0-6UM$_$0,0.0,0.658319
_OmWVs0-6UM$_$3,1.3333333730697632,1.451214
_OmWVs0-6UM$_$2,0.6666666865348816,0.7046031
_OmWVs0-6UM$_$5,2.3333332538604736,1.2408069
_WA0HtVEe8U$_$0,-0.3333333432674408,0.30559707
_aJghSQmxD8$_$12,0.6666666865348816,0.60196006
_aJghSQmxD8$_$7,0.3333333432674408,0.32193935
_aJghSQmxD8$_$6,0.6666666865348816,0.37236345
_on_E-ZWy0I$_$20,-1.3333333730697632,-0.24021666
_on_E-ZWy0I$_$21,1.3333333730697632,0.9081854
_on_E-ZWy0I$_$22,2.0,1.1931269
_on_E-ZWy0I$_$1,0.0,-0.16836731
_on_E-ZWy0I$_$0,0.0,-0.36665636
_on_E-ZWy0I$_$3,0.0,-0.18723786
_on_E-ZWy0I$_$2,0.6666666865348816,0.5611352
_on_E-ZWy0I$_$5,-0.3333333432674408,-0.3135671
_on_E-ZWy0I$_$4,1.0,0.46747565
_on_E-ZWy0I$_$7,0.0,0.30238456
_on_E-ZWy0I$_$6,-0.3333333432674408,0.21721031
_on_E-ZWy0I$_$9,0.0,0.3929181
_on_E-ZWy0I$_$8,0.3333333432674408,0.09165096
_on_E-ZWy0I$_$11,0.0,0.2985105
_on_E-ZWy0I$_$10,0.3333333432674408,0.32396466
_on_E-ZWy0I$_$13,-0.6666666865348816,-0.33659506
_on_E-ZWy0I$_$12,-1.0,0.47566342
_on_E-ZWy0I$_$15,0.3333333432674408,0.56720626
_on_E-ZWy0I$_$14,0.0,0.08173695
_on_E-ZWy0I$_$17,2.0,1.1900914
_on_E-ZWy0I$_$16,0.6666666865348816,0.510536
_on_E-ZWy0I$_$19,-0.6666666865348816,-0.14545792
_on_E-ZWy0I$_$18,0.0,0.27144146
_q7DM8WkzAQ$_$15,1.0,1.2671492
_q7DM8WkzAQ$_$17,0.3333333432674408,0.86368966
_q7DM8WkzAQ$_$3,0.6666666865348816,0.5950864
_q7DM8WkzAQ$_$2,-0.6666666865348816,-0.28861892
_q7DM8WkzAQ$_$4,0.3333333432674408,0.7085703
_q7DM8WkzAQ$_$9,-1.0,0.5246532
a4PHWxILDp0$_$11,0.0,0.029166594
a4PHWxILDp0$_$10,0.0,-0.47086728
a4PHWxILDp0$_$13,-0.3333333432674408,0.64832723
a4PHWxILDp0$_$15,0.0,0.021459922
a4PHWxILDp0$_$17,0.0,0.272762
a4PHWxILDp0$_$16,0.0,0.47392666
a4PHWxILDp0$_$19,0.0,-0.17161544
a4PHWxILDp0$_$0,0.0,0.1385993
a4PHWxILDp0$_$2,-0.6666666865348816,-0.042215228
a4PHWxILDp0$_$4,0.0,0.12517457
a4PHWxILDp0$_$7,0.3333333432674408,0.28204876
a4PHWxILDp0$_$6,0.6666666865348816,0.4726339
a4PHWxILDp0$_$9,0.0,0.33055043
a4PHWxILDp0$_$8,0.0,-0.055737004
a8UMRrUjavI$_$10,-0.6666666865348816,0.31583256
a8UMRrUjavI$_$3,0.0,0.34334725
a8UMRrUjavI$_$2,-0.3333333432674408,-0.19009988
a8UMRrUjavI$_$5,-1.3333333730697632,-0.5534167
a8UMRrUjavI$_$9,-0.6666666865348816,0.11660592
a8UMRrUjavI$_$8,-0.3333333432674408,-0.33736205
aa0J1AXSseY$_$1,1.0,1.4313033
aa0J1AXSseY$_$0,0.3333333432674408,0.7721411
aa0J1AXSseY$_$3,2.3333332538604736,1.7837473
aa0J1AXSseY$_$2,2.0,1.4929053
absh1hsZeF0$_$2,-0.6666666865348816,0.042240195
absh1hsZeF0$_$5,0.0,0.8351157
absh1hsZeF0$_$4,1.0,-0.36234194
absh1hsZeF0$_$7,0.6666666865348816,1.2589725
absh1hsZeF0$_$6,1.0,0.7838969
ahG9c_uaf8s$_$1,0.3333333432674408,0.9663054
ahG9c_uaf8s$_$0,0.0,0.69146943
ahG9c_uaf8s$_$3,0.3333333432674408,0.85254794
ahG9c_uaf8s$_$4,1.3333333730697632,0.46416193
an_GzG40hcE$_$0,0.6666666865348816,0.9453127
an_GzG40hcE$_$13,1.6666666269302368,1.0159132
an_GzG40hcE$_$2,1.6666666269302368,0.8479638
an_GzG40hcE$_$15,2.0,0.92488706
an_GzG40hcE$_$7,0.3333333432674408,0.2010857
b86B3hP8ARM$_$11,0.0,0.28690273
b86B3hP8ARM$_$5,0.3333333432674408,0.4526559
b92iw0OAnI4$_$1,-0.3333333432674408,-0.72341216
b92iw0OAnI4$_$3,0.0,0.3772599
b92iw0OAnI4$_$7,1.3333333730697632,0.75864595
bCBMKwafZKY$_$1,0.6666666865348816,0.90003765
bNQOeiAotbk$_$10,1.6666666269302368,1.623251
bNQOeiAotbk$_$1,0.3333333432674408,0.42509574
bNQOeiAotbk$_$0,2.3333332538604736,0.9672996
bNQOeiAotbk$_$3,0.3333333432674408,0.55456644
bNQOeiAotbk$_$2,0.3333333432674408,1.1123549
bNQOeiAotbk$_$5,1.0,0.34123218
bNQOeiAotbk$_$4,1.0,0.7156636
bNQOeiAotbk$_$7,0.3333333432674408,0.51710486
bNQOeiAotbk$_$6,0.6666666865348816,0.6608245
bNQOeiAotbk$_$9,0.0,1.1169655
bNQOeiAotbk$_$8,0.0,0.039369553
bWmrrWQOVCM$_$10,0.3333333432674408,0.25585347
bWmrrWQOVCM$_$13,0.3333333432674408,0.6294831
bWmrrWQOVCM$_$2,0.0,0.47156525
bdFCD-3BCRg$_$24,1.3333333730697632,1.1815463
bdFCD-3BCRg$_$25,0.6666666865348816,1.3772064
bdFCD-3BCRg$_$20,1.3333333730697632,0.626067
bdFCD-3BCRg$_$21,0.0,0.52573574
bdFCD-3BCRg$_$22,1.0,1.1476141
bdFCD-3BCRg$_$23,1.3333333730697632,0.6069917
bdFCD-3BCRg$_$1,1.0,1.0016462
bdFCD-3BCRg$_$0,0.3333333432674408,1.1399411
bdFCD-3BCRg$_$3,2.3333332538604736,1.377523
bdFCD-3BCRg$_$2,1.0,1.2951741
bdFCD-3BCRg$_$5,0.6666666865348816,0.6777239
bdFCD-3BCRg$_$4,0.6666666865348816,0.84368587
bdFCD-3BCRg$_$7,0.6666666865348816,0.50948083
bdFCD-3BCRg$_$6,1.6666666269302368,0.8092458
bdFCD-3BCRg$_$9,1.0,0.5919639
bdFCD-3BCRg$_$8,0.3333333432674408,0.24630167
bdFCD-3BCRg$_$11,0.6666666865348816,0.71742296
bdFCD-3BCRg$_$10,0.6666666865348816,0.62807643
bdFCD-3BCRg$_$13,0.3333333432674408,0.9444091
bdFCD-3BCRg$_$12,1.0,0.5613029
bdFCD-3BCRg$_$15,1.0,0.6751784
bdFCD-3BCRg$_$14,0.6666666865348816,0.6547822
bdFCD-3BCRg$_$17,1.3333333730697632,0.5622573
bdFCD-3BCRg$_$16,0.3333333432674408,0.15703121
bdFCD-3BCRg$_$19,1.0,0.61893225
bdFCD-3BCRg$_$18,0.0,0.35162354
bkX5FOX22Tw$_$1,0.0,0.6223106
bkX5FOX22Tw$_$0,0.0,0.33581126
bkX5FOX22Tw$_$2,0.3333333432674408,0.46993148
bkX5FOX22Tw$_$5,-0.3333333432674408,0.25512642
bkX5FOX22Tw$_$4,0.3333333432674408,0.6303171
bkX5FOX22Tw$_$7,0.0,0.20331323
bkX5FOX22Tw$_$6,0.0,0.4224018
bnzVR2ETQQ8$_$0,-0.3333333432674408,-0.3887918
bnzVR2ETQQ8$_$3,1.3333333730697632,1.3463798
bnzVR2ETQQ8$_$2,-0.6666666865348816,0.39997697
bvycs3BXtx0$_$3,0.0,0.9956423
bvycs3BXtx0$_$2,-1.3333333730697632,-0.06906298
c5VEvmutmVg$_$11,2.0,1.2909583
c5VEvmutmVg$_$10,1.3333333730697632,0.81035566
c5VEvmutmVg$_$13,1.0,0.82533765
c5VEvmutmVg$_$12,0.0,-0.18265364
c5VEvmutmVg$_$15,-0.3333333432674408,0.32731313
c5VEvmutmVg$_$14,0.0,-0.19639212
c5VEvmutmVg$_$17,0.6666666865348816,0.4856987
c5VEvmutmVg$_$16,0.0,0.09450659
c5VEvmutmVg$_$19,0.0,0.48559994
c5VEvmutmVg$_$18,1.0,0.5455189
c5VEvmutmVg$_$1,1.0,1.3122596
c5VEvmutmVg$_$0,1.6666666269302368,1.2034837
c5VEvmutmVg$_$3,0.6666666865348816,-0.38916105
c5VEvmutmVg$_$2,1.0,0.76386476
c5VEvmutmVg$_$5,1.3333333730697632,1.491826
c5VEvmutmVg$_$4,2.0,2.0436757
c5VEvmutmVg$_$7,2.0,1.3376034
c5VEvmutmVg$_$6,1.6666666269302368,1.2837921
c5VEvmutmVg$_$9,1.3333333730697632,1.5947624
c5VEvmutmVg$_$8,2.3333332538604736,1.9746681
c5zxqITn3ZM$_$1,0.3333333432674408,0.65401495
c5zxqITn3ZM$_$3,0.0,0.7665688
c5zxqITn3ZM$_$5,0.6666666865348816,0.026896566
c5zxqITn3ZM$_$4,1.3333333730697632,1.3943275
c5zxqITn3ZM$_$6,1.0,0.83226615
c5zxqITn3ZM$_$9,0.6666666865348816,0.42503113
c5zxqITn3ZM$_$8,0.6666666865348816,0.8916693
c9hE1ghElrM$_$1,0.0,0.5502078
c9hE1ghElrM$_$0,0.0,-0.073130846
c9hE1ghElrM$_$3,-1.3333333730697632,-0.25295877
c9hE1ghElrM$_$2,0.0,0.116313204
c9hE1ghElrM$_$4,0.0,0.05372578
cW-aX4dPVfk$_$24,1.6666666269302368,0.9479471
cW-aX4dPVfk$_$25,0.0,0.14935942
cW-aX4dPVfk$_$26,2.0,2.187857
cW-aX4dPVfk$_$27,1.6666666269302368,0.01595316
cW-aX4dPVfk$_$20,0.0,-0.24516842
cW-aX4dPVfk$_$21,-0.3333333432674408,0.5447055
cW-aX4dPVfk$_$22,2.3333332538604736,2.3837392
cW-aX4dPVfk$_$23,1.6666666269302368,0.7723204
cW-aX4dPVfk$_$29,1.3333333730697632,-0.21018593
cW-aX4dPVfk$_$40,1.3333333730697632,0.67435455
cW-aX4dPVfk$_$41,1.0,0.414863
cW-aX4dPVfk$_$1,0.0,-0.5147686
cW-aX4dPVfk$_$0,0.3333333432674408,0.53326684
cW-aX4dPVfk$_$3,0.0,0.7545868
cW-aX4dPVfk$_$2,0.3333333432674408,0.024109796
cW-aX4dPVfk$_$5,0.3333333432674408,-0.023677751
cW-aX4dPVfk$_$4,-0.3333333432674408,0.6462357
cW-aX4dPVfk$_$7,0.3333333432674408,0.49770522
cW-aX4dPVfk$_$6,0.0,0.38793725
cW-aX4dPVfk$_$9,0.0,-1.0760932
cW-aX4dPVfk$_$8,0.3333333432674408,0.54761684
cW-aX4dPVfk$_$39,1.3333333730697632,0.51278704
cW-aX4dPVfk$_$38,0.6666666865348816,1.2224435
cW-aX4dPVfk$_$11,0.3333333432674408,0.62651914
cW-aX4dPVfk$_$10,0.0,-0.9112673
cW-aX4dPVfk$_$13,0.6666666865348816,0.48046994
cW-aX4dPVfk$_$12,1.3333333730697632,-0.55462897
cW-aX4dPVfk$_$15,1.0,-0.77651715
cW-aX4dPVfk$_$14,1.3333333730697632,0.10579926
cW-aX4dPVfk$_$19,0.0,0.35324323
cW-aX4dPVfk$_$32,1.6666666269302368,0.8527819
cW-aX4dPVfk$_$31,0.6666666865348816,0.25312608
cW-aX4dPVfk$_$30,2.3333332538604736,2.111355
cW-aX4dPVfk$_$37,0.6666666865348816,1.1377287
cW-aX4dPVfk$_$36,-1.3333333730697632,-0.7332557
cW-aX4dPVfk$_$35,1.3333333730697632,0.94453347
cW-aX4dPVfk$_$34,-1.3333333730697632,-0.5032899
cW-aX4dPVfk$_$33,2.0,1.5021147
cX8FScpsfLE$_$1,-0.3333333432674408,0.3678218
cX8FScpsfLE$_$0,0.3333333432674408,-0.11259131
cY8DcaHXNNs$_$9,0.6666666865348816,1.0707225
cY8DcaHXNNs$_$5,0.0,1.1881746
cY8DcaHXNNs$_$4,0.3333333432674408,0.82388103
cia8OM3Oe7Q$_$0,2.0,1.1574202
cml9rShionM$_$11,1.0,0.308208
cml9rShionM$_$10,0.0,0.14899875
cml9rShionM$_$14,0.0,0.43146867
cml9rShionM$_$3,-0.3333333432674408,1.1433774
cml9rShionM$_$5,0.0,-0.18371503
cml9rShionM$_$7,0.0,0.6095527
cml9rShionM$_$8,0.0,0.43691856
cn0WZ8-0Z1Y$_$10,0.6666666865348816,-0.1549501
cn0WZ8-0Z1Y$_$3,-0.3333333432674408,0.33448553
cn0WZ8-0Z1Y$_$2,0.3333333432674408,-0.10882626
cn0WZ8-0Z1Y$_$5,-1.0,-0.09629343
cn0WZ8-0Z1Y$_$4,0.3333333432674408,0.49535203
cn0WZ8-0Z1Y$_$7,1.0,0.3057297
cn0WZ8-0Z1Y$_$6,-0.6666666865348816,-0.517592
cn0WZ8-0Z1Y$_$9,-1.6666666269302368,-0.61882186
cn0WZ8-0Z1Y$_$8,0.3333333432674408,0.32387555
ctAZf4sMBUQ$_$1,1.6666666269302368,0.36322725
ctAZf4sMBUQ$_$8,1.6666666269302368,0.7218456
ctAZf4sMBUQ$_$0,1.6666666269302368,1.2487258
d-Uw_uZyUys$_$1,-2.3333332538604736,0.17980944
d-Uw_uZyUys$_$0,-0.3333333432674408,-0.42918223
d-Uw_uZyUys$_$2,-1.0,-0.015464932
d-Uw_uZyUys$_$7,-1.0,0.31996953
d-Uw_uZyUys$_$6,-2.3333332538604736,-0.88178134
d1CDP6sMuLA$_$11,1.3333333730697632,0.5154737
d1CDP6sMuLA$_$10,-0.3333333432674408,-0.58132607
d1CDP6sMuLA$_$12,0.6666666865348816,0.46958017
d1CDP6sMuLA$_$15,1.0,0.81459796
d1CDP6sMuLA$_$14,0.6666666865348816,0.43683106
d1CDP6sMuLA$_$19,2.3333332538604736,1.4375633
d1CDP6sMuLA$_$18,2.3333332538604736,1.6004301
d1CDP6sMuLA$_$1,1.6666666269302368,1.0020307
d1CDP6sMuLA$_$3,2.0,1.7148212
d1CDP6sMuLA$_$4,2.0,0.9369047
d1CDP6sMuLA$_$6,0.6666666865348816,0.35548896
d1CDP6sMuLA$_$9,0.3333333432674408,-0.42531496
d1CDP6sMuLA$_$8,-1.6666666269302368,-0.15331538
dHk--ExZbHs$_$0,1.0,0.96832764
dHk--ExZbHs$_$7,0.6666666865348816,0.7406051
dHk--ExZbHs$_$6,0.3333333432674408,0.49603426
dHk--ExZbHs$_$8,0.0,0.52528
dR68gbeOWOc$_$1,0.3333333432674408,0.48851836
dR68gbeOWOc$_$3,0.3333333432674408,0.6595111
dTcz1am1eUw$_$0,0.3333333432674408,1.1288327
dTcz1am1eUw$_$3,0.0,0.44378918
dTcz1am1eUw$_$2,1.3333333730697632,1.0450228
ddWHTdJz2O8$_$1,-0.3333333432674408,0.9918312
ddWHTdJz2O8$_$0,-0.3333333432674408,0.44092453
ddWHTdJz2O8$_$2,0.3333333432674408,0.75238895
dlE05KC95uk$_$11,0.3333333432674408,0.37518412
dlE05KC95uk$_$12,1.6666666269302368,0.54543924
dlE05KC95uk$_$15,2.0,1.2726077
dlE05KC95uk$_$14,1.6666666269302368,1.3009807
dlE05KC95uk$_$17,0.3333333432674408,0.112139955
dlE05KC95uk$_$18,1.6666666269302368,0.97038877
dlE05KC95uk$_$2,0.6666666865348816,0.33274472
dlE05KC95uk$_$5,0.0,0.4525088
dlE05KC95uk$_$9,1.0,0.36596298
dxsPkcG-Q30$_$0,1.0,0.45926046
dxsPkcG-Q30$_$3,1.0,1.0503519
eD5cScqaf6c$_$1,0.3333333432674408,1.1061085
eD5cScqaf6c$_$0,2.6666667461395264,1.1852082
eD5cScqaf6c$_$3,1.3333333730697632,1.0637664
eE8Qr9fOvVA$_$3,2.3333332538604736,1.4740142
eE8Qr9fOvVA$_$2,-1.3333333730697632,0.17381318
eE8Qr9fOvVA$_$5,-1.3333333730697632,0.6339615
eE8Qr9fOvVA$_$7,-1.3333333730697632,-0.04754524
eFV7iFPYZB4$_$10,1.3333333730697632,0.4679817
eFV7iFPYZB4$_$13,1.0,0.8380983
eFV7iFPYZB4$_$12,1.6666666269302368,0.7713908
eFV7iFPYZB4$_$14,1.3333333730697632,0.5930308
eFV7iFPYZB4$_$1,2.3333332538604736,0.86938417
eFV7iFPYZB4$_$3,0.6666666865348816,0.22590227
eFV7iFPYZB4$_$5,0.6666666865348816,0.6939518
eFV7iFPYZB4$_$4,1.6666666269302368,1.3090497
eFV7iFPYZB4$_$7,1.6666666269302368,0.9558029
eFV7iFPYZB4$_$6,2.0,0.6748121
eFV7iFPYZB4$_$9,0.0,0.49997866
eFV7iFPYZB4$_$8,0.6666666865348816,-0.1168273
eJfT7-dDqzA$_$3,0.6666666865348816,0.10980286
eJfT7-dDqzA$_$2,0.6666666865348816,1.0269641
eJfT7-dDqzA$_$5,1.0,0.55609614
eJfT7-dDqzA$_$4,0.0,-0.12933247
eJfT7-dDqzA$_$7,0.6666666865348816,0.4862362
eJfT7-dDqzA$_$6,0.6666666865348816,0.15898643
eJfT7-dDqzA$_$8,1.0,0.14827192
eKQKEi2-0Ws$_$0,0.0,0.37026042
eQc5uI7FKCU$_$1,0.0,0.0640592
eQc5uI7FKCU$_$0,1.0,0.603351
eQc5uI7FKCU$_$3,0.6666666865348816,0.28227538
eQc5uI7FKCU$_$5,0.3333333432674408,0.735579
eQc5uI7FKCU$_$4,1.0,0.33100116
eQc5uI7FKCU$_$6,0.6666666865348816,0.36170518
eREud0qYR3s$_$5,1.3333333730697632,1.0532113
eREud0qYR3s$_$7,1.3333333730697632,1.0581394
eUwbRLhV1vs$_$0,1.0,0.36737627
ehZrOdw6PhA$_$1,-0.6666666865348816,0.62680614
ehZrOdw6PhA$_$0,-0.3333333432674408,0.2952819
ehZrOdw6PhA$_$4,-0.6666666865348816,-0.03611265
ex-dKshlXoY$_$11,-0.6666666865348816,-0.03255917
ex-dKshlXoY$_$8,0.3333333432674408,0.60429674
ex-dKshlXoY$_$6,0.3333333432674408,0.34224135
ey1lr8wFFDc$_$1,0.0,0.4915132
ey1lr8wFFDc$_$0,0.6666666865348816,0.84762
ey1lr8wFFDc$_$3,0.0,0.16378248
ey1lr8wFFDc$_$2,0.3333333432674408,0.17457318
ezuWKsxPRSM$_$1,1.6666666269302368,1.6250087
ezuWKsxPRSM$_$0,1.0,0.910741
ezuWKsxPRSM$_$2,1.0,0.15121318
ezuWKsxPRSM$_$6,0.0,0.75535804
f-VdKweez2U$_$8,2.0,0.8434075
f-VdKweez2U$_$2,0.6666666865348816,0.8607503
f-VdKweez2U$_$4,0.0,0.73191607
f-VdKweez2U$_$7,1.3333333730697632,0.6429926
f-VdKweez2U$_$0,0.6666666865348816,0.82687044
f8Puta8k8fU$_$1,0.0,-0.42508304
fT6SrlsWV7M$_$11,0.3333333432674408,0.3890168
fT6SrlsWV7M$_$10,0.3333333432674408,0.29887795
fT6SrlsWV7M$_$13,-1.6666666269302368,-0.5851128
fT6SrlsWV7M$_$12,-1.3333333730697632,0.3941934
fT6SrlsWV7M$_$1,0.6666666865348816,-0.33191234
fT6SrlsWV7M$_$0,-0.6666666865348816,0.11941548
fT6SrlsWV7M$_$3,-0.6666666865348816,0.19966342
fT6SrlsWV7M$_$2,-0.6666666865348816,-0.01964081
fT6SrlsWV7M$_$4,0.0,0.17999534
fT6SrlsWV7M$_$7,-0.3333333432674408,-0.15005589
fT6SrlsWV7M$_$6,0.3333333432674408,-0.03899491
fU5AYkq0m9k$_$1,1.3333333730697632,0.54710877
fU5AYkq0m9k$_$0,0.3333333432674408,0.32385534
fU5AYkq0m9k$_$3,0.3333333432674408,-0.2927273
fU5AYkq0m9k$_$4,-1.0,-0.11982152
fVCDn6SdtVM$_$3,1.3333333730697632,0.31138736
fVCDn6SdtVM$_$2,-0.3333333432674408,0.40680844
fVCDn6SdtVM$_$5,0.0,0.53133714
fWAKek8jA5M$_$0,-1.6666666269302368,-1.0253624
fWAKek8jA5M$_$3,-1.3333333730697632,0.42586195
fWAKek8jA5M$_$5,-1.0,0.083124205
fWAKek8jA5M$_$4,0.0,0.00050486624
fWAKek8jA5M$_$7,-1.6666666269302368,0.42029655
fWAKek8jA5M$_$6,-1.0,0.9630829
fWAKek8jA5M$_$9,-1.3333333730697632,-0.15084036
fWAKek8jA5M$_$8,0.0,0.48926198
faUvT7zfsyk$_$3,1.6666666269302368,1.2846588
faUvT7zfsyk$_$2,1.0,0.18991795
faUvT7zfsyk$_$6,2.0,0.8457423
fcxbB7ybUfs$_$9,0.0,0.56758916
fcxbB7ybUfs$_$3,0.0,0.47793877
fcxbB7ybUfs$_$5,1.0,0.0811623
fdc7iyzKvFQ$_$0,0.3333333432674408,0.7685337
fdc7iyzKvFQ$_$3,1.0,-0.18534328
fdc7iyzKvFQ$_$2,1.3333333730697632,1.0534976
fhADeWE5VgU$_$1,1.0,1.192437
fhADeWE5VgU$_$3,0.0,0.08693127
fhADeWE5VgU$_$2,0.0,0.07170254
fhADeWE5VgU$_$5,1.6666666269302368,0.9000788
frCWtiam4tE$_$1,0.3333333432674408,0.5533888
frCWtiam4tE$_$0,1.6666666269302368,0.22723676
frCWtiam4tE$_$2,1.6666666269302368,0.5850747
frCWtiam4tE$_$6,1.3333333730697632,-0.19676068
fsBzpr4k3rY$_$0,2.0,0.14548413
fsd1qPLA3kY$_$1,-0.3333333432674408,0.18794794
fsd1qPLA3kY$_$8,1.0,0.56535167
fsd1qPLA3kY$_$16,0.3333333432674408,0.47761905
fz-MzQcOBwQ$_$11,1.6666666269302368,-0.19909783
fz-MzQcOBwQ$_$10,1.3333333730697632,1.2201425
fz-MzQcOBwQ$_$12,1.6666666269302368,1.1972972
fz-MzQcOBwQ$_$1,1.3333333730697632,0.5565989
fz-MzQcOBwQ$_$0,2.3333332538604736,1.3949217
fz-MzQcOBwQ$_$3,0.3333333432674408,0.6547098
fz-MzQcOBwQ$_$2,0.3333333432674408,0.6354556
fz-MzQcOBwQ$_$5,0.6666666865348816,0.4222147
fz-MzQcOBwQ$_$4,0.0,-0.3855443
fz-MzQcOBwQ$_$7,2.3333332538604736,1.426573
fz-MzQcOBwQ$_$6,1.3333333730697632,0.80540353
fz-MzQcOBwQ$_$9,1.0,-0.11481336
fz-MzQcOBwQ$_$8,1.3333333730697632,-1.3320144
g6VJg6ycUk0$_$1,0.3333333432674408,0.6695253
gE7kUqMqQ9g$_$3,-1.3333333730697632,0.28013432
gE7kUqMqQ9g$_$2,-0.6666666865348816,-0.4644724
gJjkCPO7iXg$_$1,1.0,0.95320445
gJjkCPO7iXg$_$0,1.0,0.6868361
gJjkCPO7iXg$_$3,1.3333333730697632,0.65643096
gJjkCPO7iXg$_$2,1.0,0.5657706
gKojBrXHhUc$_$12,0.0,0.54017186
gKojBrXHhUc$_$14,0.0,0.7126211
gL8h7lOPv1Q$_$11,1.3333333730697632,0.28533995
gL8h7lOPv1Q$_$10,0.3333333432674408,0.6740762
gL8h7lOPv1Q$_$13,0.0,0.589034
gL8h7lOPv1Q$_$15,0.0,-0.11882235
gL8h7lOPv1Q$_$14,0.0,0.0625162
gL8h7lOPv1Q$_$28,0.3333333432674408,0.10932432
gL8h7lOPv1Q$_$2,0.6666666865348816,0.10029659
gL8h7lOPv1Q$_$7,1.3333333730697632,0.28633612
gL8h7lOPv1Q$_$9,0.0,0.6803979
gL8h7lOPv1Q$_$8,0.6666666865348816,1.078417
gLTxaEcx41E$_$11,-0.3333333432674408,-0.037401974
gLTxaEcx41E$_$10,0.3333333432674408,-0.07291807
gLTxaEcx41E$_$12,1.3333333730697632,0.8581246
gLTxaEcx41E$_$1,0.0,0.44114566
gLTxaEcx41E$_$3,0.3333333432674408,0.5304311
gLTxaEcx41E$_$2,0.0,0.23335905
gLTxaEcx41E$_$5,-0.3333333432674408,0.42976588
gLTxaEcx41E$_$4,0.0,-0.07435568
gLTxaEcx41E$_$7,0.0,0.56802976
gLTxaEcx41E$_$6,0.3333333432674408,1.1585001
gLTxaEcx41E$_$9,0.6666666865348816,-0.15523115
gLTxaEcx41E$_$8,0.3333333432674408,0.5270765
gR3igiwaeyc$_$10,-0.3333333432674408,0.5672225
gR3igiwaeyc$_$1,0.0,0.6586084
gR3igiwaeyc$_$0,-0.3333333432674408,0.6930671
gR3igiwaeyc$_$3,0.0,-0.03631493
gR3igiwaeyc$_$2,0.0,0.22629593
gR3igiwaeyc$_$4,0.0,0.07584001
gR3igiwaeyc$_$7,0.0,0.6458334
gR3igiwaeyc$_$6,-0.3333333432674408,0.42267543
gR3igiwaeyc$_$9,-0.6666666865348816,0.07896939
gcFECfN4BCU$_$24,1.3333333730697632,1.1585493
gcFECfN4BCU$_$20,1.0,0.4402231
gcFECfN4BCU$_$21,0.3333333432674408,0.9837502
gcFECfN4BCU$_$22,2.0,1.9043791
gcFECfN4BCU$_$23,2.0,1.5797088
gcFECfN4BCU$_$1,0.6666666865348816,0.83144605
gcFECfN4BCU$_$0,1.0,0.827632
gcFECfN4BCU$_$3,0.0,0.7686656
gcFECfN4BCU$_$5,0.0,0.52203226
gcFECfN4BCU$_$4,0.3333333432674408,0.8768814
gcFECfN4BCU$_$7,1.6666666269302368,1.2719079
gcFECfN4BCU$_$6,0.3333333432674408,0.47062802
gcFECfN4BCU$_$9,1.0,0.7621299
gcFECfN4BCU$_$8,1.3333333730697632,1.158554
gcFECfN4BCU$_$11,0.6666666865348816,0.28857964
gcFECfN4BCU$_$10,0.6666666865348816,0.9254973
gcFECfN4BCU$_$13,1.0,1.0233076
gcFECfN4BCU$_$12,1.0,0.17420995
gcFECfN4BCU$_$15,1.3333333730697632,0.5327712
gcFECfN4BCU$_$14,1.0,0.33437687
gcFECfN4BCU$_$17,1.0,0.57599705
gcFECfN4BCU$_$16,0.3333333432674408,0.64564157
gcFECfN4BCU$_$19,0.0,0.78074145
gcFECfN4BCU$_$18,0.3333333432674408,1.6493332
gpn71-aKWwQ$_$1,0.6666666865348816,0.88642794
gpn71-aKWwQ$_$0,1.6666666269302368,0.8325189
gpn71-aKWwQ$_$2,1.6666666269302368,0.8099478
grsV1YN1z5s$_$6,0.6666666865348816,0.30277115
h1ZZHUU4j0k$_$20,-0.3333333432674408,0.061687693
h1ZZHUU4j0k$_$21,0.3333333432674408,-0.1705572
h1ZZHUU4j0k$_$22,0.0,0.6336304
h1ZZHUU4j0k$_$23,0.6666666865348816,0.06012371
h1ZZHUU4j0k$_$0,1.3333333730697632,0.89886093
h1ZZHUU4j0k$_$3,0.6666666865348816,0.89276403
h1ZZHUU4j0k$_$2,-0.6666666865348816,-0.16708864
h1ZZHUU4j0k$_$5,0.3333333432674408,-0.016932204
h1ZZHUU4j0k$_$4,0.6666666865348816,-0.34734035
h1ZZHUU4j0k$_$6,1.0,0.51638865
h1ZZHUU4j0k$_$9,0.6666666865348816,0.06585285
h1ZZHUU4j0k$_$8,1.3333333730697632,0.3433494
h1ZZHUU4j0k$_$11,1.0,0.82560927
h1ZZHUU4j0k$_$10,1.0,0.57022375
h1ZZHUU4j0k$_$13,-1.0,-0.29706168
h1ZZHUU4j0k$_$12,-0.3333333432674408,-0.26896796
h1ZZHUU4j0k$_$15,1.0,0.1684784
h1ZZHUU4j0k$_$14,1.3333333730697632,0.32292026
h1ZZHUU4j0k$_$17,1.6666666269302368,0.944373
h1ZZHUU4j0k$_$16,-0.6666666865348816,0.078068264
h1ZZHUU4j0k$_$19,1.3333333730697632,0.7406434
h1ZZHUU4j0k$_$18,1.3333333730697632,0.9216529
hBzw4r0kfjA$_$8,0.0,-1.0017833
hBzw4r0kfjA$_$3,0.0,-0.41669285
hE-sA5umuCk$_$0,2.3333332538604736,0.589052
hE-sA5umuCk$_$2,2.0,1.4985949
hI7ObFqn9Bg$_$7,0.0,0.5370406
hbJfSyJKBEA$_$4,0.6666666865348816,0.7702657
huzEsVEJPaY$_$10,0.6666666865348816,0.35475487
iFxFTtCQ6zA$_$3,-1.0,0.2987283
iFxFTtCQ6zA$_$6,1.0,0.7455715
iPPp6MCythU$_$11,0.3333333432674408,0.28882498
iPPp6MCythU$_$10,0.0,0.8427781
iPPp6MCythU$_$16,-0.3333333432674408,1.1324915
iPPp6MCythU$_$1,1.6666666269302368,1.3803213
iPPp6MCythU$_$0,0.0,0.524232
iPPp6MCythU$_$3,-0.3333333432674408,-0.023058817
iPPp6MCythU$_$7,0.3333333432674408,0.4320404
iPPp6MCythU$_$6,0.0,-0.14331853
iQDB_OkAQWs$_$4,0.0,-0.14700264
iXiMifHNKPI$_$10,-1.0,0.06444302
iXiMifHNKPI$_$13,-0.3333333432674408,0.19118638
iXiMifHNKPI$_$14,0.6666666865348816,0.5048518
iXiMifHNKPI$_$0,0.6666666865348816,0.5782365
iXiMifHNKPI$_$3,0.3333333432674408,0.24806122
iXiMifHNKPI$_$5,0.0,0.8198602
iXiMifHNKPI$_$7,0.3333333432674408,0.28911573
iXiMifHNKPI$_$9,-0.6666666865348816,0.44655657
iXiMifHNKPI$_$8,0.3333333432674408,0.40554196
ihPjsliqz5o$_$9,1.3333333730697632,0.8437254
ihPjsliqz5o$_$2,0.3333333432674408,0.64669037
ihPjsliqz5o$_$4,0.3333333432674408,0.14123611
ihPjsliqz5o$_$7,0.0,-0.04460852
j1m6ctAgjsM$_$42,0.3333333432674408,0.5399009
j1m6ctAgjsM$_$22,1.0,0.6325665
j1m6ctAgjsM$_$43,0.6666666865348816,0.9421984
j1m6ctAgjsM$_$23,0.0,0.37293905
j1m6ctAgjsM$_$24,0.0,0.36752546
j1m6ctAgjsM$_$25,0.6666666865348816,0.68923193
j1m6ctAgjsM$_$26,0.0,0.06378949
j1m6ctAgjsM$_$27,1.3333333730697632,0.74834526
j1m6ctAgjsM$_$20,1.0,0.048998922
j1m6ctAgjsM$_$21,0.6666666865348816,0.37936103
j1m6ctAgjsM$_$48,1.3333333730697632,1.7173122
j1m6ctAgjsM$_$49,2.3333332538604736,1.108597
j1m6ctAgjsM$_$46,1.0,-0.08439487
j1m6ctAgjsM$_$47,1.6666666269302368,1.315184
j1m6ctAgjsM$_$44,-0.6666666865348816,-0.7833918
j1m6ctAgjsM$_$45,0.6666666865348816,0.09617673
j1m6ctAgjsM$_$28,0.6666666865348816,0.7816286
j1m6ctAgjsM$_$29,1.0,0.920238
j1m6ctAgjsM$_$40,0.6666666865348816,0.60667396
j1m6ctAgjsM$_$41,0.0,0.49571967
j1m6ctAgjsM$_$1,1.3333333730697632,1.1757917
j1m6ctAgjsM$_$0,0.6666666865348816,0.6938729
j1m6ctAgjsM$_$3,0.3333333432674408,0.6274374
j1m6ctAgjsM$_$2,1.0,0.881225
j1m6ctAgjsM$_$5,0.6666666865348816,0.8805976
j1m6ctAgjsM$_$4,0.3333333432674408,1.033086
j1m6ctAgjsM$_$7,-0.3333333432674408,-0.087649584
j1m6ctAgjsM$_$6,0.6666666865348816,0.30458385
j1m6ctAgjsM$_$9,0.6666666865348816,-0.21088408
j1m6ctAgjsM$_$8,1.3333333730697632,0.8338591
j1m6ctAgjsM$_$39,0.6666666865348816,0.5872991
j1m6ctAgjsM$_$38,0.6666666865348816,0.66412336
j1m6ctAgjsM$_$11,1.0,1.1411222
j1m6ctAgjsM$_$10,2.3333332538604736,0.5996795
j1m6ctAgjsM$_$13,0.0,0.28285497
j1m6ctAgjsM$_$12,0.6666666865348816,0.18727426
j1m6ctAgjsM$_$15,0.6666666865348816,0.06907755
j1m6ctAgjsM$_$14,0.0,0.37901133
j1m6ctAgjsM$_$17,1.3333333730697632,0.91243136
j1m6ctAgjsM$_$16,0.0,0.3062274
j1m6ctAgjsM$_$19,1.3333333730697632,0.54627705
j1m6ctAgjsM$_$18,1.0,-0.11457222
j1m6ctAgjsM$_$31,1.0,0.66836923
j1m6ctAgjsM$_$30,0.3333333432674408,0.2072797
j1m6ctAgjsM$_$51,2.0,1.8359765
j1m6ctAgjsM$_$36,0.0,0.54997194
j1m6ctAgjsM$_$35,1.0,0.6477012
j1m6ctAgjsM$_$34,1.3333333730697632,1.0843519
j1m6ctAgjsM$_$33,0.3333333432674408,0.21176843
j1m6ctAgjsM$_$37,0.0,0.19286679
j1m6ctAgjsM$_$32,0.3333333432674408,0.5152415
j1m6ctAgjsM$_$50,0.6666666865348816,0.61256504
jE3gYsxr_5s$_$9,0.6666666865348816,0.47893566
jE3gYsxr_5s$_$0,0.0,0.17016175
jE3gYsxr_5s$_$15,0.6666666865348816,0.72845334
jLN6B0aSrW0$_$1,0.0,0.17048813
jLN6B0aSrW0$_$0,-0.3333333432674408,0.33557802
jLN6B0aSrW0$_$3,0.0,0.74385345
jLN6B0aSrW0$_$2,0.6666666865348816,0.47472322
jLN6B0aSrW0$_$5,-0.3333333432674408,0.2775843
jPtaz1rN6lc$_$11,0.0,0.19224223
jPtaz1rN6lc$_$15,0.0,0.11053254
jPtaz1rN6lc$_$16,0.0,0.31762433
jPtaz1rN6lc$_$0,0.0,0.5926291
jXQmVFcOiUI$_$0,1.0,0.9000882
jXQmVFcOiUI$_$3,1.0,0.14353146
jXQmVFcOiUI$_$6,0.0,0.3507104
jZe-2w7pkd8$_$19,1.3333333730697632,0.8657628
jZe-2w7pkd8$_$4,0.0,0.2772532
jZe-2w7pkd8$_$14,-0.6666666865348816,-0.57644457
jZe-2w7pkd8$_$16,-0.3333333432674408,-0.284023
jj8aSNPHMw8$_$13,0.3333333432674408,-0.62079656
jj8aSNPHMw8$_$12,-0.3333333432674408,0.0071894005
jj8aSNPHMw8$_$14,0.0,-0.25752598
jj8aSNPHMw8$_$17,2.0,1.3976042
jj8aSNPHMw8$_$16,1.6666666269302368,1.5029441
jj8aSNPHMw8$_$1,-0.6666666865348816,0.34653103
jj8aSNPHMw8$_$0,2.0,1.1570292
jj8aSNPHMw8$_$3,2.0,1.142813
jj8aSNPHMw8$_$5,-1.3333333730697632,0.25055516
jj8aSNPHMw8$_$4,2.0,0.78871655
jj8aSNPHMw8$_$9,1.6666666269302368,0.088628694
jj8aSNPHMw8$_$8,-0.6666666865348816,-0.3886984
jqutn5ou8_0$_$3,0.0,1.3124169
jqutn5ou8_0$_$2,0.6666666865348816,0.54214853
jqutn5ou8_0$_$5,0.6666666865348816,0.9695438
jqutn5ou8_0$_$7,1.3333333730697632,1.8331807
jqutn5ou8_0$_$6,0.6666666865348816,1.0785443
jqutn5ou8_0$_$8,0.6666666865348816,1.2492727
jscKL5jS-SQ$_$24,1.0,1.0696627
jscKL5jS-SQ$_$10,-0.6666666865348816,-0.3835355
jscKL5jS-SQ$_$13,-1.0,-0.04758157
jscKL5jS-SQ$_$27,1.0,0.808251
jscKL5jS-SQ$_$15,0.0,0.47946227
jscKL5jS-SQ$_$17,1.0,0.46653432
jscKL5jS-SQ$_$19,0.0,0.94855833
jscKL5jS-SQ$_$30,1.0,-0.83320004
jscKL5jS-SQ$_$1,-1.0,-0.348727
jscKL5jS-SQ$_$0,0.3333333432674408,0.6190629
jscKL5jS-SQ$_$5,-1.3333333730697632,-0.36770177
jscKL5jS-SQ$_$4,-1.0,-0.2577299
jscKL5jS-SQ$_$6,0.3333333432674408,0.07124162
k1BrzX5bc7U$_$1,0.3333333432674408,0.11508323
k1BrzX5bc7U$_$3,0.0,0.599746
k1BrzX5bc7U$_$4,0.6666666865348816,0.53363156
k8yDywC4gt8$_$1,1.0,0.0717388
k8yDywC4gt8$_$3,2.3333332538604736,1.1991788
k8yDywC4gt8$_$2,0.6666666865348816,-0.12719083
k8yDywC4gt8$_$4,0.6666666865348816,0.50324935
kI6jzM_aLGs$_$3,1.0,0.57571435
kI6jzM_aLGs$_$2,1.3333333730697632,0.73471963
kLAXmTx2xOA$_$1,0.0,0.132359
kLAXmTx2xOA$_$4,0.6666666865348816,0.47015053
kXhJ3hHK9hQ$_$10,1.3333333730697632,0.9565271
kXhJ3hHK9hQ$_$0,0.6666666865348816,0.448371
kXhJ3hHK9hQ$_$3,0.0,0.061307997
kXhJ3hHK9hQ$_$4,0.6666666865348816,0.05409813
kXhJ3hHK9hQ$_$7,-0.6666666865348816,-0.24474211
kXhJ3hHK9hQ$_$6,-0.3333333432674408,0.113306135
kXiBdruxTvE$_$3,0.0,0.4245383
kXiBdruxTvE$_$2,0.3333333432674408,0.43377745
kXiBdruxTvE$_$5,0.0,1.0115329
kXiBdruxTvE$_$4,0.0,0.89672107
kXiBdruxTvE$_$6,0.0,1.2338513
kaudsLIvYC8$_$1,-1.3333333730697632,0.48087406
kaudsLIvYC8$_$0,1.6666666269302368,1.322236
kaudsLIvYC8$_$3,0.6666666865348816,0.16087496
kaudsLIvYC8$_$2,0.0,0.2573644
kbRtSmJM5aU$_$9,1.3333333730697632,0.7135134
kbRtSmJM5aU$_$11,0.0,0.8097137
kg-W6-hP2Do$_$10,0.3333333432674408,0.2360562
kg-W6-hP2Do$_$13,0.6666666865348816,0.91068333
kg-W6-hP2Do$_$12,0.6666666865348816,0.57517016
kg-W6-hP2Do$_$17,1.0,0.017176785
kg-W6-hP2Do$_$16,0.6666666865348816,1.1906806
kg-W6-hP2Do$_$3,0.0,0.3301068
kg-W6-hP2Do$_$4,0.0,0.42122197
kg-W6-hP2Do$_$8,0.0,0.55422413
kld9r0iFkWM$_$1,1.3333333730697632,0.5821619
kld9r0iFkWM$_$3,0.6666666865348816,0.5548017
kld9r0iFkWM$_$2,0.3333333432674408,0.08561898
kld9r0iFkWM$_$5,1.0,0.69994354
kmgsC68hIL8$_$11,0.0,-0.8815179
kmgsC68hIL8$_$1,2.0,1.4852636
kmgsC68hIL8$_$0,1.6666666269302368,0.5485135
kmgsC68hIL8$_$3,0.6666666865348816,0.26758462
kmgsC68hIL8$_$4,2.0,-0.14076903
kmgsC68hIL8$_$9,0.0,-0.01710248
kmgsC68hIL8$_$8,-1.6666666269302368,-0.6954917
kpS4BXif_Sw$_$11,-2.0,-0.54942346
kpS4BXif_Sw$_$10,-1.6666666269302368,-0.2598806
kpS4BXif_Sw$_$13,0.3333333432674408,0.1963806
kpS4BXif_Sw$_$12,-2.0,-0.5945145
kpS4BXif_Sw$_$15,1.3333333730697632,0.009234525
kpS4BXif_Sw$_$14,-1.0,-0.53100985
kpS4BXif_Sw$_$17,1.0,0.4558192
kpS4BXif_Sw$_$16,1.3333333730697632,-0.97995496
kpS4BXif_Sw$_$19,-0.6666666865348816,-0.025376596
kpS4BXif_Sw$_$18,0.3333333432674408,0.39063835
kpS4BXif_Sw$_$1,-0.6666666865348816,-0.38324332
kpS4BXif_Sw$_$0,0.3333333432674408,0.78426296
kpS4BXif_Sw$_$3,1.3333333730697632,0.4715634
kpS4BXif_Sw$_$2,-0.6666666865348816,0.28020728
kpS4BXif_Sw$_$5,-2.0,-0.50308144
kpS4BXif_Sw$_$4,0.0,0.7258445
kpS4BXif_Sw$_$7,-0.6666666865348816,-1.4103507
kpS4BXif_Sw$_$6,0.0,0.59971553
kpS4BXif_Sw$_$9,-1.6666666269302368,-1.0131716
kpS4BXif_Sw$_$20,-0.6666666865348816,0.6983372
kpS4BXif_Sw$_$8,-1.0,-0.6886415
ktblaVOnFVE$_$0,0.6666666865348816,1.0272131
ktblaVOnFVE$_$3,1.0,0.120302826
ktblaVOnFVE$_$2,0.6666666865348816,1.1949178
ktblaVOnFVE$_$5,0.3333333432674408,0.52116156
ktblaVOnFVE$_$4,1.3333333730697632,0.62655497
l0vCKpk6Aes$_$24,0.0,1.0282018
l0vCKpk6Aes$_$13,-0.6666666865348816,-0.48317796
l0vCKpk6Aes$_$12,1.0,0.99534965
l0vCKpk6Aes$_$15,0.3333333432674408,-0.13518101
l0vCKpk6Aes$_$14,-0.3333333432674408,-0.58179134
l0vCKpk6Aes$_$19,0.0,0.23203741
l0vCKpk6Aes$_$18,2.0,0.5100299
l0vCKpk6Aes$_$2,0.0,-0.27470946
l0vCKpk6Aes$_$7,1.6666666269302368,0.13268656
l0vCKpk6Aes$_$20,2.0,0.4756146
l1jW3OMXUzs$_$0,-1.3333333730697632,-0.3399638
l4oMbKDuW3Y$_$1,-1.0,-0.5664141
l4oMbKDuW3Y$_$9,2.0,1.0974828
l4oMbKDuW3Y$_$3,-0.6666666865348816,-0.6444169
l4oMbKDuW3Y$_$5,-0.3333333432674408,0.24223559
l4oMbKDuW3Y$_$4,0.0,-0.13984697
lD4xtQ6NpDY$_$11,1.3333333730697632,0.51330155
lD4xtQ6NpDY$_$10,0.6666666865348816,0.6763338
lD4xtQ6NpDY$_$1,-0.6666666865348816,-1.2568066
lD4xtQ6NpDY$_$0,0.0,0.18152066
lD4xtQ6NpDY$_$3,0.0,-0.21853729
lD4xtQ6NpDY$_$2,0.0,0.14396873
lD4xtQ6NpDY$_$5,0.6666666865348816,-0.058554158
lD4xtQ6NpDY$_$4,0.0,0.74768764
lD4xtQ6NpDY$_$7,1.0,0.74512565
lD4xtQ6NpDY$_$6,1.0,1.3186655
lD4xtQ6NpDY$_$9,1.0,0.5281961
lD4xtQ6NpDY$_$8,1.3333333730697632,1.2473308
lO6N9dyvPTA$_$2,0.3333333432674408,1.2084419
lYwgLa4R5XQ$_$10,0.0,-0.1664107
lYwgLa4R5XQ$_$1,0.0,0.14082867
lYwgLa4R5XQ$_$0,0.0,-0.24240643
lYwgLa4R5XQ$_$3,-0.3333333432674408,-0.25854886
lYwgLa4R5XQ$_$5,0.6666666865348816,0.56092626
lYwgLa4R5XQ$_$4,0.6666666865348816,0.55021334
lYwgLa4R5XQ$_$7,-0.6666666865348816,0.12979892
lYwgLa4R5XQ$_$6,0.3333333432674408,0.85014266
lYwgLa4R5XQ$_$9,-1.3333333730697632,-0.64061636
lYwgLa4R5XQ$_$8,0.3333333432674408,-0.63246024
lc5bSoGlQwY$_$1,0.3333333432674408,0.024303019
lc5bSoGlQwY$_$8,0.0,0.36742145
lc5bSoGlQwY$_$9,0.3333333432674408,-0.3992895
lc5bSoGlQwY$_$5,-0.3333333432674408,0.34883952
lc5bSoGlQwY$_$7,0.3333333432674408,0.32459742
lkIe41StoGI$_$11,0.3333333432674408,0.51363105
lkIe41StoGI$_$10,0.0,0.763324
lkIe41StoGI$_$1,0.0,0.6891434
lkIe41StoGI$_$0,0.6666666865348816,0.22812505
lkIe41StoGI$_$3,0.6666666865348816,0.6079283
lkIe41StoGI$_$2,0.6666666865348816,0.07791041
lkIe41StoGI$_$4,0.3333333432674408,0.14606895
lkIe41StoGI$_$6,0.0,0.14133158
lkIe41StoGI$_$9,-0.3333333432674408,0.79921085
lkIe41StoGI$_$8,0.0,0.1972617
lkeVfgI0eEk$_$1,1.0,-0.30002517
lkeVfgI0eEk$_$0,0.6666666865348816,0.30640292
lkeVfgI0eEk$_$3,1.0,-0.9417978
lkeVfgI0eEk$_$2,-1.3333333730697632,-0.37962896
lkeVfgI0eEk$_$5,-0.3333333432674408,-0.5836736
lkeVfgI0eEk$_$4,0.6666666865348816,1.5814593
lkeVfgI0eEk$_$7,-2.0,-0.81981516
lkeVfgI0eEk$_$9,-0.6666666865348816,-0.39676052
lkeVfgI0eEk$_$8,-1.6666666269302368,-0.7188586
lrjm6F3JJgg$_$5,1.3333333730697632,0.8059927
lwL4hjhkid4$_$1,0.0,0.36577308
lwL4hjhkid4$_$0,-1.6666666269302368,0.46539414
lwL4hjhkid4$_$3,2.0,0.50187624
lwL4hjhkid4$_$5,-1.3333333730697632,0.13458733
lwL4hjhkid4$_$6,0.3333333432674408,0.81179386
lxBKEPIUSgc$_$1,-0.3333333432674408,-0.6075688
lxBKEPIUSgc$_$2,-1.3333333730697632,-0.8336771
m-7yRWZLwLY$_$1,0.6666666865348816,0.58706886
m-7yRWZLwLY$_$0,0.0,0.25590885
m-7yRWZLwLY$_$3,1.0,0.77941984
m-7yRWZLwLY$_$2,-0.3333333432674408,-0.12803504
mRqqH_gx7Q0$_$0,1.3333333730697632,0.95485
mRqqH_gx7Q0$_$2,-0.3333333432674408,0.82311964
mVnqP-vLpuo$_$10,0.3333333432674408,0.19592148
mVnqP-vLpuo$_$1,1.0,0.54358685
mVnqP-vLpuo$_$0,0.6666666865348816,1.0456346
mVnqP-vLpuo$_$3,1.3333333730697632,0.33532315
mVnqP-vLpuo$_$2,0.6666666865348816,-0.18997028
mVnqP-vLpuo$_$5,1.3333333730697632,0.56172514
mVnqP-vLpuo$_$4,1.3333333730697632,0.59861565
mVnqP-vLpuo$_$7,0.6666666865348816,0.43196857
mVnqP-vLpuo$_$6,0.0,0.99232686
mVnqP-vLpuo$_$9,1.6666666269302368,0.52834547
mVnqP-vLpuo$_$8,1.6666666269302368,0.92808104
mZ_8em_-CGc$_$4,0.6666666865348816,0.33070213
mZ_8em_-CGc$_$7,0.6666666865348816,0.4681995
mfpR4CN9LZo$_$24,1.3333333730697632,0.5604725
mfpR4CN9LZo$_$20,0.0,1.2428914
mfpR4CN9LZo$_$23,0.6666666865348816,0.4420383
mfpR4CN9LZo$_$16,0.0,-0.054485083
mfpR4CN9LZo$_$0,0.0,-0.017169274
mfpR4CN9LZo$_$4,0.0,0.12160696
mgsvwAVQAQo$_$1,0.3333333432674408,0.23895817
mgsvwAVQAQo$_$0,-1.3333333730697632,-0.16659197
mgsvwAVQAQo$_$3,0.0,-0.95634013
mgsvwAVQAQo$_$5,2.0,1.5169553
mgsvwAVQAQo$_$4,0.3333333432674408,0.3519205
mmg_eTDHjkk$_$20,0.0,0.52661246
mmg_eTDHjkk$_$21,1.0,1.0730926
mmg_eTDHjkk$_$22,1.3333333730697632,0.8626136
mmg_eTDHjkk$_$1,2.0,1.0702343
mmg_eTDHjkk$_$0,0.3333333432674408,1.4003967
mmg_eTDHjkk$_$3,1.3333333730697632,0.70131224
mmg_eTDHjkk$_$2,1.3333333730697632,1.6768711
mmg_eTDHjkk$_$5,0.3333333432674408,0.3092816
mmg_eTDHjkk$_$4,1.0,1.619702
mmg_eTDHjkk$_$7,0.6666666865348816,0.28635603
mmg_eTDHjkk$_$6,0.0,0.69288075
mmg_eTDHjkk$_$9,1.0,0.59647924
mmg_eTDHjkk$_$8,0.6666666865348816,0.4616462
mmg_eTDHjkk$_$11,-0.3333333432674408,-0.94874644
mmg_eTDHjkk$_$10,0.6666666865348816,1.1716667
mmg_eTDHjkk$_$13,1.3333333730697632,0.5114325
mmg_eTDHjkk$_$12,0.0,0.28548133
mmg_eTDHjkk$_$15,1.0,0.52879894
mmg_eTDHjkk$_$14,0.0,0.93413556
mmg_eTDHjkk$_$17,-0.3333333432674408,0.48981023
mmg_eTDHjkk$_$16,0.3333333432674408,0.54371965
mmg_eTDHjkk$_$19,1.3333333730697632,0.9391834
mmg_eTDHjkk$_$18,0.3333333432674408,1.0543641
mzAu5gxjE-w$_$1,1.0,1.118189
mzAu5gxjE-w$_$0,0.3333333432674408,1.1056361
mzAu5gxjE-w$_$2,1.6666666269302368,1.7587496
mzAu5gxjE-w$_$5,0.6666666865348816,1.4170429
nFTo-Lz4Fr8$_$1,0.6666666865348816,1.1541119
nFTo-Lz4Fr8$_$3,1.0,0.6393988
nTZSH0EwpnY$_$13,1.3333333730697632,0.90679455
nTZSH0EwpnY$_$14,-0.6666666865348816,-0.8489024
nTZSH0EwpnY$_$17,1.0,0.9889716
nTZSH0EwpnY$_$0,0.3333333432674408,-0.0850108
nTZSH0EwpnY$_$2,0.6666666865348816,0.105611086
nTZSH0EwpnY$_$5,-0.3333333432674408,0.030765489
nTZSH0EwpnY$_$4,-1.3333333730697632,-0.2158917
nTZSH0EwpnY$_$7,0.3333333432674408,-0.0067174435
nTZSH0EwpnY$_$8,-0.6666666865348816,-0.7325653
nXWNHVZtV9A$_$5,0.0,0.71727914
nZFPKP9kBkw$_$1,0.3333333432674408,1.6099292
nZFPKP9kBkw$_$3,1.3333333730697632,1.5237076
nZFPKP9kBkw$_$2,0.0,0.95993495
nZFPKP9kBkw$_$4,0.0,1.4367964
nZFPKP9kBkw$_$7,0.3333333432674408,1.1851752
naZi9AusrW4$_$1,-0.3333333432674408,0.095256165
naZi9AusrW4$_$4,0.3333333432674408,0.13043843
namehdJxRIM$_$1,0.3333333432674408,0.3301301
namehdJxRIM$_$0,0.0,0.37690282
namehdJxRIM$_$2,0.0,0.17483221
namehdJxRIM$_$5,0.0,0.06601691
namehdJxRIM$_$4,0.3333333432674408,0.24352552
nbru7qLot04$_$10,0.0,0.24846514
nbru7qLot04$_$12,-0.6666666865348816,0.061896637
nbru7qLot04$_$15,0.3333333432674408,0.91831565
nbru7qLot04$_$16,1.0,0.1085196
nbru7qLot04$_$0,2.0,0.5171366
nbru7qLot04$_$3,0.0,0.8642331
nbru7qLot04$_$2,1.3333333730697632,1.6736187
nbru7qLot04$_$4,0.0,0.36919606
nbru7qLot04$_$7,0.0,-0.12951663
nbru7qLot04$_$6,0.6666666865348816,0.42592043
nbru7qLot04$_$9,0.0,0.117908105
nbru7qLot04$_$8,0.3333333432674408,0.099694714
o2XbNJDpOlc$_$11,0.0,-0.13539441
o2XbNJDpOlc$_$10,-0.3333333432674408,0.15767382
o2XbNJDpOlc$_$13,1.0,0.4446308
o2XbNJDpOlc$_$17,-0.6666666865348816,0.3982942
o2XbNJDpOlc$_$6,1.6666666269302368,0.3766569
o2XbNJDpOlc$_$9,0.6666666865348816,0.3208608
oBS-IW-BO00$_$9,0.0,1.6120944
oBS-IW-BO00$_$3,0.0,0.34806794
oBS-IW-BO00$_$2,0.0,0.40713745
oBS-IW-BO00$_$7,1.3333333730697632,0.79011863
oGFDE-6nd7Q$_$1,-0.3333333432674408,0.61297715
oGFDE-6nd7Q$_$0,0.6666666865348816,0.83320147
oGFDE-6nd7Q$_$3,0.6666666865348816,0.6586119
oGFDE-6nd7Q$_$2,0.0,0.33111018
oGFDE-6nd7Q$_$5,1.0,0.8047948
oGFDE-6nd7Q$_$6,-0.3333333432674408,-0.4797442
oH9fMma8jiQ$_$8,1.3333333730697632,1.3377634
oHff2W51wZ8$_$1,1.3333333730697632,1.2404538
oHff2W51wZ8$_$3,2.3333332538604736,0.77325845
oHff2W51wZ8$_$2,2.0,1.4244475
oHff2W51wZ8$_$5,2.6666667461395264,1.1508998
oHff2W51wZ8$_$4,1.3333333730697632,1.0155658
oHff2W51wZ8$_$7,0.6666666865348816,1.0644299
oHff2W51wZ8$_$6,0.6666666865348816,0.9030165
oPlnhc0DkcU$_$1,-0.3333333432674408,0.45972002
oPlnhc0DkcU$_$0,0.6666666865348816,0.6158855
oPlnhc0DkcU$_$3,0.3333333432674408,0.15307932
oPlnhc0DkcU$_$2,0.6666666865348816,0.8890865
oPlnhc0DkcU$_$4,1.6666666269302368,0.6699457
oQizLbmte0c$_$10,1.0,0.91245866
oQizLbmte0c$_$13,1.0,1.300874
oQizLbmte0c$_$12,0.6666666865348816,0.31403697
oQizLbmte0c$_$15,1.6666666269302368,2.1982825
oQizLbmte0c$_$14,1.0,1.0131124
oQizLbmte0c$_$1,1.6666666269302368,1.3130983
oQizLbmte0c$_$4,0.0,0.16222727
oZxMx8e0x2U$_$1,0.3333333432674408,-0.28938544
oZxMx8e0x2U$_$0,0.0,0.3312866
oZxMx8e0x2U$_$2,0.3333333432674408,-0.5515622
obGF3RfWQKE$_$24,0.0,0.44832546
obGF3RfWQKE$_$11,2.0,1.1101607
obGF3RfWQKE$_$26,0.6666666865348816,-0.088264145
obGF3RfWQKE$_$20,0.0,0.10540971
obGF3RfWQKE$_$21,1.6666666269302368,1.0833261
obGF3RfWQKE$_$23,0.3333333432674408,0.76474535
obGF3RfWQKE$_$33,1.3333333730697632,0.16349044
obGF3RfWQKE$_$31,0.3333333432674408,0.9758241
obGF3RfWQKE$_$30,2.3333332538604736,0.63324964
obGF3RfWQKE$_$3,1.3333333730697632,1.5981412
obGF3RfWQKE$_$16,-0.6666666865348816,-0.4822541
obGF3RfWQKE$_$4,2.0,0.6637578
obGF3RfWQKE$_$6,1.6666666269302368,0.6319833
obGF3RfWQKE$_$9,1.0,0.803295
obGF3RfWQKE$_$25,0.3333333432674408,0.24101828
ossKC1VrusE$_$0,1.0,0.5772377
ossKC1VrusE$_$3,0.6666666865348816,0.93585503
ossKC1VrusE$_$2,1.6666666269302368,0.97938144
ossKC1VrusE$_$5,0.3333333432674408,0.62095726
ozA7pRW4gFM$_$1,0.0,0.37973034
ozA7pRW4gFM$_$3,0.6666666865348816,0.2633893
ozA7pRW4gFM$_$2,0.0,-0.2593277
ozA7pRW4gFM$_$5,0.6666666865348816,0.5506194
ozA7pRW4gFM$_$4,0.0,0.3876201
ozA7pRW4gFM$_$7,0.0,-0.11162235
ozA7pRW4gFM$_$6,0.3333333432674408,0.32931787
ozA7pRW4gFM$_$9,0.3333333432674408,0.1284963
ozA7pRW4gFM$_$8,1.0,0.71302307
p1zqEGwRMI8$_$1,1.3333333730697632,1.0028034
p4WmcxrXkc4$_$1,1.0,2.1715908
p4WmcxrXkc4$_$0,0.3333333432674408,0.94191945
p4WmcxrXkc4$_$3,0.6666666865348816,1.5103265
p4WmcxrXkc4$_$4,2.0,1.3200551
p7zuPEZgtY4$_$10,-0.3333333432674408,-0.09384745
p7zuPEZgtY4$_$13,0.6666666865348816,1.2993528
p7zuPEZgtY4$_$15,-0.6666666865348816,0.26934713
p7zuPEZgtY4$_$16,0.6666666865348816,0.5320049
p7zuPEZgtY4$_$0,0.3333333432674408,0.13160469
p7zuPEZgtY4$_$2,0.3333333432674408,0.42783672
p7zuPEZgtY4$_$8,-0.3333333432674408,0.45502883
pDRdCSIyjkA$_$0,0.3333333432674408,0.75095814
pDRdCSIyjkA$_$3,0.6666666865348816,0.38102794
pDRdCSIyjkA$_$2,-0.3333333432674408,-0.044217397
pIaEcqnzI-s$_$10,0.3333333432674408,0.5323943
pIaEcqnzI-s$_$1,0.0,0.27823865
pIaEcqnzI-s$_$0,0.0,-0.116896495
pIaEcqnzI-s$_$3,0.3333333432674408,0.33744782
pIaEcqnzI-s$_$2,-0.6666666865348816,0.6824834
pIaEcqnzI-s$_$5,-0.3333333432674408,0.23650308
pIaEcqnzI-s$_$4,0.0,0.2660491
pIaEcqnzI-s$_$7,-0.3333333432674408,0.38123804
pIaEcqnzI-s$_$6,0.0,0.27407438
pIaEcqnzI-s$_$9,0.0,0.3607309
pIaEcqnzI-s$_$8,0.0,0.52641106
pQpy7RSfWzM$_$11,0.6666666865348816,0.70455706
pQpy7RSfWzM$_$10,-0.3333333432674408,0.74881065
pQpy7RSfWzM$_$13,2.0,1.477698
pQpy7RSfWzM$_$15,0.3333333432674408,0.858058
pQpy7RSfWzM$_$14,-1.3333333730697632,-0.054759473
pQpy7RSfWzM$_$16,0.0,0.4834566
pQpy7RSfWzM$_$19,0.3333333432674408,1.0911589
pQpy7RSfWzM$_$20,1.0,1.4158136
pQpy7RSfWzM$_$0,0.3333333432674408,1.9691812
pQpy7RSfWzM$_$3,0.3333333432674408,1.367434
pQpy7RSfWzM$_$5,0.6666666865348816,0.9435241
pQpy7RSfWzM$_$4,0.6666666865348816,1.0467459
pQpy7RSfWzM$_$9,1.0,1.5372156
pQpy7RSfWzM$_$8,0.0,0.4930461
pSxte-ms0t8$_$11,0.6666666865348816,0.8676317
pSxte-ms0t8$_$13,-1.3333333730697632,-0.44622618
pSxte-ms0t8$_$15,-1.6666666269302368,-0.35010654
pSxte-ms0t8$_$14,-0.6666666865348816,-0.19976076
pSxte-ms0t8$_$22,1.6666666269302368,0.5067877
pSxte-ms0t8$_$23,-0.3333333432674408,-0.17438276
pSxte-ms0t8$_$33,-0.3333333432674408,-0.04201045
pSxte-ms0t8$_$30,0.3333333432674408,-0.057025477
pSxte-ms0t8$_$35,1.0,0.40028495
pSxte-ms0t8$_$34,0.3333333432674408,-0.19587703
pSxte-ms0t8$_$1,0.0,0.55372596
pSxte-ms0t8$_$19,-0.6666666865348816,-0.4715848
pSxte-ms0t8$_$3,-0.6666666865348816,-0.008743718
pSxte-ms0t8$_$2,0.6666666865348816,0.1473111
pSxte-ms0t8$_$5,-1.6666666269302368,-0.34052008
pSxte-ms0t8$_$4,-1.6666666269302368,-0.7431274
pSxte-ms0t8$_$7,-2.0,-0.8455883
pSxte-ms0t8$_$6,1.0,0.5724554
pSxte-ms0t8$_$9,-2.0,-0.787775
pSxte-ms0t8$_$8,-1.6666666269302368,0.29421264
pSxte-ms0t8$_$20,-0.6666666865348816,-0.750191
pZye4zFzk3o$_$1,-1.3333333730697632,-0.42086226
pZye4zFzk3o$_$0,0.0,-0.034511305
pZye4zFzk3o$_$3,0.0,0.26811475
pZye4zFzk3o$_$2,-0.6666666865348816,0.5189018
pZye4zFzk3o$_$5,-0.6666666865348816,-0.4524151
pZye4zFzk3o$_$4,-0.3333333432674408,-0.31818372
pZye4zFzk3o$_$7,0.0,0.29864097
pZye4zFzk3o$_$6,0.0,0.13564168
pZye4zFzk3o$_$9,-1.0,0.023885064
pZye4zFzk3o$_$8,0.3333333432674408,-0.43726093
pnpFPX34Agk$_$0,1.6666666269302368,0.66670156
pnpFPX34Agk$_$3,0.3333333432674408,0.11652075
pnpFPX34Agk$_$2,0.3333333432674408,0.063188046
pnpFPX34Agk$_$5,1.0,0.13667637
pnpFPX34Agk$_$4,1.6666666269302368,0.6283012
pnpFPX34Agk$_$6,0.3333333432674408,0.46958458
pvIQWWiT4-0$_$0,2.0,1.2294916
q17gSr9kNww$_$21,1.3333333730697632,1.0429524
q17gSr9kNww$_$19,1.0,0.54088604
q17gSr9kNww$_$18,1.3333333730697632,0.3597616
q17gSr9kNww$_$1,1.6666666269302368,0.4252848
q17gSr9kNww$_$2,0.3333333432674408,0.49327874
q17gSr9kNww$_$5,-0.3333333432674408,-0.16806881
q17gSr9kNww$_$4,-0.3333333432674408,0.097356156
q5M1God4M6Y$_$11,0.0,0.16572353
q5M1God4M6Y$_$10,0.3333333432674408,0.15999933
q5M1God4M6Y$_$1,0.0,0.3981377
q5M1God4M6Y$_$0,0.0,-0.083236955
q5M1God4M6Y$_$3,-0.3333333432674408,0.003969319
q5M1God4M6Y$_$2,0.0,0.0025568604
q5M1God4M6Y$_$5,0.3333333432674408,0.61267614
q5M1God4M6Y$_$4,0.3333333432674408,1.1709381
q5M1God4M6Y$_$7,0.3333333432674408,0.44629663
q5M1God4M6Y$_$6,0.0,-0.1053046
q5M1God4M6Y$_$9,0.6666666865348816,0.42028058
q5M1God4M6Y$_$8,0.0,0.43559772
qAip3lZRj-g$_$1,0.0,0.50397265
qAip3lZRj-g$_$0,0.0,0.019056477
qAip3lZRj-g$_$2,0.0,0.15279932
qBanrqkzobg$_$0,2.3333332538604736,1.467204
qBanrqkzobg$_$2,0.6666666865348816,0.06795341
qBanrqkzobg$_$5,1.0,0.8361788
qBanrqkzobg$_$4,1.3333333730697632,0.98349416
qDfSYz0PX9g$_$1,1.6666666269302368,1.421301
qDfSYz0PX9g$_$0,-2.0,-0.76595557
qDfSYz0PX9g$_$3,2.0,0.37992877
qDfSYz0PX9g$_$2,1.6666666269302368,0.54715216
qDfSYz0PX9g$_$5,-0.6666666865348816,0.18039264
qDfSYz0PX9g$_$4,-0.6666666865348816,-0.025754593
qDfSYz0PX9g$_$7,0.6666666865348816,0.33714855
qDfSYz0PX9g$_$6,1.0,0.7455754
qDfSYz0PX9g$_$8,-0.6666666865348816,0.21389438
qEuJj4uW93E$_$1,0.0,0.498464
qEuJj4uW93E$_$0,-0.6666666865348816,-0.583081
qEuJj4uW93E$_$3,0.6666666865348816,1.2507035
qEuJj4uW93E$_$2,0.6666666865348816,0.9861773
qEuJj4uW93E$_$5,0.0,0.31316507
qEuJj4uW93E$_$4,1.0,0.48163474
qTkazqluJ_I$_$14,2.0,1.2884107
qTkazqluJ_I$_$3,2.3333332538604736,1.2343243
qTkazqluJ_I$_$2,1.0,0.68891287
qTkazqluJ_I$_$5,2.0,1.4766263
qTkazqluJ_I$_$9,1.0,0.55837846
qTkazqluJ_I$_$8,1.0,0.7150096
qgC8_emxSIU$_$10,0.0,0.7498833
qgC8_emxSIU$_$5,-0.3333333432674408,0.26194328
qgC8_emxSIU$_$6,0.0,0.1487551
qyqVc352g3Q$_$1,1.0,1.1034915
r46amqjpWgg$_$24,0.6666666865348816,0.22399478
r46amqjpWgg$_$25,1.6666666269302368,0.4939863
r46amqjpWgg$_$26,0.6666666865348816,1.1052593
r46amqjpWgg$_$27,1.0,-0.060562365
r46amqjpWgg$_$20,1.0,0.99003327
r46amqjpWgg$_$21,1.0,0.7471888
r46amqjpWgg$_$22,0.6666666865348816,0.7095807
r46amqjpWgg$_$23,0.6666666865348816,0.39613998
r46amqjpWgg$_$28,1.0,0.13094215
r46amqjpWgg$_$29,1.6666666269302368,0.49318594
r46amqjpWgg$_$1,0.3333333432674408,-0.7303268
r46amqjpWgg$_$0,2.0,0.11841117
r46amqjpWgg$_$3,0.3333333432674408,0.49665666
r46amqjpWgg$_$2,1.0,-0.29744613
r46amqjpWgg$_$5,1.0,0.086156994
r46amqjpWgg$_$4,1.3333333730697632,-0.2757601
r46amqjpWgg$_$7,1.6666666269302368,0.87894374
r46amqjpWgg$_$6,1.3333333730697632,0.8638116
r46amqjpWgg$_$9,1.0,0.41224796
r46amqjpWgg$_$8,1.3333333730697632,0.46789873
r46amqjpWgg$_$11,1.3333333730697632,0.6163146
r46amqjpWgg$_$10,2.0,0.8309587
r46amqjpWgg$_$13,1.3333333730697632,1.0164028
r46amqjpWgg$_$12,0.0,-0.29257286
r46amqjpWgg$_$15,0.0,0.31591982
r46amqjpWgg$_$14,1.6666666269302368,0.2480409
r46amqjpWgg$_$17,1.3333333730697632,0.18152924
r46amqjpWgg$_$16,1.0,1.1977493
r46amqjpWgg$_$19,1.3333333730697632,0.7022176
r46amqjpWgg$_$18,0.3333333432674408,1.0054806
r46amqjpWgg$_$31,1.3333333730697632,1.6393245
r46amqjpWgg$_$30,2.6666667461395264,1.0663444
r46amqjpWgg$_$32,1.0,1.6889143
rC29Qub0U7A$_$11,0.0,0.5023884
rC29Qub0U7A$_$10,-0.6666666865348816,0.41645116
rC29Qub0U7A$_$0,0.3333333432674408,0.44700712
rC29Qub0U7A$_$3,0.6666666865348816,0.38866252
rC29Qub0U7A$_$5,1.0,0.6460444
rC29Qub0U7A$_$4,0.3333333432674408,0.58610076
rC29Qub0U7A$_$6,1.0,0.8875538
rC29Qub0U7A$_$9,-0.6666666865348816,0.39371318
rC29Qub0U7A$_$8,0.0,0.53019834
rcfnqiD0y8o$_$11,-1.0,0.07911309
rcfnqiD0y8o$_$10,0.3333333432674408,-0.323632
rcfnqiD0y8o$_$1,0.3333333432674408,0.36284906
rcfnqiD0y8o$_$0,1.6666666269302368,1.5955955
rcfnqiD0y8o$_$3,0.0,0.050263166
rcfnqiD0y8o$_$2,0.0,0.10585721
rcfnqiD0y8o$_$4,0.0,0.13315137
rcfnqiD0y8o$_$7,1.0,0.7922387
rcfnqiD0y8o$_$6,0.3333333432674408,0.31169295
rcfnqiD0y8o$_$9,-0.6666666865348816,0.30375797
rcfnqiD0y8o$_$8,0.6666666865348816,-0.37913603
rePYTlT5_AY$_$0,-0.3333333432674408,0.51643634
rePYTlT5_AY$_$2,0.0,0.6207856
rhQB8e999-Q$_$10,1.0,0.6320933
rhQB8e999-Q$_$13,1.0,1.0902771
rhQB8e999-Q$_$21,2.0,2.0023596
rhQB8e999-Q$_$19,2.0,1.0562555
rhQB8e999-Q$_$18,1.0,1.775575
rhQB8e999-Q$_$1,1.3333333730697632,0.25764525
rhQB8e999-Q$_$0,0.6666666865348816,1.1523376
rhQB8e999-Q$_$5,0.0,0.8045448
rhQB8e999-Q$_$4,0.6666666865348816,0.58061147
rhQB8e999-Q$_$7,0.6666666865348816,1.017234
rhQB8e999-Q$_$9,2.3333332538604736,1.2629231
rhQB8e999-Q$_$8,0.0,0.54541844
ryE9VBiR3p8$_$3,0.3333333432674408,-0.21597221
sIusv36VoBY$_$2,1.3333333730697632,0.9854702
sfaWfZ2-4c0$_$1,-2.3333332538604736,-0.3151906
sfaWfZ2-4c0$_$2,-2.3333332538604736,-0.06260888
sfaWfZ2-4c0$_$4,-0.3333333432674408,0.4611541
skRqBxLLJkE$_$1,1.0,1.4448179
skRqBxLLJkE$_$0,1.0,1.1253611
svsbGQn389o$_$8,-1.3333333730697632,-0.40987206
svsbGQn389o$_$6,1.0,1.041391
tC2KicUHB9Q$_$10,1.0,0.30916953
tC2KicUHB9Q$_$1,-1.0,-0.14609246
tC2KicUHB9Q$_$3,0.3333333432674408,0.4166997
tC2KicUHB9Q$_$2,0.3333333432674408,0.91607726
tC2KicUHB9Q$_$5,0.3333333432674408,0.23448588
tC2KicUHB9Q$_$4,0.0,0.687484
tC2KicUHB9Q$_$7,-0.3333333432674408,0.11994539
tC2KicUHB9Q$_$6,-0.3333333432674408,0.5580952
tC2KicUHB9Q$_$8,1.3333333730697632,0.71890724
tNd3--lvSXE$_$1,0.0,0.4264781
tNd3--lvSXE$_$0,2.0,0.7558744
tNd3--lvSXE$_$3,0.0,-0.44683284
tNd3--lvSXE$_$2,-1.3333333730697632,-0.55430686
tNd3--lvSXE$_$5,1.6666666269302368,0.7699683
tNd3--lvSXE$_$4,0.6666666865348816,1.13679
tNd3--lvSXE$_$6,0.6666666865348816,0.08690712
tO68uTk-T_E$_$1,1.0,1.1445354
tO68uTk-T_E$_$9,0.6666666865348816,0.29212016
tO68uTk-T_E$_$7,1.0,0.5002247
tO68uTk-T_E$_$10,1.3333333730697632,0.6128539
tW5xAWDnbGU$_$1,0.6666666865348816,-1.2258931
tW5xAWDnbGU$_$0,0.3333333432674408,0.21917583
tW5xAWDnbGU$_$7,-2.3333332538604736,-1.196968
tZDNinnrGf8$_$0,0.3333333432674408,-0.6807263
tZDNinnrGf8$_$2,0.6666666865348816,0.5625105
tZDNinnrGf8$_$5,0.3333333432674408,0.28823888
tZDNinnrGf8$_$4,-0.3333333432674408,0.055952758
teQqaAmqqx0$_$0,0.0,0.7404191
teQqaAmqqx0$_$3,0.0,0.5263319
tnWmVXZ87h0$_$10,0.0,-0.11098552
tnWmVXZ87h0$_$12,2.0,1.3456341
tnWmVXZ87h0$_$14,1.6666666269302368,1.0304896
tnWmVXZ87h0$_$1,0.6666666865348816,0.89277244
tnWmVXZ87h0$_$0,2.0,0.7115111
tnWmVXZ87h0$_$3,1.6666666269302368,0.7264808
tnWmVXZ87h0$_$7,2.0,0.45070064
tnWmVXZ87h0$_$9,2.0,0.7911103
ttfaZ8IIWCo$_$1,0.3333333432674408,0.4202158
ttfaZ8IIWCo$_$0,-0.6666666865348816,-0.010988094
ttfaZ8IIWCo$_$3,1.3333333730697632,0.2572757
ttfaZ8IIWCo$_$2,2.3333332538604736,0.98475766
ttfaZ8IIWCo$_$5,2.3333332538604736,0.72138745
ttfaZ8IIWCo$_$4,2.3333332538604736,1.099924
ttfaZ8IIWCo$_$7,2.0,1.0219072
ttfaZ8IIWCo$_$6,1.0,0.64573246
ttfaZ8IIWCo$_$9,2.6666667461395264,1.3241448
tymso_pAxhk$_$1,0.6666666865348816,0.32841802
tymso_pAxhk$_$18,-0.3333333432674408,0.11791526
tymso_pAxhk$_$12,-1.0,0.54500973
tymso_pAxhk$_$15,0.0,0.2639051
tymso_pAxhk$_$17,0.3333333432674408,0.6221497
u9I5WD3Nglk$_$6,0.3333333432674408,0.2576337
u9ZV8jb_-U0$_$0,-1.6666666269302368,-0.2781363
u9ZV8jb_-U0$_$5,-0.3333333432674408,-0.07900801
uVM4JWjfGgQ$_$11,1.3333333730697632,1.3331847
uVM4JWjfGgQ$_$0,0.6666666865348816,0.88768685
uVM4JWjfGgQ$_$5,1.6666666269302368,0.8091915
um8WVjZMLUc$_$1,0.0,-0.5580527
um8WVjZMLUc$_$0,0.0,-0.62324893
unOeTDc2rlY$_$15,0.6666666865348816,0.7896731
unOeTDc2rlY$_$27,1.0,0.44185638
unOeTDc2rlY$_$20,1.0,0.74093515
unOeTDc2rlY$_$21,-0.3333333432674408,0.7035897
unOeTDc2rlY$_$23,0.6666666865348816,0.5791768
unOeTDc2rlY$_$33,2.6666667461395264,2.1099463
unOeTDc2rlY$_$31,1.0,0.1355034
unOeTDc2rlY$_$30,0.6666666865348816,0.3237959
unOeTDc2rlY$_$28,0.6666666865348816,0.36796892
unOeTDc2rlY$_$29,-0.3333333432674408,0.5147077
unOeTDc2rlY$_$35,0.6666666865348816,0.7321969
unOeTDc2rlY$_$36,2.0,1.5869728
unOeTDc2rlY$_$1,0.3333333432674408,0.33346558
unOeTDc2rlY$_$0,0.6666666865348816,0.8433353
unOeTDc2rlY$_$2,0.6666666865348816,0.711523
unOeTDc2rlY$_$5,1.6666666269302368,0.58083653
unOeTDc2rlY$_$4,1.0,1.1600332
unOeTDc2rlY$_$8,0.0,0.35912108
unOeTDc2rlY$_$12,0.3333333432674408,0.99419546
unOeTDc2rlY$_$14,0.6666666865348816,0.8517122
uogwnZGb-iE$_$24,1.3333333730697632,1.7236084
uogwnZGb-iE$_$25,1.6666666269302368,1.2407418
uogwnZGb-iE$_$26,2.0,1.4016149
uogwnZGb-iE$_$27,2.6666667461395264,1.6567117
uogwnZGb-iE$_$20,1.6666666269302368,2.0237565
uogwnZGb-iE$_$21,0.3333333432674408,0.68946356
uogwnZGb-iE$_$22,2.0,2.1798255
uogwnZGb-iE$_$16,2.6666667461395264,1.9001287
uogwnZGb-iE$_$19,1.6666666269302368,2.0045404
uogwnZGb-iE$_$32,3.0,1.2939453
uogwnZGb-iE$_$28,2.3333332538604736,2.0400217
uogwnZGb-iE$_$13,2.3333332538604736,1.78539
uogwnZGb-iE$_$2,1.3333333730697632,1.312127
uogwnZGb-iE$_$5,0.0,-0.2941041
uogwnZGb-iE$_$4,-0.3333333432674408,-0.30107868
uogwnZGb-iE$_$6,1.0,1.6979563
ussfmzwftQ8$_$1,1.6666666269302368,2.1044672
ussfmzwftQ8$_$3,1.3333333730697632,1.6184322
vB_kZocHtYo$_$8,0.0,0.038548976
vGkIaClHKDg$_$10,0.3333333432674408,0.6032433
vGkIaClHKDg$_$12,1.6666666269302368,0.35600638
vGkIaClHKDg$_$15,2.3333332538604736,1.5198716
vGkIaClHKDg$_$14,0.6666666865348816,0.7569591
vGkIaClHKDg$_$16,2.0,1.080641
vGkIaClHKDg$_$18,0.3333333432674408,0.9782735
vGkIaClHKDg$_$5,0.6666666865348816,1.1485538
vGkIaClHKDg$_$7,0.0,-0.24650337
vGkIaClHKDg$_$6,1.3333333730697632,1.4994651
vGkIaClHKDg$_$9,1.0,1.4688579
vGkIaClHKDg$_$8,1.0,1.0724751
vGxqVh_kJdo$_$1,0.3333333432674408,0.83882475
vGxqVh_kJdo$_$0,0.0,0.3893757
vI5JH0daNsM$_$3,1.0,0.5440154
vI5JH0daNsM$_$2,-0.6666666865348816,-0.04625237
vJDDEuE-FlY$_$2,-0.3333333432674408,-0.0659438
vJDDEuE-FlY$_$6,0.3333333432674408,0.54224956
vR90Pdx9wxs$_$1,0.6666666865348816,0.7342537
vR90Pdx9wxs$_$0,-0.3333333432674408,-0.036799714
vR90Pdx9wxs$_$3,0.3333333432674408,0.6460192
vR90Pdx9wxs$_$2,1.3333333730697632,0.27696073
vR90Pdx9wxs$_$5,-0.3333333432674408,0.7770653
vR90Pdx9wxs$_$4,1.3333333730697632,0.43904626
vR90Pdx9wxs$_$7,1.3333333730697632,1.1395004
vTAV6FThy30$_$1,0.0,0.79070616
vTAV6FThy30$_$0,1.3333333730697632,0.87553513
vTAV6FThy30$_$2,2.3333332538604736,1.1667935
vTAV6FThy30$_$4,0.6666666865348816,0.7926237
vTAV6FThy30$_$7,0.6666666865348816,0.2137024
vTAV6FThy30$_$6,1.3333333730697632,0.6040209
vTAV6FThy30$_$9,2.0,1.1450206
v_8QeoNc4QY$_$1,0.0,0.16508155
v_8QeoNc4QY$_$2,-0.6666666865348816,-0.14602384
v_8QeoNc4QY$_$5,0.3333333432674408,-0.01818055
v_8QeoNc4QY$_$4,-0.3333333432674408,-0.30071634
v_8QeoNc4QY$_$7,1.0,0.28061414
veA6ECsGFxI$_$0,0.6666666865348816,1.067688
veA6ECsGFxI$_$3,0.0,0.60655373
wC_1M7KIv9s$_$24,0.0,0.23158558
wC_1M7KIv9s$_$10,-0.3333333432674408,0.0063494593
wC_1M7KIv9s$_$13,0.3333333432674408,0.020399608
wC_1M7KIv9s$_$12,0.3333333432674408,0.315035
wC_1M7KIv9s$_$14,0.6666666865348816,0.5848763
wC_1M7KIv9s$_$17,0.3333333432674408,0.14005215
wC_1M7KIv9s$_$23,0.0,-0.07637085
wC_1M7KIv9s$_$19,0.6666666865348816,0.58443105
wC_1M7KIv9s$_$18,0.3333333432674408,1.0317308
wC_1M7KIv9s$_$28,1.6666666269302368,1.4205022
wC_1M7KIv9s$_$1,0.6666666865348816,0.124070734
wC_1M7KIv9s$_$0,1.0,0.30055606
wC_1M7KIv9s$_$3,0.6666666865348816,0.27219576
wC_1M7KIv9s$_$11,-0.3333333432674408,0.2660697
wC_1M7KIv9s$_$5,0.0,0.17427829
wC_1M7KIv9s$_$25,2.0,0.48010707
wC_1M7KIv9s$_$6,1.6666666269302368,0.24646915
wC_1M7KIv9s$_$9,0.0,0.38526136
wC_1M7KIv9s$_$8,1.0,0.5543691
wC_1M7KIv9s$_$21,-0.3333333432674408,0.049502127
wHeZHLv9wGI$_$12,-0.6666666865348816,0.031106122
wO8fUOC4OSE$_$0,-1.0,-0.7413377
wO8fUOC4OSE$_$5,-1.3333333730697632,-0.8953119
wd8VQ5E7o7o$_$3,1.6666666269302368,1.0287284
wd8VQ5E7o7o$_$2,1.3333333730697632,0.86994994
wk5lFk5kFjY$_$3,1.0,0.8250156
wnL3ld9bM2o$_$25,2.0,0.1244452
wnL3ld9bM2o$_$20,2.3333332538604736,0.7038446
wnL3ld9bM2o$_$21,0.3333333432674408,-0.4237265
wnL3ld9bM2o$_$22,0.3333333432674408,0.38730723
wnL3ld9bM2o$_$23,1.3333333730697632,-0.42689073
wnL3ld9bM2o$_$1,0.6666666865348816,1.0710536
wnL3ld9bM2o$_$0,0.6666666865348816,0.352229
wnL3ld9bM2o$_$3,1.3333333730697632,0.56613755
wnL3ld9bM2o$_$2,0.3333333432674408,0.046925507
wnL3ld9bM2o$_$5,0.6666666865348816,0.26735824
wnL3ld9bM2o$_$4,0.3333333432674408,1.1099659
wnL3ld9bM2o$_$9,1.0,0.7664658
wnL3ld9bM2o$_$11,1.0,0.95985156
wnL3ld9bM2o$_$10,0.0,0.8795722
wnL3ld9bM2o$_$13,0.3333333432674408,0.890272
wnL3ld9bM2o$_$12,0.6666666865348816,0.67946047
wnL3ld9bM2o$_$15,0.0,0.034353822
wnL3ld9bM2o$_$14,0.0,0.15189986
wnL3ld9bM2o$_$17,2.0,1.4631772
wnL3ld9bM2o$_$16,1.0,0.6207816
wnL3ld9bM2o$_$19,1.6666666269302368,0.09873442
wnL3ld9bM2o$_$18,1.6666666269302368,1.0428052
wznRBN1fWj4$_$10,-0.3333333432674408,0.28456265
wznRBN1fWj4$_$0,0.0,-0.12311913
wznRBN1fWj4$_$2,-0.3333333432674408,-0.0032997876
wznRBN1fWj4$_$5,0.0,0.29970467
wznRBN1fWj4$_$7,-1.3333333730697632,-0.49114954
wznRBN1fWj4$_$6,0.0,0.4100632
wznRBN1fWj4$_$9,1.6666666269302368,0.28782797
x0rLwBIocuI$_$12,0.3333333432674408,0.3714158
x0rLwBIocuI$_$4,0.0,-0.13672045
x0rLwBIocuI$_$7,-0.6666666865348816,-0.9157215
x266rUJQC_8$_$10,-0.6666666865348816,-0.27787727
x266rUJQC_8$_$12,0.6666666865348816,0.43586743
x266rUJQC_8$_$2,-0.6666666865348816,-0.6587138
x266rUJQC_8$_$5,-1.6666666269302368,-0.9670857
x266rUJQC_8$_$0,0.3333333432674408,0.35039735
x2n19Cn96aw$_$9,0.0,0.47596002
x2n19Cn96aw$_$4,-0.3333333432674408,0.2934137
x8UZQkN52o4$_$11,-1.3333333730697632,-0.17995217
x8UZQkN52o4$_$10,-0.3333333432674408,-0.8368516
x8UZQkN52o4$_$12,0.0,-0.03478116
x8UZQkN52o4$_$3,-0.3333333432674408,0.2903129
x8UZQkN52o4$_$2,-1.3333333730697632,-0.083570704
x8UZQkN52o4$_$5,0.0,0.107794166
x8UZQkN52o4$_$6,0.6666666865348816,-0.31378233
x8UZQkN52o4$_$9,0.3333333432674408,0.17002715
xBE9YWYGjtk$_$1,0.3333333432674408,0.47638625
xBE9YWYGjtk$_$0,2.3333332538604736,0.95747066
xBE9YWYGjtk$_$3,1.6666666269302368,0.8217757
xBE9YWYGjtk$_$2,1.3333333730697632,0.9936122
xBE9YWYGjtk$_$5,1.6666666269302368,0.8245708
xBE9YWYGjtk$_$4,1.6666666269302368,0.30070752
xBE9YWYGjtk$_$7,2.0,1.1146158
xBE9YWYGjtk$_$6,1.6666666269302368,0.49096358
xBE9YWYGjtk$_$9,1.6666666269302368,1.4000902
xBE9YWYGjtk$_$8,1.3333333730697632,0.24967305
xSCvspXYU9k$_$20,-1.6666666269302368,-0.49123406
xSCvspXYU9k$_$14,-1.6666666269302368,-0.4716614
xSCvspXYU9k$_$19,-1.0,-0.30557442
xSCvspXYU9k$_$18,-1.3333333730697632,-0.92671496
xSCvspXYU9k$_$0,1.0,0.62150073
xSCvspXYU9k$_$5,-1.0,-0.6944798
xSCvspXYU9k$_$7,0.0,0.8903358
xSCvspXYU9k$_$8,0.0,0.2554487
xU3N7ujUB-g$_$1,-0.3333333432674408,0.17537516
xU3N7ujUB-g$_$3,0.6666666865348816,0.7675575
xU3N7ujUB-g$_$2,2.0,0.8829183
xU3N7ujUB-g$_$4,0.0,0.6833868
xXXcgb9eZ9Y$_$1,0.0,0.13498542
xXXcgb9eZ9Y$_$3,0.0,-0.12389283
xXXcgb9eZ9Y$_$2,0.0,0.8822623
xXXcgb9eZ9Y$_$4,-0.3333333432674408,0.611314
xXXcgb9eZ9Y$_$7,-0.3333333432674408,-0.045376502
xXXcgb9eZ9Y$_$6,0.0,-0.07908876
xXXcgb9eZ9Y$_$8,0.3333333432674408,0.082409054
xkEK17UUyi4$_$0,0.0,0.83013177
xmLJHru6Z1M$_$12,1.0,0.18130115
xmLJHru6Z1M$_$14,1.0,-0.08925586
xmLJHru6Z1M$_$5,0.6666666865348816,0.34107363
xmLJHru6Z1M$_$6,0.0,0.46632433
xmLJHru6Z1M$_$9,0.0,0.1603878
xmLJHru6Z1M$_$8,0.3333333432674408,0.3674289
xobMRm5Vs44$_$1,0.0,1.2181927
xwvSYhQrHoA$_$0,0.0,0.50533366
xwvSYhQrHoA$_$4,0.0,0.86411786
y3r2kk8zvl0$_$11,-0.5,-0.098728806
y3r2kk8zvl0$_$10,0.0,0.039577037
y3r2kk8zvl0$_$13,0.1666666716337204,0.4177574
y3r2kk8zvl0$_$12,0.0,-0.36899638
y3r2kk8zvl0$_$1,0.8333333134651184,0.8120363
y3r2kk8zvl0$_$0,0.5,0.9305666
y3r2kk8zvl0$_$3,0.3333333432674408,0.87088466
y3r2kk8zvl0$_$2,0.6666666865348816,0.40865737
y3r2kk8zvl0$_$5,0.6666666865348816,0.37268472
y3r2kk8zvl0$_$4,0.0,0.65999514
y3r2kk8zvl0$_$7,-0.5,-0.33014512
y3r2kk8zvl0$_$6,0.3333333432674408,0.112466976
y3r2kk8zvl0$_$9,-0.6666666865348816,0.4753394
y3r2kk8zvl0$_$8,0.3333333432674408,0.72234154
y5Jpf48SUX8$_$1,0.6666666865348816,0.6182271
y5Jpf48SUX8$_$7,0.6666666865348816,0.56216526
yBtMwyQFXwA$_$11,0.6666666865348816,1.1647432
yBtMwyQFXwA$_$10,0.0,0.8003664
yBtMwyQFXwA$_$0,0.6666666865348816,1.3121446
yBtMwyQFXwA$_$3,0.6666666865348816,0.47411412
yBtMwyQFXwA$_$4,0.6666666865348816,0.5080944
yBtMwyQFXwA$_$7,1.6666666269302368,0.6861489
yBtMwyQFXwA$_$6,0.6666666865348816,1.191131
yBtMwyQFXwA$_$8,1.0,0.66957974
yCpHmPSshKY$_$1,1.6666666269302368,0.4999255
yCpHmPSshKY$_$0,0.6666666865348816,0.2773953
yCpHmPSshKY$_$3,1.0,0.06446653
yCpHmPSshKY$_$2,-0.6666666865348816,-0.116195865
yLo-Jl8nBXU$_$11,0.6666666865348816,1.0384732
yLo-Jl8nBXU$_$13,1.0,0.6373205
yLo-Jl8nBXU$_$0,0.0,-0.28184405
yLo-Jl8nBXU$_$7,1.6666666269302368,0.9696089
yLo-Jl8nBXU$_$6,1.3333333730697632,1.2169362
yLo-Jl8nBXU$_$9,-0.3333333432674408,0.79729265
yLo-Jl8nBXU$_$8,0.0,0.044651136
ySblgk7T7eQ$_$11,-0.3333333432674408,0.37275332
ySblgk7T7eQ$_$10,-0.3333333432674408,-0.27350384
ySblgk7T7eQ$_$13,0.0,0.14056142
ySblgk7T7eQ$_$12,-0.3333333432674408,0.044905737
ySblgk7T7eQ$_$14,0.6666666865348816,-0.16388105
ySblgk7T7eQ$_$1,0.3333333432674408,0.5975392
ySblgk7T7eQ$_$0,1.0,1.8504139
ySblgk7T7eQ$_$3,-1.3333333730697632,0.83833194
ySblgk7T7eQ$_$2,0.0,-0.033651873
ySblgk7T7eQ$_$5,0.0,0.082238674
ySblgk7T7eQ$_$4,0.6666666865348816,0.6987138
ySblgk7T7eQ$_$7,-0.3333333432674408,-1.501783
ySblgk7T7eQ$_$6,-0.6666666865348816,-0.3925314
ySblgk7T7eQ$_$9,1.0,-0.04912798
ySblgk7T7eQ$_$8,0.0,0.24895735
yUqNp-poh9M$_$11,-0.3333333432674408,0.16142441
yUqNp-poh9M$_$10,0.6666666865348816,0.82834786
yUqNp-poh9M$_$13,0.0,0.3437531
yUqNp-poh9M$_$12,0.0,0.9304544
yUqNp-poh9M$_$15,1.6666666269302368,1.1113303
yUqNp-poh9M$_$14,0.6666666865348816,0.35448003
yUqNp-poh9M$_$1,1.0,0.062129505
yUqNp-poh9M$_$0,-0.6666666865348816,-0.102473244
yUqNp-poh9M$_$3,-0.3333333432674408,-0.029248565
yUqNp-poh9M$_$2,-0.3333333432674408,-0.1301216
yUqNp-poh9M$_$5,0.0,-0.1129479
yUqNp-poh9M$_$4,-0.3333333432674408,-0.20540074
yUqNp-poh9M$_$7,0.0,0.48701036
yUqNp-poh9M$_$6,0.0,-0.170646
yUqNp-poh9M$_$9,0.0,-0.3070711
yUqNp-poh9M$_$8,0.0,-0.06271899
yXE_XZUb8qE$_$12,0.0,0.3144861
yXE_XZUb8qE$_$4,-0.6666666865348816,-0.047599524
yXE_XZUb8qE$_$6,0.0,0.07094227
ybK5wRaaUyE$_$13,1.0,0.6683519
ybK5wRaaUyE$_$19,-1.3333333730697632,0.042450055
ybK5wRaaUyE$_$18,-0.6666666865348816,0.023089156
ybK5wRaaUyE$_$0,-1.6666666269302368,-0.3343389
ybK5wRaaUyE$_$3,-1.6666666269302368,-0.069302335
ybK5wRaaUyE$_$2,-0.3333333432674408,-0.035478845
ydzNAuqUAnc$_$1,0.6666666865348816,-0.08504294
ydzNAuqUAnc$_$0,-0.3333333432674408,-0.3120653
ydzNAuqUAnc$_$2,-0.6666666865348816,0.84944487
ydzNAuqUAnc$_$6,-1.0,0.545519
yoDMh8FlHR8$_$0,1.6666666269302368,0.52405846
yoDMh8FlHR8$_$4,-0.3333333432674408,0.36165392
yzCHa2qchpg$_$1,-2.0,0.67200685
yzCHa2qchpg$_$0,0.3333333432674408,0.5612457
yzCHa2qchpg$_$2,1.3333333730697632,1.2262684
z0y1ZxH1f74$_$10,-0.6666666865348816,-0.29756892
z0y1ZxH1f74$_$14,-0.6666666865348816,-0.0023496076
z0y1ZxH1f74$_$3,-0.6666666865348816,-0.7282665
z0y1ZxH1f74$_$2,-1.0,-0.60867065
z0y1ZxH1f74$_$5,-0.6666666865348816,-0.4597757
z0y1ZxH1f74$_$7,-1.3333333730697632,-0.4648975
z0y1ZxH1f74$_$6,-1.3333333730697632,-0.7180158
z441aDJvAcU$_$24,1.0,0.71777487
z441aDJvAcU$_$25,1.6666666269302368,1.3506839
z441aDJvAcU$_$13,-1.0,0.16860278
z441aDJvAcU$_$12,0.0,0.15555206
z441aDJvAcU$_$20,1.0,0.99556935
z441aDJvAcU$_$21,0.3333333432674408,0.93060046
z441aDJvAcU$_$22,0.0,-0.37129796
z441aDJvAcU$_$23,1.3333333730697632,1.394434
z441aDJvAcU$_$19,1.6666666269302368,0.8437998
z441aDJvAcU$_$1,0.0,0.8731082
z441aDJvAcU$_$5,0.3333333432674408,0.80601346
z441aDJvAcU$_$4,0.0,0.7995351
z441aDJvAcU$_$6,1.3333333730697632,1.1561286
z441aDJvAcU$_$8,0.3333333432674408,0.584783
zfZUOvZZTuk$_$11,-0.6666666865348816,0.2166657
zfZUOvZZTuk$_$10,0.0,-0.054865673
zfZUOvZZTuk$_$13,0.0,-0.06484878
zfZUOvZZTuk$_$12,-1.0,-0.3627789
zfZUOvZZTuk$_$15,0.0,0.3276676
zfZUOvZZTuk$_$14,0.0,-0.3357818
zfZUOvZZTuk$_$17,0.6666666865348816,0.57437545
zfZUOvZZTuk$_$16,0.0,-0.016222417
zfZUOvZZTuk$_$18,0.0,0.60982615
zfZUOvZZTuk$_$1,0.0,0.22425403
zfZUOvZZTuk$_$0,0.0,0.24915786
zfZUOvZZTuk$_$3,-1.0,-0.34839922
zfZUOvZZTuk$_$2,0.0,0.11012748
zfZUOvZZTuk$_$5,-0.3333333432674408,-0.43776864
zfZUOvZZTuk$_$4,0.0,0.03370163
zfZUOvZZTuk$_$7,1.0,-0.2150374
zfZUOvZZTuk$_$6,-0.6666666865348816,-0.24591723
zfZUOvZZTuk$_$9,0.0,0.13707255
zfZUOvZZTuk$_$20,-0.3333333432674408,0.82858264
zfZUOvZZTuk$_$8,0.0,0.2978047
zhNksSReaQk$_$42,1.0,0.8659601
zhNksSReaQk$_$43,1.3333333730697632,1.5781153
zhNksSReaQk$_$24,-0.6666666865348816,0.3173862
zhNksSReaQk$_$25,0.0,0.12637947
zhNksSReaQk$_$26,0.0,-0.15596297
zhNksSReaQk$_$27,0.0,0.17647953
zhNksSReaQk$_$20,0.0,0.38313425
zhNksSReaQk$_$21,-0.6666666865348816,-0.06420211
zhNksSReaQk$_$22,0.0,0.3629114
zhNksSReaQk$_$23,0.3333333432674408,-0.3018664
zhNksSReaQk$_$46,0.6666666865348816,1.7462772
zhNksSReaQk$_$44,-1.0,1.4210807
zhNksSReaQk$_$45,-0.3333333432674408,1.2310869
zhNksSReaQk$_$28,-1.0,-0.010007575
zhNksSReaQk$_$29,-2.0,-1.7585363
zhNksSReaQk$_$40,1.6666666269302368,0.67901075
zhNksSReaQk$_$41,-0.3333333432674408,0.7855799
zhNksSReaQk$_$1,0.0,0.72133106
zhNksSReaQk$_$3,0.3333333432674408,1.5702568
zhNksSReaQk$_$2,0.0,0.12713076
zhNksSReaQk$_$5,0.0,0.90858
zhNksSReaQk$_$4,-0.3333333432674408,-0.4327771
zhNksSReaQk$_$7,0.0,-0.40614742
zhNksSReaQk$_$6,0.0,-0.84651613
zhNksSReaQk$_$9,0.3333333432674408,0.8471458
zhNksSReaQk$_$8,0.0,0.18207744
zhNksSReaQk$_$10,0.0,0.81779706
zhNksSReaQk$_$39,-1.3333333730697632,-0.3064735
zhNksSReaQk$_$12,0.3333333432674408,0.47656202
zhNksSReaQk$_$15,0.0,0.443797
zhNksSReaQk$_$14,1.0,0.044066615
zhNksSReaQk$_$17,-0.3333333432674408,-0.099355035
zhNksSReaQk$_$19,-0.3333333432674408,0.20742689
zhNksSReaQk$_$18,0.0,0.9875375
zhNksSReaQk$_$31,0.0,0.3732794
zhNksSReaQk$_$30,-0.6666666865348816,-0.20173778
zhNksSReaQk$_$37,0.0,0.06910205
zhNksSReaQk$_$36,0.0,-0.22444257
zhNksSReaQk$_$35,0.0,0.2984271
zhNksSReaQk$_$34,-2.0,-0.5032601
zhNksSReaQk$_$33,0.0,1.1377925
zvZd3V5D5Ik$_$3,1.0,1.5281225
zvZd3V5D5Ik$_$2,1.6666666269302368,1.0413264
