segment_id,true_label,prediction
-6rXp3zJ3kc$_$9,0.3333333432674408,0.30684325
-6rXp3zJ3kc$_$8,-1.0,-0.4771743
-6rXp3zJ3kc$_$3,0.0,0.29567754
-9y-fZ3swSY$_$1,1.3333333730697632,1.0177087
-9y-fZ3swSY$_$0,1.0,1.5247386
-9y-fZ3swSY$_$3,1.3333333730697632,0.16215527
-9y-fZ3swSY$_$2,0.3333333432674408,-0.20847918
-9y-fZ3swSY$_$4,0.0,0.2816575
-9y-fZ3swSY$_$7,0.3333333432674408,0.58476925
-9y-fZ3swSY$_$6,-0.3333333432674408,0.44878444
-9y-fZ3swSY$_$8,1.6666666269302368,0.26488698
-HeZS2-Prhc$_$1,1.3333333730697632,0.8430234
-HeZS2-Prhc$_$8,-0.6666666865348816,-0.3409702
-HeZS2-Prhc$_$2,0.6666666865348816,0.43451282
-HeZS2-Prhc$_$5,1.0,0.58589226
-MeTTeMJBNc$_$0,0.3333333432674408,0.7742254
-MeTTeMJBNc$_$13,0.3333333432674408,0.62109727
-MeTTeMJBNc$_$2,0.0,1.3244777
-MeTTeMJBNc$_$7,1.3333333730697632,0.5358019
-RfYyzHpjk4$_$11,2.0,1.1074238
-RfYyzHpjk4$_$8,0.3333333432674408,0.062886
-RfYyzHpjk4$_$2,0.3333333432674408,0.06619941
-RfYyzHpjk4$_$9,0.0,0.487153
-UUCSKoHeMA$_$9,0.6666666865348816,0.16073792
-UUCSKoHeMA$_$10,-0.3333333432674408,0.23498248
-UUCSKoHeMA$_$2,0.0,0.6774746
-UUCSKoHeMA$_$0,0.0,0.39106902
-cEhr0cQcDM$_$8,0.0,0.010413919
-cEhr0cQcDM$_$14,1.3333333730697632,0.78227264
-ri04Z7vwnc$_$1,-0.3333333432674408,-0.031596947
-ri04Z7vwnc$_$0,0.0,-0.07515581
-ri04Z7vwnc$_$2,-0.3333333432674408,0.33219227
-ri04Z7vwnc$_$5,0.3333333432674408,0.29677734
-ri04Z7vwnc$_$7,0.6666666865348816,0.40933776
-ri04Z7vwnc$_$6,1.0,0.40882865
-rxZxtG0xmY$_$0,-1.0,0.1141441
-rxZxtG0xmY$_$2,0.0,-0.23841096
-s9qJ7ATP7w$_$1,0.6666666865348816,0.08298777
-s9qJ7ATP7w$_$0,-0.3333333432674408,-0.313654
-s9qJ7ATP7w$_$3,0.6666666865348816,0.73402506
-s9qJ7ATP7w$_$2,1.3333333730697632,1.0757332
-s9qJ7ATP7w$_$5,-2.0,-1.2489789
-s9qJ7ATP7w$_$4,0.0,0.057911616
-s9qJ7ATP7w$_$7,1.0,0.21096312
-s9qJ7ATP7w$_$6,0.0,0.0674803
-s9qJ7ATP7w$_$9,1.0,0.1312765
-s9qJ7ATP7w$_$8,1.3333333730697632,0.49476436
-yRb-Jum7EQ$_$3,0.0,-0.8574452
-yRb-Jum7EQ$_$5,-0.6666666865348816,-0.22352602
-yRb-Jum7EQ$_$4,0.0,0.044246864
-yRb-Jum7EQ$_$6,0.0,-0.95286685
0Fqav67TDEw$_$1,0.3333333432674408,0.9326424
0JaYazphxfM$_$6,0.0,0.11278047
0K7dCp80n9c$_$13,0.3333333432674408,0.32626384
0K7dCp80n9c$_$12,1.6666666269302368,0.47167203
0K7dCp80n9c$_$2,0.0,0.32535717
0K7dCp80n9c$_$5,0.0,0.58336455
0K7dCp80n9c$_$4,0.3333333432674408,-0.5546067
0K7dCp80n9c$_$7,0.0,0.22647624
0K7dCp80n9c$_$6,0.0,-0.09268738
0K7dCp80n9c$_$8,1.0,0.12839933
0PlQc98SccA$_$0,0.6666666865348816,0.30456918
0PlQc98SccA$_$3,0.3333333432674408,0.4833856
0PlQc98SccA$_$2,0.3333333432674408,0.26105365
0YiAKqU36KE$_$1,1.3333333730697632,0.16260262
0YiAKqU36KE$_$0,-1.0,-1.1797972
0YiAKqU36KE$_$3,1.0,0.35104507
0YiAKqU36KE$_$2,0.0,-0.07155152
0YiAKqU36KE$_$5,-1.6666666269302368,-0.62590796
0YiAKqU36KE$_$4,0.0,0.25288394
0YiAKqU36KE$_$7,-0.3333333432674408,0.9062807
0YiAKqU36KE$_$6,1.6666666269302368,0.73646957
0YiAKqU36KE$_$8,0.0,0.0028100908
0bxhZ-LIfZY$_$3,-0.3333333432674408,-0.61687
0bxhZ-LIfZY$_$4,-0.3333333432674408,-0.008587416
0eTibWQdO5M$_$6,-0.6666666865348816,0.7107261
0uftSGdwo0Q$_$11,1.3333333730697632,0.67267066
0uftSGdwo0Q$_$0,0.0,0.6029771
0uftSGdwo0Q$_$3,0.3333333432674408,0.4490766
0uftSGdwo0Q$_$6,0.6666666865348816,0.64212793
100178$_$11,-2.0,-1.6951661
100178$_$10,0.0,-0.46698686
100178$_$13,1.3333333730697632,1.4413018
100178$_$12,-1.3333333730697632,-0.4384167
100178$_$15,0.0,-0.54315794
100178$_$14,0.6666666865348816,0.22921036
100178$_$17,-1.3333333730697632,-1.6645441
100178$_$16,0.3333333432674408,0.4868842
100178$_$1,0.0,0.09385963
100178$_$0,0.0,0.33274826
100178$_$3,0.0,0.141733
100178$_$2,0.0,-0.079696864
100178$_$5,0.3333333432674408,0.9020706
100178$_$4,0.0,0.24237728
100178$_$7,-0.6666666865348816,0.30360946
100178$_$6,-2.0,-1.7703902
100178$_$9,-1.0,-1.2204598
100178$_$8,-2.3333332538604736,-0.23657025
10219$_$11,2.6666667461395264,0.9826985
10219$_$10,2.0,0.4692047
10219$_$13,2.0,1.0226208
10219$_$12,0.0,0.14291766
10219$_$1,0.0,0.23618142
10219$_$0,0.0,0.35893103
10219$_$3,0.6666666865348816,0.12550093
10219$_$2,2.6666667461395264,1.2730001
10219$_$5,1.6666666269302368,1.0679855
10219$_$4,1.0,0.45939487
10219$_$7,1.3333333730697632,1.0479857
10219$_$6,0.0,0.24034914
10219$_$9,1.3333333730697632,0.70209914
10219$_$8,0.3333333432674408,0.8674197
102213$_$11,-2.0,-1.446166
102213$_$10,-1.6666666269302368,0.4035177
102213$_$13,-1.0,0.72588384
102213$_$12,-2.3333332538604736,-1.4265964
102213$_$1,0.3333333432674408,0.47195402
102213$_$0,0.0,0.23707773
102213$_$3,0.3333333432674408,-1.7446487
102213$_$2,1.3333333730697632,1.4282107
102213$_$5,-1.0,-0.63258284
102213$_$4,-0.3333333432674408,0.279502
102213$_$6,-0.6666666865348816,-0.21559723
102213$_$9,-1.3333333730697632,-1.0030469
102213$_$8,0.0,-0.55600965
102389$_$11,-1.0,-0.5746198
102389$_$10,-0.6666666865348816,0.21866459
102389$_$13,0.3333333432674408,0.37241128
102389$_$12,-2.0,0.58373183
102389$_$14,-1.6666666269302368,1.038521
102389$_$1,-2.0,-1.7732073
102389$_$0,0.0,0.5245763
102389$_$3,0.0,0.10015468
102389$_$2,0.0,0.044296842
102389$_$5,-1.6666666269302368,-0.4723427
102389$_$4,0.0,0.47896641
102389$_$7,-1.0,-0.5719205
102389$_$6,-1.3333333730697632,0.021662604
102389$_$9,-0.3333333432674408,-0.75713474
102389$_$8,-1.6666666269302368,-1.2854595
104741$_$1,0.0,0.308337
104741$_$0,0.0,0.5755176
104741$_$3,-1.6666666269302368,0.103377014
104741$_$2,-1.6666666269302368,-1.8843834
104741$_$5,0.0,0.19410051
104741$_$7,-1.3333333730697632,-0.9370106
104741$_$6,0.3333333432674408,0.116717726
104741$_$9,-0.6666666865348816,0.7259794
104741$_$8,-0.6666666865348816,-1.5041713
107585$_$11,-2.0,-0.2614098
107585$_$10,-1.3333333730697632,-1.1644845
107585$_$13,-1.0,-1.2976689
107585$_$15,-1.0,-0.82679373
107585$_$14,-1.0,-1.931326
107585$_$17,-1.0,0.15210205
107585$_$16,-0.6666666865348816,-0.7173201
107585$_$19,-1.0,-1.9251579
107585$_$18,-2.0,-2.0098858
107585$_$0,0.3333333432674408,0.50425065
107585$_$3,-2.3333332538604736,-1.9893816
107585$_$2,-2.0,-1.7946401
107585$_$5,-1.3333333730697632,-1.7371416
107585$_$4,-2.0,-1.5223656
107585$_$7,-1.0,-1.2942169
107585$_$6,-2.0,-1.4670336
107585$_$9,-2.0,-1.5716565
108146$_$11,-1.0,0.14952828
108146$_$10,-1.6666666269302368,-0.76025796
108146$_$1,1.6666666269302368,1.3055742
108146$_$0,0.0,0.4874036
108146$_$3,-1.6666666269302368,-1.043786
108146$_$2,1.3333333730697632,0.5898164
108146$_$5,1.0,0.69472754
108146$_$4,-2.6666667461395264,-1.8558816
108146$_$7,-2.0,-0.774094
108146$_$6,1.3333333730697632,0.78741896
108146$_$9,-2.0,-1.6451447
108146$_$8,-0.3333333432674408,-0.49530587
110565$_$1,-1.0,1.0936365
110565$_$0,-2.0,-0.45696422
110565$_$3,-1.6666666269302368,-1.1707051
110565$_$5,1.0,1.1223121
110565$_$4,1.6666666269302368,1.3071338
110565$_$6,-1.3333333730697632,-1.4682552
110565$_$8,-1.6666666269302368,-1.4487054
111881$_$11,-1.0,-0.84892184
111881$_$10,-2.0,0.57338077
111881$_$13,0.0,-0.28166273
111881$_$12,-2.0,-1.5200598
111881$_$15,-2.0,-0.7290584
111881$_$14,0.3333333432674408,-0.49858686
111881$_$17,-1.6666666269302368,0.17754193
111881$_$16,-2.0,-0.7981253
111881$_$1,-0.3333333432674408,0.72934645
111881$_$0,0.0,0.31334195
111881$_$3,-1.0,0.12026636
111881$_$2,-2.6666667461395264,-1.4286324
111881$_$5,0.0,0.032118473
111881$_$4,-1.3333333730697632,0.3208337
111881$_$7,-2.0,-0.33569834
111881$_$6,0.3333333432674408,0.33966494
111881$_$9,-2.0,-0.14682493
111881$_$8,0.6666666865348816,0.63265353
112425$_$11,1.6666666269302368,1.4084227
112425$_$10,2.3333332538604736,0.30915532
112425$_$12,0.3333333432674408,-0.13100295
112425$_$1,0.6666666865348816,0.3268754
112425$_$0,0.0,0.04515671
112425$_$3,0.6666666865348816,1.0039068
112425$_$2,1.6666666269302368,1.1931753
112425$_$5,-1.0,-1.3526852
112425$_$4,2.0,1.1965523
112425$_$7,1.3333333730697632,2.143654
112425$_$6,1.0,0.9569254
112425$_$9,2.6666667461395264,0.97776675
112425$_$8,2.6666667461395264,0.38417992
112509$_$1,-1.0,-1.4917197
112509$_$0,-0.3333333432674408,0.085707635
112509$_$3,-1.3333333730697632,0.46662846
112509$_$2,-0.3333333432674408,-0.27338603
112509$_$5,1.3333333730697632,1.680745
112509$_$4,-2.0,-0.80033916
116213$_$10,0.0,0.25957885
116213$_$12,1.3333333730697632,1.5569367
116213$_$0,0.3333333432674408,0.30351773
116213$_$3,-0.6666666865348816,0.024965767
116213$_$2,2.3333332538604736,1.6568866
116213$_$5,1.6666666269302368,0.5733333
116213$_$4,0.0,-0.5073263
116213$_$7,0.0,0.05683676
116213$_$6,-0.3333333432674408,-0.07951881
116213$_$9,0.3333333432674408,0.32812595
116213$_$8,-0.6666666865348816,0.30621165
11UtTaDYgII$_$11,1.6666666269302368,0.91483235
11UtTaDYgII$_$0,1.6666666269302368,1.6043351
11UtTaDYgII$_$3,1.3333333730697632,0.90547466
11UtTaDYgII$_$2,2.0,1.1739886
11UtTaDYgII$_$4,1.3333333730697632,0.78430927
11UtTaDYgII$_$7,0.6666666865348816,0.5313721
121400$_$11,-0.3333333432674408,0.014972609
121400$_$10,-0.6666666865348816,0.02905444
121400$_$1,-2.3333332538604736,-1.8838458
121400$_$0,0.0,0.5803496
121400$_$3,0.0,-0.13768023
121400$_$2,-0.6666666865348816,-1.2740564
121400$_$5,0.0,0.88979566
121400$_$4,1.0,1.6788573
121400$_$7,0.0,-0.27809244
121400$_$9,-0.3333333432674408,-0.20616971
126872$_$11,-2.0,-1.414383
126872$_$13,-0.6666666865348816,-0.42274755
126872$_$12,-0.3333333432674408,0.38906446
126872$_$14,-2.0,-0.022982065
126872$_$1,-1.0,-1.6651516
126872$_$0,0.0,0.014707018
126872$_$3,-0.6666666865348816,-0.44477323
126872$_$2,-2.0,-1.3154067
126872$_$5,-2.6666667461395264,-0.89307266
126872$_$4,-2.0,-1.7037526
126872$_$7,-0.3333333432674408,-0.32023796
126872$_$6,-1.0,-0.6180286
126872$_$9,-1.6666666269302368,-1.7058725
130366$_$11,-1.3333333730697632,-0.932398
130366$_$10,-0.3333333432674408,0.21705972
130366$_$1,0.3333333432674408,0.3823154
130366$_$0,0.3333333432674408,0.45939597
130366$_$3,0.0,-0.21760525
130366$_$2,0.3333333432674408,0.081548184
130366$_$5,0.0,0.6113674
130366$_$4,-0.3333333432674408,-0.09208393
130366$_$7,-2.3333332538604736,-1.9401736
130366$_$6,-2.0,-1.7966948
130366$_$9,-0.6666666865348816,-0.060626786
130366$_$8,-1.0,0.24931219
132028$_$1,0.0,0.30908135
132028$_$0,0.0,-0.0044382475
132028$_$3,-1.3333333730697632,-0.13646281
132028$_$2,-1.3333333730697632,-1.5826182
132028$_$5,0.0,0.5087689
132028$_$4,1.0,1.0827978
132028$_$6,-0.3333333432674408,0.95250696
135623$_$1,-1.6666666269302368,-1.290952
135623$_$0,0.0,0.86832464
135623$_$3,-2.0,-1.5171685
135623$_$5,-2.3333332538604736,-0.9628902
135623$_$7,-1.6666666269302368,-1.3708675
135623$_$6,-2.6666667461395264,-1.690477
135623$_$9,-2.0,-0.27095732
135623$_$8,-1.3333333730697632,-0.66449535
136196$_$11,-1.6666666269302368,-0.6296864
136196$_$10,-1.6666666269302368,-1.591008
136196$_$13,-2.3333332538604736,-1.3879471
136196$_$12,-2.3333332538604736,-2.1359046
136196$_$14,-1.3333333730697632,-1.333317
136196$_$1,0.0,-1.0157344
136196$_$0,0.3333333432674408,0.525105
136196$_$3,1.0,0.85080683
136196$_$2,0.0,-0.41752914
136196$_$5,-0.3333333432674408,1.4863169
136196$_$4,-1.6666666269302368,-1.929008
136196$_$7,-1.3333333730697632,-0.33648437
136196$_$6,-1.6666666269302368,-1.589637
136196$_$9,-2.0,-1.4233422
136196$_$8,-1.6666666269302368,-1.7893236
167521$_$11,0.0,-0.6212848
167521$_$10,-0.3333333432674408,0.24698713
167521$_$13,2.6666667461395264,2.8167238
167521$_$12,1.6666666269302368,0.8793838
167521$_$15,2.3333332538604736,2.4310374
167521$_$14,2.6666667461395264,1.3686769
167521$_$17,1.3333333730697632,-0.43668076
167521$_$16,2.0,1.6967121
167521$_$1,2.3333332538604736,1.8206986
167521$_$0,0.6666666865348816,0.6910865
167521$_$3,0.3333333432674408,0.19185276
167521$_$2,0.0,0.19432352
167521$_$5,0.3333333432674408,0.1406717
167521$_$4,0.3333333432674408,0.64414656
167521$_$7,1.3333333730697632,0.53149986
167521$_$6,2.3333332538604736,1.9335223
167521$_$9,0.6666666865348816,1.3588393
167521$_$8,2.3333332538604736,0.4951469
173CpFb3clw$_$0,0.0,0.35858527
173CpFb3clw$_$3,0.3333333432674408,0.6993093
173CpFb3clw$_$2,0.0,0.44462568
180971$_$1,0.0,0.29232857
180971$_$0,0.0,0.07136354
180971$_$3,0.0,-0.32715344
180971$_$2,1.0,0.6774743
180971$_$5,-2.6666667461395264,-1.7205281
180971$_$6,0.6666666865348816,1.3610108
190743$_$11,-0.3333333432674408,-0.1178378
190743$_$10,0.0,-0.24284236
190743$_$13,-2.0,-0.14239393
190743$_$12,-1.3333333730697632,-0.44100896
190743$_$15,-3.0,-2.1951551
190743$_$14,-3.0,-1.6853123
190743$_$17,-2.0,-1.0415568
190743$_$16,-1.6666666269302368,-1.4618089
190743$_$18,-3.0,-1.458461
190743$_$1,0.0,0.41895327
190743$_$0,0.0,0.6598191
190743$_$3,-0.3333333432674408,-0.061411638
190743$_$2,0.0,0.42099786
190743$_$5,-2.0,-2.146572
190743$_$4,0.0,0.55033946
190743$_$6,-2.3333332538604736,-1.1456261
190743$_$9,-0.6666666865348816,0.0049290694
194299$_$11,-0.3333333432674408,-0.120451644
194299$_$10,0.0,-0.25046697
194299$_$13,0.0,0.24118263
194299$_$12,0.0,0.2888779
194299$_$15,-1.0,-0.50142723
194299$_$14,0.0,0.36190546
194299$_$16,0.0,-0.7033275
194299$_$1,0.6666666865348816,0.6311895
194299$_$0,0.0,0.47821793
194299$_$3,0.0,0.36546394
194299$_$2,0.0,0.03159453
194299$_$5,-1.3333333730697632,-1.4919568
194299$_$4,-1.0,-1.6626186
194299$_$7,1.3333333730697632,1.6019554
194299$_$6,-1.0,-0.51437116
194299$_$9,0.0,0.35328385
194299$_$8,0.0,0.37380466
198112$_$11,0.0,0.057562348
198112$_$10,1.0,0.42089108
198112$_$12,2.0,1.7132598
198112$_$1,0.0,0.13517898
198112$_$0,0.3333333432674408,0.55800366
198112$_$3,0.3333333432674408,0.1701131
198112$_$2,0.0,0.028896313
198112$_$5,1.0,0.9320529
198112$_$4,2.0,1.140651
198112$_$9,2.3333332538604736,0.03594617
198112$_$8,2.0,0.17776251
1Gp4l-ZTCVk$_$1,0.6666666865348816,0.3508749
1Gp4l-ZTCVk$_$0,1.0,0.6666978
1HS2HcN2LDo$_$10,1.6666666269302368,1.0851629
1HS2HcN2LDo$_$1,0.3333333432674408,0.60479695
1HS2HcN2LDo$_$3,-2.3333332538604736,0.38523856
1HS2HcN2LDo$_$5,0.3333333432674408,0.95812196
1HS2HcN2LDo$_$4,0.3333333432674408,0.84061986
1HS2HcN2LDo$_$7,0.6666666865348816,0.6139268
1HS2HcN2LDo$_$6,1.0,0.77614266
1HS2HcN2LDo$_$9,1.3333333730697632,0.25719303
1LkYxsqRPZM$_$1,2.0,2.333105
1LkYxsqRPZM$_$2,2.0,1.1857729
1S6ji_d4OLI$_$9,0.6666666865348816,0.3093594
1S6ji_d4OLI$_$5,0.3333333432674408,-0.020549793
1jogeKX0wGw$_$2,2.6666667461395264,0.69963497
1jogeKX0wGw$_$5,1.6666666269302368,0.61803776
1jogeKX0wGw$_$4,1.0,0.89597684
1pl2FVdQWj0$_$0,0.3333333432674408,1.0414821
1pl2FVdQWj0$_$5,-0.3333333432674408,0.45584628
1zXAYdPdzy8$_$2,-0.3333333432674408,0.7726231
200941$_$11,-1.3333333730697632,-0.32334062
200941$_$13,-2.0,-0.23115106
200941$_$14,-1.3333333730697632,-0.9179643
200941$_$1,-1.6666666269302368,-1.076337
200941$_$0,0.0,0.509174
200941$_$3,-2.3333332538604736,-1.5077293
200941$_$2,-0.3333333432674408,0.27696618
200941$_$6,0.6666666865348816,0.95431393
200941$_$9,0.0,-0.050581295
200941$_$8,-1.6666666269302368,-1.6266525
201005$_$10,1.0,0.44714484
201005$_$1,0.0,0.42141604
201005$_$0,0.3333333432674408,0.41116568
201005$_$3,-0.3333333432674408,0.01445977
201005$_$2,0.0,0.2723238
201005$_$5,0.3333333432674408,0.43833914
201005$_$4,0.0,-0.17398046
201005$_$7,0.0,0.044441245
201005$_$6,-1.6666666269302368,-0.3068805
201005$_$8,1.3333333730697632,-0.27478307
202826$_$11,0.0,0.43358377
202826$_$10,-1.6666666269302368,-0.61236376
202826$_$13,-1.3333333730697632,0.2281379
202826$_$12,-1.6666666269302368,-0.95732564
202826$_$14,0.0,0.19463973
202826$_$1,0.0,0.13559341
202826$_$0,0.0,0.29210258
202826$_$3,0.0,-0.3848574
202826$_$2,-0.6666666865348816,-1.4599442
202826$_$5,-1.3333333730697632,-1.4298425
202826$_$4,0.0,-0.067571685
202826$_$7,1.0,0.51283336
202826$_$6,-1.3333333730697632,-1.7757815
202826$_$9,-2.0,-1.9595613
202826$_$8,-1.0,-0.8638915
206585$_$0,0.3333333432674408,0.83709556
206585$_$2,0.0,-0.1607344
206585$_$5,-2.3333332538604736,-1.1977906
208322$_$11,0.0,0.16800639
208322$_$10,-1.3333333730697632,0.089706615
208322$_$13,0.0,0.28594673
208322$_$12,-2.3333332538604736,0.9859563
208322$_$1,0.0,0.34735605
208322$_$0,0.3333333432674408,0.43616155
208322$_$3,-1.6666666269302368,-1.7118821
208322$_$2,-2.0,-1.7409317
208322$_$5,0.6666666865348816,0.28073332
208322$_$4,-2.0,-0.32864386
208322$_$7,-1.0,-0.38046858
208322$_$6,-1.6666666269302368,-0.21637274
208322$_$9,-3.0,-2.1817515
208322$_$8,-1.6666666269302368,-0.21916957
208592$_$10,-2.6666667461395264,-0.24591072
208592$_$1,0.0,0.30752608
208592$_$0,0.3333333432674408,0.43632326
208592$_$3,-2.0,-2.0552166
208592$_$2,0.0,0.18805605
208592$_$5,0.0,0.044866856
208592$_$4,-2.6666667461395264,-1.9107116
208592$_$7,-1.0,1.086155
208592$_$6,0.0,-0.15151641
208592$_$9,-2.6666667461395264,-0.7705818
208592$_$8,-1.3333333730697632,-0.21753986
209758$_$11,0.0,0.34674028
209758$_$10,0.6666666865348816,0.1745439
209758$_$13,0.0,0.5778013
209758$_$12,1.6666666269302368,1.9278159
209758$_$15,1.3333333730697632,0.56421924
209758$_$14,1.6666666269302368,1.2565932
209758$_$1,0.0,0.058397997
209758$_$0,1.6666666269302368,1.1107895
209758$_$3,0.0,0.3153536
209758$_$2,0.0,0.12699352
209758$_$5,0.0,0.47028288
209758$_$4,0.0,-0.6530971
209758$_$7,0.0,0.36399522
209758$_$6,2.0,2.0154274
209758$_$9,2.0,0.7141523
209758$_$8,0.6666666865348816,0.6197425
20LfN8ENbhM$_$1,2.0,0.86583763
20LfN8ENbhM$_$0,2.3333332538604736,0.99210757
20LfN8ENbhM$_$2,0.6666666865348816,0.7166055
20LfN8ENbhM$_$5,0.6666666865348816,0.5407691
20LfN8ENbhM$_$4,1.0,0.62120116
20LfN8ENbhM$_$6,1.6666666269302368,0.8732413
210259$_$11,-3.0,-1.6049863
210259$_$10,-1.6666666269302368,-0.68197256
210259$_$13,-1.6666666269302368,-0.7883766
210259$_$12,-1.6666666269302368,-0.6415691
210259$_$15,-1.6666666269302368,0.33938795
210259$_$14,-2.6666667461395264,-1.6881757
210259$_$17,-1.6666666269302368,-0.04661138
210259$_$16,-2.3333332538604736,-2.3386135
210259$_$1,2.3333332538604736,0.83024526
210259$_$0,0.0,0.51861614
210259$_$5,0.0,-0.14298539
210259$_$4,0.0,0.2725774
210259$_$7,-2.0,-1.692411
210259$_$6,-1.3333333730697632,-0.78041846
210259$_$9,0.0,-0.3753484
210259$_$8,-2.3333332538604736,-1.7009181
210433$_$1,0.0,0.24616478
210433$_$0,0.0,0.19486873
210433$_$3,1.3333333730697632,1.362406
210433$_$2,0.3333333432674408,-0.3811668
210433$_$5,-1.0,-1.4236714
210433$_$4,0.0,0.6119936
210433$_$7,-2.0,-1.8746648
210433$_$6,-1.0,-0.9497711
210433$_$8,-1.3333333730697632,-1.148067
211875$_$11,-2.0,-0.638871
211875$_$10,-2.3333332538604736,-1.9421853
211875$_$1,0.0,0.43692365
211875$_$0,0.0,0.43473583
211875$_$3,0.0,0.13320366
211875$_$2,0.0,0.11010802
211875$_$5,-1.6666666269302368,-1.664696
211875$_$4,-1.6666666269302368,0.6363556
211875$_$7,-2.0,-1.8161671
211875$_$6,-2.3333332538604736,-1.9562216
211875$_$9,-2.0,-0.18525913
211875$_$8,-1.3333333730697632,-0.4913648
213327$_$10,-1.6666666269302368,-1.374828
213327$_$1,0.0,0.32998583
213327$_$0,0.0,0.5178569
213327$_$3,-0.3333333432674408,-0.5493415
213327$_$2,-1.3333333730697632,-0.607062
213327$_$5,0.0,0.4102276
213327$_$4,0.0,-0.011624787
213327$_$7,-1.6666666269302368,0.89575166
213327$_$6,-2.3333332538604736,0.48972073
213327$_$9,-1.0,-1.9425187
213327$_$8,-2.0,-0.53909737
215318$_$11,0.6666666865348816,1.4008512
215318$_$10,0.0,-0.031844784
215318$_$13,0.6666666865348816,0.49364364
215318$_$12,0.0,-0.35517147
215318$_$15,-1.6666666269302368,-1.6829271
215318$_$14,0.6666666865348816,-0.037595693
215318$_$1,0.3333333432674408,0.12567179
215318$_$0,0.6666666865348816,0.10391095
215318$_$3,-1.3333333730697632,-1.4058869
215318$_$2,0.0,0.14703359
215318$_$5,0.3333333432674408,-0.04866975
215318$_$4,-2.6666667461395264,-2.4079173
215318$_$7,0.3333333432674408,0.5374454
215318$_$6,0.3333333432674408,-0.13520445
215318$_$9,0.3333333432674408,0.41418868
215318$_$8,-2.3333332538604736,-2.2204018
221137$_$1,0.0,0.25563645
221137$_$0,0.3333333432674408,0.04828139
221137$_$3,-2.0,-2.0793576
221137$_$2,0.0,-0.1695327
221137$_$5,-2.0,-1.7828
221137$_$4,-1.3333333730697632,-0.5457126
221137$_$7,-1.0,-0.99155277
221137$_$6,-1.3333333730697632,-0.017637555
221137$_$8,-2.3333332538604736,-2.025692
221153$_$10,0.0,0.3436171
221153$_$13,0.3333333432674408,0.77432966
221153$_$15,-1.3333333730697632,-1.4652238
221153$_$14,-1.6666666269302368,-1.2680415
221153$_$17,0.0,0.50799596
221153$_$16,-0.6666666865348816,-0.9301651
221153$_$19,-0.6666666865348816,-0.1648844
221153$_$18,1.0,0.4106159
221153$_$1,0.3333333432674408,0.40824798
221153$_$0,0.3333333432674408,0.2082891
221153$_$3,0.3333333432674408,0.34056535
221153$_$2,0.0,-0.0433441
221153$_$5,0.3333333432674408,-0.023794841
221153$_$4,0.3333333432674408,0.13931724
221153$_$7,0.3333333432674408,0.14315277
221153$_$6,0.0,-0.20938183
221153$_$9,0.3333333432674408,0.2438415
221153$_$20,0.3333333432674408,0.16665207
221153$_$8,0.0,0.16382997
221274$_$1,-2.0,-0.31788057
221274$_$0,0.3333333432674408,0.51454276
221274$_$3,0.6666666865348816,0.12451257
221274$_$2,0.3333333432674408,0.075890064
221274$_$5,-2.0,-1.4573469
221274$_$4,1.0,-0.7949499
221274$_$7,-0.3333333432674408,-1.0818908
221274$_$6,-2.0,-1.6304293
221274$_$9,-1.0,0.669577
221274$_$8,-1.6666666269302368,-0.03134321
222247$_$13,-2.0,-1.8939823
222247$_$14,-1.3333333730697632,-0.8198335
222247$_$1,0.3333333432674408,0.20598593
222247$_$0,0.0,-0.0068754144
222247$_$5,-1.3333333730697632,-0.5596512
222247$_$4,0.3333333432674408,0.0154256895
222247$_$7,-2.0,-1.6816989
222247$_$6,-1.3333333730697632,-1.153688
222247$_$9,-1.6666666269302368,-1.7592304
222247$_$8,-2.0,-1.420666
22373$_$1,0.0,0.14480755
22373$_$0,0.0,0.5747161
22373$_$3,0.0,0.00793983
22373$_$5,-1.3333333730697632,-1.5588425
22373$_$7,0.0,-1.1181992
22373$_$6,-1.0,-1.2961355
22373$_$9,-0.6666666865348816,-0.8663922
22373$_$8,-0.6666666865348816,-1.3677526
224263$_$11,-2.6666667461395264,-2.2265978
224263$_$10,-3.0,-1.5971974
224263$_$13,0.6666666865348816,1.28003
224263$_$12,-1.6666666269302368,1.1307783
224263$_$15,-2.0,-1.466552
224263$_$14,-2.3333332538604736,-1.7738485
224263$_$17,-1.3333333730697632,-1.8172727
224263$_$16,-2.3333332538604736,-1.355297
224263$_$1,0.0,0.24438997
224263$_$0,0.0,0.43677852
224263$_$3,-2.3333332538604736,-1.6382157
224263$_$2,-1.3333333730697632,-0.90408707
224263$_$5,-2.0,0.6327934
224263$_$4,-1.6666666269302368,-0.8584183
224263$_$7,-2.6666667461395264,-1.0402395
224263$_$6,-1.0,-1.9052632
224263$_$9,0.0,-0.6155542
224263$_$8,-1.6666666269302368,-1.2388289
224370$_$20,-2.6666667461395264,0.33391112
224370$_$21,0.0,-0.20685329
224370$_$22,1.0,1.2722092
224370$_$1,0.0,-0.013331238
224370$_$0,0.0,0.14181915
224370$_$3,-2.0,-2.0017571
224370$_$2,-2.3333332538604736,-1.8596148
224370$_$5,-2.6666667461395264,-0.1687638
224370$_$4,-2.0,-1.7708976
224370$_$7,0.0,0.23888594
224370$_$6,-2.0,-0.36414823
224370$_$9,1.0,0.59020716
224370$_$8,0.0,-1.1836133
224370$_$11,0.3333333432674408,0.060505494
224370$_$10,-0.3333333432674408,-0.14248249
224370$_$13,-1.6666666269302368,-1.5604464
224370$_$12,-1.0,0.01297183
224370$_$15,-1.6666666269302368,-0.69362223
224370$_$14,-1.6666666269302368,-0.083532855
224370$_$17,-2.0,-2.194809
224370$_$16,-2.3333332538604736,-1.7154169
224370$_$19,-2.0,0.08602589
224370$_$18,-2.0,-1.5191461
224631$_$11,2.0,1.0499736
224631$_$10,2.3333332538604736,1.1615664
224631$_$1,0.3333333432674408,0.42472392
224631$_$0,0.6666666865348816,0.93300545
224631$_$3,1.3333333730697632,1.3043813
224631$_$2,1.0,-0.351082
224631$_$5,0.3333333432674408,0.58957297
224631$_$4,1.6666666269302368,0.8790476
224631$_$7,0.6666666865348816,-0.9228981
224631$_$6,0.0,0.57535607
224631$_$9,0.0,-0.14604358
224631$_$8,0.0,0.34684673
226601$_$11,-1.3333333730697632,-1.4982611
226601$_$10,-1.3333333730697632,-0.53305846
226601$_$13,-2.3333332538604736,-1.4194015
226601$_$12,-2.0,-1.0908446
226601$_$15,0.0,-0.17842634
226601$_$14,0.0,0.19773889
226601$_$17,1.3333333730697632,0.9463845
226601$_$16,-0.6666666865348816,-1.5253419
226601$_$18,-2.0,-1.6648823
226601$_$1,0.6666666865348816,-0.19182433
226601$_$0,0.3333333432674408,0.36110646
226601$_$3,1.0,-0.0013787039
226601$_$2,0.0,-0.27710518
226601$_$5,0.3333333432674408,0.093952805
226601$_$4,-0.3333333432674408,0.095552206
226601$_$7,-1.6666666269302368,-1.5607853
226601$_$6,0.3333333432674408,0.28670135
226601$_$9,1.3333333730697632,1.3888218
226601$_$8,-1.0,-1.0175631
226640$_$1,0.0,0.483888
226640$_$0,0.6666666865348816,0.5378909
226640$_$3,0.3333333432674408,-0.11674024
226640$_$2,0.0,0.31626454
226640$_$5,-2.0,-1.2965635
226640$_$4,-1.3333333730697632,-1.0548365
226640$_$7,1.3333333730697632,0.983226
226640$_$6,-0.3333333432674408,-1.6361194
226640$_$9,0.0,1.3794675
226640$_$8,-0.3333333432674408,0.10996442
22689$_$11,-1.3333333730697632,-0.06983018
22689$_$10,-1.6666666269302368,-1.9863787
22689$_$1,-2.0,-1.0133927
22689$_$0,0.0,0.29106858
22689$_$3,-1.3333333730697632,0.65943164
22689$_$2,-0.3333333432674408,0.4656823
22689$_$5,-1.3333333730697632,-1.6650047
22689$_$4,0.0,-0.45768127
22689$_$7,0.0,-0.30524147
22689$_$9,-2.0,-0.9854012
22689$_$8,-0.6666666865348816,0.77057064
233939$_$11,-0.3333333432674408,-0.34668338
233939$_$10,-1.3333333730697632,-1.8496907
233939$_$13,-2.3333332538604736,-0.3661616
233939$_$12,-0.6666666865348816,0.4468151
233939$_$15,-2.3333332538604736,-2.2402763
233939$_$14,-2.6666667461395264,-1.9120691
233939$_$16,0.0,-0.08274114
233939$_$1,0.0,0.060038988
233939$_$0,0.3333333432674408,0.07758121
233939$_$3,-2.6666667461395264,-2.0708737
233939$_$2,0.0,-0.123543724
233939$_$5,0.0,-0.33120957
233939$_$4,-2.0,-1.5832853
233939$_$7,-1.3333333730697632,-1.8442032
233939$_$6,-2.6666667461395264,-2.4888592
233939$_$9,-2.3333332538604736,-1.1811134
233939$_$8,-2.0,-1.1031365
234046$_$11,-2.3333332538604736,-1.7536733
234046$_$10,-0.3333333432674408,-0.04898637
234046$_$13,-2.0,-1.4607968
234046$_$12,-1.6666666269302368,-1.7506232
234046$_$15,-0.3333333432674408,-0.46262982
234046$_$14,-2.3333332538604736,-1.5529526
234046$_$16,-1.6666666269302368,-1.5849183
234046$_$19,0.0,0.16454872
234046$_$18,-2.0,-1.4998637
234046$_$0,0.3333333432674408,0.3420482
234046$_$3,-0.3333333432674408,0.18532136
234046$_$5,-0.6666666865348816,-0.053502392
234046$_$4,0.0,-0.37774476
234046$_$7,-0.6666666865348816,-1.5423841
234046$_$6,-0.3333333432674408,-0.594805
234046$_$9,0.6666666865348816,-0.21108668
234046$_$8,0.0,0.0854792
236442$_$11,0.6666666865348816,0.07799682
236442$_$10,-1.6666666269302368,0.25047144
236442$_$1,0.3333333432674408,0.16626231
236442$_$0,0.3333333432674408,0.2874807
236442$_$3,-1.3333333730697632,-0.9682134
236442$_$2,-2.0,-1.7493434
236442$_$5,-2.0,-1.6422087
236442$_$4,-1.3333333730697632,-0.6049662
236442$_$7,0.3333333432674408,-0.15486349
236442$_$9,-1.0,-1.4434444
236442$_$8,-1.0,-2.075943
23656$_$20,0.0,0.22486122
23656$_$21,-0.3333333432674408,0.08664652
23656$_$1,0.0,0.4083825
23656$_$0,0.3333333432674408,0.4379608
23656$_$3,-0.3333333432674408,0.4491716
23656$_$2,1.0,0.9893146
23656$_$5,-0.3333333432674408,0.37311122
23656$_$4,-1.6666666269302368,-0.3515291
23656$_$7,-2.0,0.4236724
23656$_$6,-1.3333333730697632,-0.47297356
23656$_$9,-1.3333333730697632,0.044817045
23656$_$8,-1.3333333730697632,-0.9722151
23656$_$11,0.0,0.27618903
23656$_$10,-1.6666666269302368,-0.85779804
23656$_$13,-0.3333333432674408,-0.08446927
23656$_$12,-2.0,-1.7644925
23656$_$15,0.3333333432674408,0.81106126
23656$_$14,-0.3333333432674408,-0.2933112
23656$_$17,0.0,0.13827014
23656$_$16,-1.6666666269302368,-0.9024926
23656$_$19,-1.0,-0.5516328
23656$_$18,-3.0,-2.0285568
237363$_$10,0.0,0.06444906
237363$_$12,-2.3333332538604736,-1.7598152
237363$_$1,2.0,1.0497159
237363$_$0,0.3333333432674408,0.6462356
237363$_$5,-1.0,-1.7564616
237363$_$4,0.0,0.04233359
237363$_$9,-1.3333333730697632,-0.51468724
237363$_$8,-2.6666667461395264,1.1479098
238063$_$11,-1.0,-1.0910947
238063$_$10,0.0,0.04978883
238063$_$13,-0.3333333432674408,-0.92696893
238063$_$12,2.0,-1.1499739
238063$_$15,-1.3333333730697632,-1.7568157
238063$_$14,-1.0,-0.25653848
238063$_$17,1.0,-0.56417876
238063$_$16,-1.0,1.2033532
238063$_$1,1.3333333730697632,0.329519
238063$_$0,0.3333333432674408,0.1785707
238063$_$3,-0.6666666865348816,-1.4717176
238063$_$2,0.0,0.094353124
238063$_$5,1.6666666269302368,1.133347
238063$_$7,-0.3333333432674408,-0.18954703
238063$_$6,1.3333333730697632,0.76696676
238063$_$9,0.3333333432674408,0.71362025
238063$_$8,0.3333333432674408,-0.094532594
24196$_$11,-0.6666666865348816,-0.34028247
24196$_$10,0.3333333432674408,0.56875455
24196$_$13,1.0,0.80848044
24196$_$12,-0.6666666865348816,-0.67825574
24196$_$15,-2.0,-0.5652353
24196$_$14,1.0,1.3221436
24196$_$17,-2.3333332538604736,-1.8756578
24196$_$16,0.0,0.6753749
24196$_$1,0.0,-0.065021634
24196$_$0,0.3333333432674408,0.3341217
24196$_$3,-0.3333333432674408,-1.9513578
24196$_$2,-2.0,-0.88745373
24196$_$5,-0.3333333432674408,0.61972654
24196$_$4,-1.0,0.69986504
24196$_$7,-2.6666667461395264,-1.7726257
24196$_$6,-1.6666666269302368,0.1780519
24196$_$9,-1.0,-0.9903895
24196$_$8,-1.6666666269302368,-2.1708875
24351$_$11,1.6666666269302368,0.7084946
24351$_$10,0.0,0.6330683
24351$_$12,2.3333332538604736,1.1797075
24351$_$1,0.0,0.2500191
24351$_$0,0.3333333432674408,0.51863086
24351$_$3,0.0,0.005240198
24351$_$2,0.0,0.57605356
24351$_$5,0.0,-0.014839057
24351$_$4,0.3333333432674408,0.28568977
24351$_$7,2.3333332538604736,0.72044516
24351$_$6,0.6666666865348816,0.20782852
24351$_$9,2.0,0.664322
24351$_$8,0.3333333432674408,-0.15667705
243981$_$11,-1.0,-0.48806885
243981$_$10,-2.3333332538604736,-1.5616775
243981$_$13,-1.6666666269302368,-0.4395673
243981$_$12,-1.3333333730697632,-1.7055193
243981$_$15,0.0,-0.35217032
243981$_$14,-1.3333333730697632,-1.0058914
243981$_$17,-1.3333333730697632,-1.0560545
243981$_$16,0.0,0.24822776
243981$_$19,-2.3333332538604736,-1.5978022
243981$_$18,1.0,0.10358553
243981$_$1,0.0,0.71267587
243981$_$0,0.0,0.8881702
243981$_$3,0.0,0.15325838
243981$_$2,0.0,0.050388195
243981$_$5,-2.6666667461395264,-2.2380717
243981$_$4,-2.3333332538604736,-0.6302453
243981$_$7,-1.6666666269302368,-1.190697
243981$_$6,-2.0,-1.0959402
243981$_$9,0.0,-0.04947195
243981$_$8,-1.6666666269302368,-0.90795463
24504$_$11,-0.3333333432674408,0.65938336
24504$_$10,0.6666666865348816,1.0411422
24504$_$0,0.3333333432674408,0.7182438
24504$_$3,-1.0,-1.2261229
24504$_$2,-1.6666666269302368,-1.6594229
24504$_$5,0.3333333432674408,0.44671673
24504$_$4,-0.3333333432674408,-0.7266687
24504$_$6,-1.0,-0.05685359
24504$_$9,2.0,1.2307177
24504$_$8,-1.0,-1.7891817
245582$_$11,-1.6666666269302368,-1.5071783
245582$_$10,-0.3333333432674408,-0.44838157
245582$_$13,0.3333333432674408,-0.22464313
245582$_$12,0.0,0.2978281
245582$_$15,-2.3333332538604736,-1.0849388
245582$_$14,-2.0,-1.6073818
245582$_$17,0.0,-0.08692901
245582$_$16,1.0,-1.6918755
245582$_$1,-1.6666666269302368,-1.8291987
245582$_$0,0.0,0.6901099
245582$_$3,0.0,-0.3042762
245582$_$2,-1.6666666269302368,-1.6863217
245582$_$5,0.0,-0.22706671
245582$_$4,-1.3333333730697632,-0.831116
245582$_$7,-0.6666666865348816,-0.81995904
245582$_$6,-0.6666666865348816,0.15782963
245582$_$9,0.3333333432674408,0.5594802
245582$_$8,-0.6666666865348816,-0.15245776
252097$_$11,-2.0,-0.009178672
252097$_$10,0.3333333432674408,-0.40032485
252097$_$12,-2.3333332538604736,-2.0500221
252097$_$1,0.6666666865348816,0.8716143
252097$_$0,1.3333333730697632,0.7144312
252097$_$3,-1.0,-0.06904781
252097$_$5,-1.6666666269302368,-0.91560054
252097$_$4,-1.3333333730697632,-1.9075015
252097$_$7,-2.0,-0.8627266
252097$_$6,0.3333333432674408,0.45974478
252097$_$9,-1.6666666269302368,-1.9532008
252097$_$8,-1.6666666269302368,-1.6001611
252912$_$11,-1.6666666269302368,-0.119495586
252912$_$10,-2.0,-1.768914
252912$_$13,-1.6666666269302368,-1.1310202
252912$_$12,-2.6666667461395264,-0.26392746
252912$_$1,-1.6666666269302368,0.5273563
252912$_$0,0.3333333432674408,0.29139856
252912$_$2,-2.6666667461395264,-1.3804367
252912$_$5,-1.3333333730697632,-0.898549
252912$_$4,0.0,0.090876624
252912$_$7,-1.6666666269302368,-1.8990312
252912$_$6,-1.3333333730697632,-0.24395393
252912$_$9,-1.3333333730697632,-1.1026201
252912$_$8,1.6666666269302368,0.2511816
254427$_$0,1.6666666269302368,0.73762524
255408$_$1,0.0,0.059433267
255408$_$0,0.0,0.27036703
255408$_$3,-2.0,-0.6573366
255408$_$2,0.0,0.38724998
255408$_$5,0.0,-0.14367156
255408$_$4,-1.0,-0.30901903
255408$_$7,0.0,-0.94541085
255408$_$6,-0.3333333432674408,0.115892746
255408$_$9,-0.6666666865348816,-1.4305606
255408$_$8,-1.3333333730697632,-1.5861381
25640$_$1,0.3333333432674408,-0.3820165
25640$_$0,0.0,0.45573792
25640$_$3,-1.0,-0.5500433
25640$_$2,1.0,1.1426079
25640$_$5,-0.3333333432674408,0.25102365
25640$_$4,-1.0,-1.1011207
25640$_$6,-0.3333333432674408,-1.5001076
257277$_$11,-1.0,-1.7063823
257277$_$10,-2.0,-1.1449829
257277$_$13,-1.0,0.889154
257277$_$12,0.0,-0.08657299
257277$_$15,0.0,0.25000066
257277$_$14,0.0,-0.047068346
257277$_$16,-1.3333333730697632,-1.2692
257277$_$1,0.3333333432674408,0.6924642
257277$_$0,0.3333333432674408,0.6294014
257277$_$3,1.0,-0.19352156
257277$_$2,-0.3333333432674408,-0.016458068
257277$_$5,-2.0,-0.4301125
257277$_$4,0.0,-1.278208
257277$_$7,0.6666666865348816,0.6531151
257277$_$6,2.0,1.7900515
257277$_$9,0.0,-0.22001518
257277$_$8,-1.6666666269302368,-1.4449582
257534$_$11,-1.3333333730697632,-1.7671318
257534$_$10,-2.6666667461395264,-0.6344773
257534$_$13,0.0,0.17477137
257534$_$12,-1.3333333730697632,-1.0029831
257534$_$15,-1.3333333730697632,-1.2819808
257534$_$14,-3.0,-1.7935572
257534$_$16,-1.3333333730697632,-1.7074606
257534$_$1,0.0,0.3270287
257534$_$0,0.0,0.415251
257534$_$3,-0.6666666865348816,-0.88575643
257534$_$2,-2.0,-0.342764
257534$_$5,0.0,-0.14020978
257534$_$4,0.0,0.15271017
257534$_$7,0.0,0.16733259
257534$_$6,-2.0,-1.6129558
257534$_$9,0.0,-0.039063316
257534$_$8,0.0,0.19358727
259470$_$13,-1.6666666269302368,-2.176303
259470$_$12,-1.6666666269302368,-0.9458831
259470$_$15,-1.3333333730697632,-1.217828
259470$_$14,-1.6666666269302368,-0.31549594
259470$_$17,-2.3333332538604736,-1.2957981
259470$_$16,-2.6666667461395264,-1.7356764
259470$_$19,-1.3333333730697632,-1.4525907
259470$_$18,-1.3333333730697632,0.463203
259470$_$23,-0.6666666865348816,0.6999382
259470$_$0,0.0,0.55891675
259470$_$2,0.0,-0.13981323
259470$_$4,0.0,0.56388813
259470$_$7,-2.3333332538604736,-2.2097201
259470$_$6,0.6666666865348816,0.1523648
259470$_$9,-1.3333333730697632,-0.47206923
259470$_$8,-2.3333332538604736,-1.8488562
259470$_$21,-2.3333332538604736,0.63950926
267466$_$28,-1.0,0.5362656
267466$_$29,-1.6666666269302368,-0.29200467
267466$_$24,0.6666666865348816,0.5793794
267466$_$25,-0.3333333432674408,-0.7077863
267466$_$26,-1.6666666269302368,-1.0558707
267466$_$27,-0.3333333432674408,-0.108237505
267466$_$20,-0.3333333432674408,-0.034741547
267466$_$21,-2.0,-0.60028464
267466$_$22,-2.0,-1.0139322
267466$_$23,-2.6666667461395264,-1.5649862
267466$_$46,-1.3333333730697632,-1.8158541
267466$_$44,-2.6666667461395264,-1.9062502
267466$_$45,-3.0,-1.9754276
267466$_$42,-2.3333332538604736,-1.3039715
267466$_$43,-1.6666666269302368,-0.22294872
267466$_$40,0.6666666865348816,0.69960743
267466$_$41,0.6666666865348816,1.386533
267466$_$1,0.0,0.38616458
267466$_$0,0.0,0.32626584
267466$_$3,0.0,0.26033887
267466$_$2,0.0,-0.33241192
267466$_$5,-1.6666666269302368,-0.45301768
267466$_$4,-1.3333333730697632,0.08552635
267466$_$7,-2.6666667461395264,-1.5725713
267466$_$6,-1.6666666269302368,-1.3221292
267466$_$9,-1.0,-0.22150154
267466$_$8,-1.0,-0.052220892
267466$_$13,0.0,-0.12488583
267466$_$12,-2.6666667461395264,-1.6109902
267466$_$11,-1.0,-0.0915315
267466$_$10,0.6666666865348816,0.041349087
267466$_$39,-1.6666666269302368,-0.8068784
267466$_$38,0.0,-1.2888086
267466$_$15,0.0,-0.018964972
267466$_$14,0.0,-0.23155607
267466$_$17,-2.0,-0.49590585
267466$_$16,-1.0,-1.2772906
267466$_$33,-1.0,-0.7230241
267466$_$18,0.6666666865348816,0.32178754
267466$_$31,-1.0,-0.33177668
267466$_$30,-1.3333333730697632,-0.040229935
267466$_$37,-1.6666666269302368,-1.2804097
267466$_$36,-3.0,-1.2864349
267466$_$35,-1.0,-1.499402
267466$_$34,-2.3333332538604736,-1.5009189
267466$_$19,0.0,0.25721446
267466$_$32,-2.0,-1.25127
267694$_$11,-1.6666666269302368,-1.2677467
267694$_$10,0.3333333432674408,0.40520865
267694$_$12,-1.3333333730697632,-0.5669152
267694$_$15,-2.3333332538604736,-0.7786043
267694$_$14,-2.3333332538604736,-1.6465284
267694$_$17,-1.3333333730697632,-1.6313505
267694$_$16,-1.0,-0.5819117
267694$_$19,-0.6666666865348816,0.17394733
267694$_$18,-2.3333332538604736,-1.1098359
267694$_$1,0.0,0.51841223
267694$_$0,0.0,0.34071562
267694$_$3,-0.3333333432674408,-0.7069884
267694$_$2,0.0,0.39437443
267694$_$5,0.0,0.2528706
267694$_$4,0.0,-0.10581277
267694$_$7,-2.0,-1.243278
267694$_$6,-1.6666666269302368,-1.494159
267694$_$9,0.0,-0.094776854
267694$_$8,0.0,0.021770936
272838$_$11,-1.0,-0.57940364
272838$_$10,-1.6666666269302368,-1.2045795
272838$_$13,-0.6666666865348816,-0.4274709
272838$_$12,-0.6666666865348816,0.35548988
272838$_$15,-2.3333332538604736,-1.7748377
272838$_$14,-0.3333333432674408,-0.99749714
272838$_$17,0.0,0.40314272
272838$_$16,0.0,0.7172135
272838$_$1,0.0,0.017830234
272838$_$0,-1.0,0.23465528
272838$_$3,-1.3333333730697632,-1.9783878
272838$_$2,-2.0,-0.56369996
272838$_$5,0.0,-0.22874857
272838$_$4,0.0,-0.09476127
272838$_$7,0.0,-0.29660863
272838$_$6,-2.0,-0.21495019
272838$_$9,0.0,-0.09967068
273207$_$1,0.0,-0.045062307
273207$_$0,0.0,0.3623479
273207$_$3,-1.6666666269302368,-2.2538471
273207$_$2,0.6666666865348816,0.76122147
273207$_$4,0.3333333432674408,0.1691348
273207$_$7,-0.3333333432674408,-1.3216811
273207$_$6,-0.3333333432674408,-0.51967263
273207$_$9,-0.3333333432674408,0.41797712
273207$_$8,0.0,-0.07081662
273250$_$24,-2.3333332538604736,-1.529467
273250$_$25,-1.3333333730697632,0.0809772
273250$_$26,-2.6666667461395264,-1.7527874
273250$_$27,-2.0,-1.2373666
273250$_$20,-0.3333333432674408,-0.2732269
273250$_$21,-2.0,0.4724764
273250$_$22,-1.3333333730697632,-0.9534947
273250$_$23,-3.0,-2.2653723
273250$_$1,0.0,0.14125875
273250$_$0,0.6666666865348816,0.37765664
273250$_$3,-0.6666666865348816,-0.24274354
273250$_$2,0.0,-0.40400276
273250$_$5,-0.6666666865348816,0.3480269
273250$_$4,-3.0,-0.2128018
273250$_$7,-0.3333333432674408,0.15321323
273250$_$6,0.0,-0.2111239
273250$_$9,0.0,-0.09960505
273250$_$11,-1.3333333730697632,-0.15181094
273250$_$10,-2.6666667461395264,-1.8353156
273250$_$13,-1.3333333730697632,-0.76276225
273250$_$12,-2.6666667461395264,-0.08896823
273250$_$15,-0.6666666865348816,-0.13360552
273250$_$14,-2.0,-1.9144998
273250$_$17,-2.3333332538604736,-2.4971058
273250$_$16,-2.3333332538604736,-0.34586814
273250$_$19,0.0,-0.05705339
273250$_$18,-1.6666666269302368,-1.8285106
275267$_$11,-2.3333332538604736,-1.5712729
275267$_$10,-2.6666667461395264,-1.8877172
275267$_$13,-1.3333333730697632,-0.4906796
275267$_$12,-1.3333333730697632,-0.33157882
275267$_$15,0.0,-0.022602674
275267$_$14,-1.6666666269302368,-1.079167
275267$_$1,-2.6666667461395264,-1.6355164
275267$_$0,0.0,0.28794467
275267$_$3,-1.3333333730697632,-0.31810063
275267$_$5,0.0,-0.3651503
275267$_$4,-1.3333333730697632,-1.0557983
275267$_$7,0.0,-0.26836118
275267$_$6,0.0,0.052258417
275267$_$9,-0.6666666865348816,0.23927823
275267$_$8,0.0,0.023269337
27v7Blr0vjw$_$0,-0.3333333432674408,0.038377225
27v7Blr0vjw$_$3,0.0,0.47571504
27v7Blr0vjw$_$2,-0.3333333432674408,0.40784594
27v7Blr0vjw$_$5,0.0,0.7967093
27v7Blr0vjw$_$4,0.0,0.5150122
28006$_$20,-3.0,-1.8608128
28006$_$21,-3.0,-0.5517925
28006$_$22,-2.3333332538604736,-1.5798857
28006$_$1,0.0,0.03279541
28006$_$0,-2.6666667461395264,0.3927113
28006$_$3,-0.3333333432674408,-0.035913114
28006$_$2,-3.0,-1.7564731
28006$_$5,-1.6666666269302368,-0.728829
28006$_$4,-0.3333333432674408,0.062459428
28006$_$7,-2.3333332538604736,-1.4766684
28006$_$6,-2.0,-1.202353
28006$_$9,-2.0,-1.3538861
28006$_$8,-0.3333333432674408,-0.311385
28006$_$11,-2.3333332538604736,-1.5287616
28006$_$13,-2.3333332538604736,-0.6210846
28006$_$12,-2.0,-1.1941551
28006$_$15,-1.6666666269302368,-1.2180371
28006$_$14,-3.0,-1.7837911
28006$_$17,-2.0,0.026081026
28006$_$19,-2.3333332538604736,-1.7664262
28006$_$18,-2.0,-0.28377548
283935$_$0,0.6666666865348816,0.18965249
283935$_$5,-2.0,-1.8729753
283935$_$4,1.3333333730697632,0.60364574
286943$_$11,0.0,-0.28065464
286943$_$10,-1.6666666269302368,-1.5749891
286943$_$0,0.3333333432674408,0.5497974
286943$_$3,0.0,0.33130285
286943$_$5,-1.3333333730697632,-1.0045217
286943$_$4,-0.3333333432674408,-0.196054
286943$_$7,-1.6666666269302368,-1.3728868
286943$_$6,-1.6666666269302368,-1.8374242
286943$_$8,-1.6666666269302368,-0.4136974
29751$_$11,0.0,0.25826973
29751$_$10,0.0,-0.12863009
29751$_$1,0.0,0.1813233
29751$_$0,0.0,0.598601
29751$_$3,-2.0,-2.0460293
29751$_$2,0.0,0.03103923
29751$_$5,-1.0,0.3430476
29751$_$4,-2.0,-1.4398805
29751$_$7,-1.3333333730697632,-0.6806829
29751$_$6,0.0,0.25173488
29751$_$9,0.0,-0.3025687
29751$_$8,-2.0,-1.2159717
2BuFtglEcaY$_$11,2.3333332538604736,0.8873096
2BuFtglEcaY$_$10,1.6666666269302368,0.9228642
2BuFtglEcaY$_$13,2.0,1.0641758
2BuFtglEcaY$_$12,2.3333332538604736,1.2651367
2BuFtglEcaY$_$14,1.3333333730697632,1.064759
2BuFtglEcaY$_$1,2.3333332538604736,1.6916934
2BuFtglEcaY$_$0,1.0,0.718653
2BuFtglEcaY$_$3,-1.6666666269302368,0.37391624
2BuFtglEcaY$_$2,2.6666667461395264,1.2321064
2BuFtglEcaY$_$5,2.0,1.4848077
2BuFtglEcaY$_$4,2.0,1.6022826
2BuFtglEcaY$_$7,1.3333333730697632,1.0440552
2BuFtglEcaY$_$6,1.0,0.868004
2BuFtglEcaY$_$9,1.6666666269302368,1.9492801
2BuFtglEcaY$_$8,2.0,1.5699723
2ItiGjefTRA$_$3,0.0,0.26860967
2ItiGjefTRA$_$4,-0.6666666865348816,-0.07619473
2QXHdu2zlQY$_$2,0.3333333432674408,0.92413074
2QXHdu2zlQY$_$5,1.3333333730697632,0.60598093
2QXHdu2zlQY$_$4,1.0,0.6607627
2QXHdu2zlQY$_$7,1.3333333730697632,1.0650935
2QXHdu2zlQY$_$6,0.0,0.32658857
2QXHdu2zlQY$_$8,0.3333333432674408,0.7825991
2W-U94hXuK0$_$1,0.3333333432674408,0.36430618
2W-U94hXuK0$_$3,-3.0,-0.4183196
2W-U94hXuK0$_$2,-1.3333333730697632,0.25880042
2W-U94hXuK0$_$4,-2.0,-0.58047163
2fbBrB1nJEQ$_$0,2.0,0.7907855
2m58ShI1QSI$_$0,0.0,0.92292386
2m58ShI1QSI$_$2,0.3333333432674408,0.70948225
2o2ljA0QD7g$_$11,0.0,0.15553796
2o2ljA0QD7g$_$12,0.6666666865348816,0.58605784
2o2ljA0QD7g$_$4,0.3333333432674408,0.35589865
2vsgDSlJ9pU$_$0,0.0,0.33754638
2vsgDSlJ9pU$_$13,0.6666666865348816,0.5578757
2vsgDSlJ9pU$_$12,1.0,0.386946
2vsgDSlJ9pU$_$5,1.3333333730697632,0.03288943
2ze94yo2aPo$_$1,0.6666666865348816,0.8015304
2ze94yo2aPo$_$5,1.0,0.62970746
2ze94yo2aPo$_$4,0.6666666865348816,0.63384324
34cU3HO_hEA$_$8,0.3333333432674408,-0.17389597
35694$_$11,0.3333333432674408,-0.018241633
35694$_$10,0.0,0.21821408
35694$_$13,-1.6666666269302368,-0.854988
35694$_$12,-1.3333333730697632,-0.19999425
35694$_$14,-1.3333333730697632,-1.9141929
35694$_$17,-1.6666666269302368,-0.38661617
35694$_$1,0.6666666865348816,0.045202654
35694$_$0,0.0,1.0963976
35694$_$3,-1.3333333730697632,-1.6237371
35694$_$2,-0.3333333432674408,-0.45424923
35694$_$5,0.0,0.0060238875
35694$_$4,0.6666666865348816,-0.59388936
35694$_$7,1.0,0.091827914
35694$_$6,0.0,-0.00839347
35694$_$9,0.3333333432674408,0.23930445
35694$_$8,0.6666666865348816,0.15882224
3At-BKm9eYk$_$1,-0.3333333432674408,0.12606588
3At-BKm9eYk$_$0,-0.6666666865348816,-1.4098997
3At-BKm9eYk$_$3,-0.6666666865348816,-1.0356766
3At-BKm9eYk$_$2,-2.3333332538604736,-0.521238
3At-BKm9eYk$_$5,-0.3333333432674408,0.7499924
3At-BKm9eYk$_$4,0.0,0.51417845
3At-BKm9eYk$_$7,0.3333333432674408,0.109461315
3At-BKm9eYk$_$6,1.0,-0.02987725
3HyAaqre_Fk$_$3,-0.6666666865348816,-0.31283382
3HyAaqre_Fk$_$2,1.0,0.22458117
3HyAaqre_Fk$_$6,1.3333333730697632,1.3415248
3IUVpwx23cY$_$9,-0.3333333432674408,-0.039780248
3IUVpwx23cY$_$10,0.3333333432674408,0.49584416
3IUVpwx23cY$_$31,-0.6666666865348816,0.12560698
3IUVpwx23cY$_$27,0.0,0.30756295
3IUVpwx23cY$_$23,0.0,0.3556566
3OYY5Tsz_2k$_$10,0.0,0.2650932
3OYY5Tsz_2k$_$14,1.3333333730697632,0.6424826
3OYY5Tsz_2k$_$1,0.6666666865348816,0.44928762
3OYY5Tsz_2k$_$2,0.0,0.2494394
3OYY5Tsz_2k$_$5,0.0,0.1775109
3OYY5Tsz_2k$_$7,0.0,0.20851304
3REPHw7oLWo$_$1,1.0,0.47940642
3REPHw7oLWo$_$13,0.3333333432674408,0.81222636
3REPHw7oLWo$_$4,-0.3333333432674408,-0.06165551
3REPHw7oLWo$_$7,1.0,0.2493784
3UOqbf_B_Yc$_$1,0.0,0.7409138
3UOqbf_B_Yc$_$2,0.3333333432674408,1.142338
3UOqbf_B_Yc$_$6,1.0,1.0476438
3WZ6R9B0PcU$_$9,-0.6666666865348816,-0.33869982
3XShFTBsp_Q$_$2,1.3333333730697632,0.7752229
3hOlJf_JQDs$_$1,2.3333332538604736,2.1656144
3hOlJf_JQDs$_$3,2.0,1.352617
3odZe3AGilc$_$0,1.3333333730697632,1.0024277
3odZe3AGilc$_$3,1.3333333730697632,1.4050777
3odZe3AGilc$_$2,1.3333333730697632,0.5289718
3wHE78v9zr4$_$25,2.0,1.0272857
3wHE78v9zr4$_$26,-0.6666666865348816,-0.7908445
3wHE78v9zr4$_$27,1.0,0.44907516
3wHE78v9zr4$_$21,-0.3333333432674408,0.17574777
3wHE78v9zr4$_$22,1.0,0.6195034
3wHE78v9zr4$_$23,1.0,0.64628184
3wHE78v9zr4$_$1,0.6666666865348816,0.5309437
3wHE78v9zr4$_$0,1.0,0.80973
3wHE78v9zr4$_$2,2.0,1.4585133
3wHE78v9zr4$_$5,0.0,0.1503797
3wHE78v9zr4$_$7,1.6666666269302368,0.67807806
3wHE78v9zr4$_$8,0.6666666865348816,0.35154128
3wHE78v9zr4$_$11,0.3333333432674408,0.42337093
3wHE78v9zr4$_$10,-2.0,-0.64955074
3wHE78v9zr4$_$13,0.0,0.07775645
3wHE78v9zr4$_$12,1.0,0.19260277
3wHE78v9zr4$_$15,1.0,0.32551596
3wHE78v9zr4$_$14,0.0,-0.24603496
3wHE78v9zr4$_$17,-1.3333333730697632,-0.29427525
3wHE78v9zr4$_$16,-1.6666666269302368,-0.05013754
3wHE78v9zr4$_$19,1.0,0.6601903
41381$_$10,-0.6666666865348816,-0.33808717
41381$_$1,1.0,0.75211114
41381$_$0,0.6666666865348816,0.35428938
41381$_$2,0.0,-0.051839966
41381$_$4,0.0,0.0044639595
41381$_$7,0.0,0.022235755
41381$_$6,-0.6666666865348816,-0.48808208
41381$_$9,-2.0,-0.74308777
41381$_$8,1.0,0.81361383
424SXFTCFsA$_$1,0.6666666865348816,0.46908087
424SXFTCFsA$_$3,1.3333333730697632,1.4315462
424SXFTCFsA$_$2,1.3333333730697632,0.46946293
424SXFTCFsA$_$4,2.0,0.7844899
46495$_$1,0.0,0.36082026
46495$_$0,-0.6666666865348816,0.022678688
46495$_$3,0.0,-0.0068103
46495$_$2,0.0,0.28746098
46495$_$5,0.0,-0.6540843
46495$_$7,-2.0,-1.3638489
46495$_$6,-2.3333332538604736,-2.1506424
46495$_$9,-2.0,-2.2425284
46495$_$8,-2.0,-0.62290716
46615$_$1,-1.3333333730697632,-0.4664769
46615$_$0,0.0,0.42641786
46615$_$3,-1.0,0.31301478
46615$_$2,0.0,0.11748803
46615$_$5,-2.3333332538604736,-1.8188632
46615$_$4,-0.3333333432674408,0.027926568
46615$_$7,-2.3333332538604736,-1.574311
46615$_$6,-2.0,-1.5210278
46615$_$9,-1.0,0.64112794
46615$_$8,-3.0,-1.7670445
4EDblUpJieU$_$1,0.6666666865348816,0.6264561
4EDblUpJieU$_$3,2.0,0.4028121
4EDblUpJieU$_$7,1.3333333730697632,0.9995751
4YfyP0uIqw0$_$6,0.6666666865348816,0.3970007
4dAYMzRyndc$_$10,2.0,0.2986052
4dAYMzRyndc$_$13,0.0,0.28254616
4dAYMzRyndc$_$16,0.0,0.61605793
4dAYMzRyndc$_$3,0.3333333432674408,0.6541656
4dAYMzRyndc$_$4,0.0,0.6346526
4dAYMzRyndc$_$9,0.0,0.46632022
4o4ilPK9rl8$_$1,-1.3333333730697632,0.019165065
4t5k_yILGJM$_$3,-0.6666666865348816,-0.5846172
4wLP4elp1uM$_$8,-0.6666666865348816,-0.0091989
4wLP4elp1uM$_$7,-1.6666666269302368,0.06409584
53609$_$11,-0.6666666865348816,0.46575546
53609$_$10,-2.0,-1.8276883
53609$_$13,-2.0,-1.1805214
53609$_$12,-0.3333333432674408,-1.6101203
53609$_$15,-0.3333333432674408,-0.5279882
53609$_$14,-2.6666667461395264,-0.9008797
53609$_$1,0.0,1.0644621
53609$_$0,-0.3333333432674408,0.13023226
53609$_$3,0.0,-0.41915992
53609$_$2,0.3333333432674408,0.10340622
53609$_$5,0.0,-0.31773287
53609$_$4,0.0,-0.10267885
53609$_$7,-1.6666666269302368,-1.2987239
53609$_$6,0.0,0.17234416
53609$_$9,-1.3333333730697632,-1.3297275
53609$_$8,-1.6666666269302368,-1.8670974
53766$_$1,1.3333333730697632,0.15646033
53766$_$0,0.0,0.25832528
53766$_$3,1.0,1.1538103
53766$_$2,0.0,0.13824967
53766$_$5,0.6666666865348816,0.4291213
53766$_$4,2.3333332538604736,0.75865877
53766$_$7,2.0,0.2361499
53766$_$6,3.0,1.2325073
53766$_$9,2.0,1.1403683
53766$_$8,3.0,0.9862698
56989$_$11,-2.0,-2.3322983
56989$_$10,-2.0,-0.9352551
56989$_$13,0.3333333432674408,-0.066713795
56989$_$12,-0.6666666865348816,0.094460085
56989$_$1,-3.0,-2.0850353
56989$_$0,0.0,0.17717715
56989$_$3,-2.3333332538604736,-1.5568615
56989$_$2,-2.0,-0.9993966
56989$_$5,-2.3333332538604736,-2.2581115
56989$_$4,-0.6666666865348816,0.07872164
56989$_$7,1.6666666269302368,1.4343894
56989$_$6,-2.0,-0.59946376
56989$_$9,1.0,1.1952503
56989$_$8,0.3333333432674408,-0.060741622
59673$_$11,-2.0,-0.84439874
59673$_$10,-0.3333333432674408,-0.8299959
59673$_$13,0.0,-0.19071315
59673$_$12,-1.0,-1.969696
59673$_$1,0.0,0.10556561
59673$_$0,0.0,-0.061147753
59673$_$3,-1.0,-1.8094162
59673$_$2,0.0,-0.23271568
59673$_$5,0.3333333432674408,0.3428102
59673$_$4,1.0,0.14268686
59673$_$7,-0.3333333432674408,-0.05814231
59673$_$6,-0.3333333432674408,-0.69001055
59673$_$9,-2.0,-0.27690062
59673$_$8,-0.6666666865348816,-1.1905646
5eY4S1F62Z4$_$11,0.3333333432674408,-0.5878057
5eY4S1F62Z4$_$10,0.0,-0.38574737
5eY4S1F62Z4$_$13,0.3333333432674408,0.16980329
5eY4S1F62Z4$_$12,-0.3333333432674408,-0.6783121
5eY4S1F62Z4$_$15,0.6666666865348816,0.22787988
5eY4S1F62Z4$_$14,0.3333333432674408,0.22944178
5eY4S1F62Z4$_$17,0.3333333432674408,0.3423583
5eY4S1F62Z4$_$16,1.3333333730697632,0.3757713
5eY4S1F62Z4$_$0,1.0,0.24941579
5eY4S1F62Z4$_$3,0.3333333432674408,0.28832042
5eY4S1F62Z4$_$2,0.6666666865348816,0.66827196
5eY4S1F62Z4$_$5,0.3333333432674408,0.48592067
5eY4S1F62Z4$_$4,0.6666666865348816,0.36232865
5eY4S1F62Z4$_$7,0.6666666865348816,-0.08564025
5eY4S1F62Z4$_$6,0.3333333432674408,0.36309534
5eY4S1F62Z4$_$9,0.6666666865348816,0.18159188
5eY4S1F62Z4$_$8,1.0,0.2800121
5fKPJPFqPho$_$11,-0.6666666865348816,-0.18079524
5fKPJPFqPho$_$10,0.0,-0.022243094
5fKPJPFqPho$_$1,0.0,0.042307064
5fKPJPFqPho$_$3,0.0,-0.12420662
5fKPJPFqPho$_$2,0.6666666865348816,0.28211132
5fKPJPFqPho$_$5,0.3333333432674408,0.24759175
5fKPJPFqPho$_$4,0.0,-0.25364542
5fKPJPFqPho$_$7,0.3333333432674408,-0.09087537
5fKPJPFqPho$_$6,0.3333333432674408,-0.111172125
5fKPJPFqPho$_$9,0.0,-0.11818595
5fKPJPFqPho$_$8,0.3333333432674408,-0.4147384
5lrDS7LluCA$_$1,-0.6666666865348816,0.16750602
5lrDS7LluCA$_$0,0.6666666865348816,-0.12494075
5lrDS7LluCA$_$3,0.6666666865348816,0.17890605
5lrDS7LluCA$_$5,-0.3333333432674408,0.53497887
5lrDS7LluCA$_$4,1.0,1.2953304
5lrDS7LluCA$_$7,0.6666666865348816,0.62026864
5pxFqJ5hKMU$_$8,0.0,0.60290205
5pxFqJ5hKMU$_$2,0.0,0.47812733
5vwXp27bCLw$_$24,0.0,0.5775693
5vwXp27bCLw$_$10,-1.6666666269302368,-0.105918586
5vwXp27bCLw$_$13,0.0,-0.008877765
5vwXp27bCLw$_$12,0.6666666865348816,1.217305
5vwXp27bCLw$_$17,-0.3333333432674408,-0.31856212
5vwXp27bCLw$_$16,0.0,-0.030020367
5vwXp27bCLw$_$3,-0.3333333432674408,-0.2345574
5vwXp27bCLw$_$27,1.3333333730697632,0.5635555
5vwXp27bCLw$_$5,-0.3333333432674408,-0.24967079
5vwXp27bCLw$_$11,0.3333333432674408,0.01736426
5vwXp27bCLw$_$8,-0.3333333432674408,0.37216476
5vwXp27bCLw$_$21,-1.3333333730697632,-1.5935047
5xa0Ac2krGs$_$2,-0.3333333432674408,0.21624471
5xa0Ac2krGs$_$7,0.3333333432674408,0.47504598
61531$_$11,1.0,1.0123279
61531$_$10,1.3333333730697632,1.1873364
61531$_$13,0.0,-0.105888695
61531$_$12,0.6666666865348816,-0.05590898
61531$_$15,0.0,0.10287869
61531$_$14,0.6666666865348816,0.900985
61531$_$16,2.6666667461395264,1.6124253
61531$_$1,0.0,0.012874864
61531$_$0,0.3333333432674408,-0.007163033
61531$_$3,0.0,0.31466588
61531$_$2,0.0,0.1727391
61531$_$5,0.0,0.49874696
61531$_$4,0.3333333432674408,0.3064727
61531$_$7,2.6666667461395264,1.3713858
61531$_$6,2.3333332538604736,1.7451466
61531$_$9,2.0,0.8590091
61531$_$8,2.3333332538604736,1.3449292
63951$_$11,-2.0,-1.9142113
63951$_$10,-2.6666667461395264,-1.5199908
63951$_$13,-2.6666667461395264,-2.2916625
63951$_$12,-2.0,-0.51184565
63951$_$15,0.0,0.14887449
63951$_$14,-1.6666666269302368,-0.05135684
63951$_$1,0.0,0.25965557
63951$_$0,0.0,0.031072892
63951$_$3,-0.6666666865348816,-0.55751187
63951$_$2,0.0,0.11072612
63951$_$5,-0.6666666865348816,-0.00064319745
63951$_$7,-3.0,-2.586504
63951$_$6,-3.0,-2.6757283
63951$_$9,-2.0,-2.013116
63951$_$8,-2.6666667461395264,-1.7915258
67uKYi7mslE$_$11,1.3333333730697632,0.6953565
67uKYi7mslE$_$10,0.6666666865348816,0.8627233
67uKYi7mslE$_$13,1.0,0.27128744
67uKYi7mslE$_$12,0.6666666865348816,0.55936366
67uKYi7mslE$_$15,0.6666666865348816,0.6838463
67uKYi7mslE$_$14,1.3333333730697632,0.32608435
67uKYi7mslE$_$17,-1.0,0.3594714
67uKYi7mslE$_$16,0.6666666865348816,0.60478
67uKYi7mslE$_$18,-1.6666666269302368,-0.38830498
67uKYi7mslE$_$1,1.3333333730697632,0.40468776
67uKYi7mslE$_$0,0.6666666865348816,0.6828302
67uKYi7mslE$_$3,0.6666666865348816,0.35478777
67uKYi7mslE$_$2,0.0,-0.2009501
67uKYi7mslE$_$5,0.6666666865348816,0.20782264
67uKYi7mslE$_$4,0.0,0.24123862
67uKYi7mslE$_$7,0.0,0.17993343
67uKYi7mslE$_$6,0.6666666865348816,0.92025375
67uKYi7mslE$_$9,0.0,0.44009
67uKYi7mslE$_$8,-0.3333333432674408,-0.8910571
69824$_$1,-1.6666666269302368,-0.90343857
69824$_$0,0.0,0.8104354
69824$_$3,-3.0,-2.1999788
69824$_$2,-1.3333333730697632,1.5015584
69824$_$5,-2.6666667461395264,-2.3017983
69824$_$4,2.0,0.3234012
69824$_$7,-1.0,-1.2271006
69824$_$6,-1.0,0.20190595
69824$_$8,-2.0,-1.1009872
6EDoVEm16fU$_$1,2.0,1.2240334
6EDoVEm16fU$_$2,0.6666666865348816,0.8038053
6EDoVEm16fU$_$6,1.0,0.69321054
6EJHA6IDLNk$_$9,1.6666666269302368,0.81763476
6EJHA6IDLNk$_$3,0.6666666865348816,0.663178
6EJHA6IDLNk$_$4,0.0,0.58833224
6RFVsOWK1m4$_$1,0.0,0.21285102
6RFVsOWK1m4$_$0,0.0,-0.49408183
6RFVsOWK1m4$_$2,-1.0,0.672482
6RFVsOWK1m4$_$5,0.0,0.28641894
6RFVsOWK1m4$_$4,-0.3333333432674408,0.05920985
6RFVsOWK1m4$_$7,-0.6666666865348816,-0.62271255
6RFVsOWK1m4$_$9,1.0,0.5677541
6brtMLkjjYk$_$0,2.0,0.4943087
6brtMLkjjYk$_$3,2.0,1.0241114
6brtMLkjjYk$_$2,1.0,0.8945249
6gtfeIqGasE$_$1,0.6666666865348816,0.3107371
6gtfeIqGasE$_$0,1.3333333730697632,0.85348046
6gtfeIqGasE$_$2,1.0,0.4822794
6gtfeIqGasE$_$4,2.0,1.3980277
6gtfeIqGasE$_$6,2.6666667461395264,1.3869303
6uoM8-9d0zA$_$4,0.6666666865348816,0.6992643
79356$_$11,0.3333333432674408,-0.26061755
79356$_$10,-0.3333333432674408,-0.6664128
79356$_$12,2.0,0.92203623
79356$_$1,1.6666666269302368,1.4503858
79356$_$0,1.0,0.4104341
79356$_$3,2.6666667461395264,1.3719879
79356$_$2,2.6666667461395264,0.8881014
79356$_$5,0.0,-1.0956825
79356$_$4,0.0,-0.3818264
79356$_$7,2.6666667461395264,1.297644
79356$_$6,-0.3333333432674408,-0.36264184
79356$_$9,1.0,-0.25891843
79356$_$8,0.0,-0.31183976
7IxmlIwqigw$_$20,0.6666666865348816,0.44151565
7IxmlIwqigw$_$14,0.0,-0.10864706
7IxmlIwqigw$_$16,0.6666666865348816,0.8583051
7IxmlIwqigw$_$32,0.6666666865348816,0.45850286
7IxmlIwqigw$_$31,1.6666666269302368,0.92128414
7IxmlIwqigw$_$23,0.3333333432674408,-0.014320049
7IxmlIwqigw$_$5,0.0,0.25695187
7IxmlIwqigw$_$9,-0.6666666865348816,0.24721311
7deoh0NoMs4$_$1,1.0,1.0675881
7deoh0NoMs4$_$0,2.0,0.6810381
7f3ndBCx_JE$_$11,2.0,0.6686259
7f3ndBCx_JE$_$19,2.0,1.0984707
7f3ndBCx_JE$_$1,1.6666666269302368,0.9198782
7idU7rR77Ss$_$0,0.0,-0.34436166
7idU7rR77Ss$_$3,0.0,-0.020992253
7idU7rR77Ss$_$2,0.0,-0.7719303
7idU7rR77Ss$_$5,0.0,0.30614248
7idU7rR77Ss$_$4,0.0,0.17738952
7mb8Y2AhXIY$_$0,0.3333333432674408,1.0460198
7mb8Y2AhXIY$_$4,0.6666666865348816,0.41921973
7npCA0zoQ8Q$_$0,1.3333333730697632,1.0423089
7npCA0zoQ8Q$_$3,1.6666666269302368,1.3028808
83400$_$10,-1.0,-0.31574243
83400$_$1,0.0,-0.0016076453
83400$_$0,1.3333333730697632,-0.9069339
83400$_$3,0.0,0.006302379
83400$_$2,-0.6666666865348816,0.27492842
83400$_$5,0.0,-0.47361514
83400$_$4,0.0,-0.115873665
83400$_$7,0.3333333432674408,0.06258869
83400$_$6,-0.3333333432674408,-0.04803403
83400$_$9,-2.3333332538604736,-1.7772454
83400$_$8,-1.6666666269302368,-1.5026875
86c2OkQ3_U8$_$13,0.0,-1.4638386
86c2OkQ3_U8$_$14,0.6666666865348816,-0.65616626
86c2OkQ3_U8$_$22,2.0,0.6756095
86c2OkQ3_U8$_$16,0.0,0.16499448
86c2OkQ3_U8$_$19,-1.3333333730697632,-1.2611738
86c2OkQ3_U8$_$18,0.3333333432674408,0.16270067
86c2OkQ3_U8$_$0,0.6666666865348816,0.38893867
86c2OkQ3_U8$_$3,0.6666666865348816,0.22600122
86c2OkQ3_U8$_$2,0.6666666865348816,-0.12158142
86c2OkQ3_U8$_$5,0.3333333432674408,-1.2018198
86c2OkQ3_U8$_$9,0.3333333432674408,0.45351067
88791$_$11,-2.3333332538604736,-1.8293384
88791$_$10,-3.0,-1.9443611
88791$_$13,-2.0,0.14284313
88791$_$12,-1.6666666269302368,-0.7102844
88791$_$15,0.3333333432674408,0.733171
88791$_$14,0.0,0.101762265
88791$_$1,-1.0,-0.021556865
88791$_$0,-2.3333332538604736,0.820329
88791$_$2,0.0,-0.27563187
88791$_$5,-2.0,0.119488955
88791$_$4,-1.6666666269302368,-0.15002145
88791$_$7,-1.6666666269302368,0.028717525
88791$_$6,-2.0,-2.1723018
88791$_$9,0.0,-0.10985066
88791$_$8,-1.0,-0.8058507
89ZmOPOilu4$_$0,-1.0,0.5989094
89ZmOPOilu4$_$7,-0.3333333432674408,-1.8609504
8NPaDkOiXw4$_$1,0.0,0.7163295
8NPaDkOiXw4$_$0,0.0,0.3503657
8NPaDkOiXw4$_$3,-0.6666666865348816,-0.6818874
8NPaDkOiXw4$_$2,0.6666666865348816,0.3014127
8TDAP0KNIIw$_$1,0.3333333432674408,0.1909364
8TDAP0KNIIw$_$0,0.0,0.7692094
8VhVf0TbjDA$_$2,1.0,0.7590521
8XZszYrUSCQ$_$1,2.0,1.0627484
8XZszYrUSCQ$_$0,1.0,0.75425166
8XZszYrUSCQ$_$3,1.0,1.459912
8XZszYrUSCQ$_$2,1.0,0.8910864
8i7u3fl-hP8$_$1,0.0,0.23560189
8i7u3fl-hP8$_$0,1.3333333730697632,0.26528558
8i7u3fl-hP8$_$2,1.3333333730697632,0.34335682
8jY_RhOS89o$_$3,0.0,0.6788654
8jY_RhOS89o$_$5,1.6666666269302368,1.3301007
8jY_RhOS89o$_$4,0.6666666865348816,0.8508094
8jY_RhOS89o$_$7,0.6666666865348816,1.1678095
8lfS97s2AKc$_$1,0.6666666865348816,0.6336294
8lfS97s2AKc$_$0,-1.3333333730697632,-0.2379774
8lfS97s2AKc$_$3,-0.6666666865348816,-0.90336037
8lfS97s2AKc$_$2,2.0,0.94809777
8lfS97s2AKc$_$5,-1.6666666269302368,-0.23048566
8lfS97s2AKc$_$4,0.3333333432674408,0.30941364
8lfS97s2AKc$_$7,-1.0,0.5308928
8lfS97s2AKc$_$6,-2.0,-0.98291665
8wNr-NQImFg$_$10,0.0,0.03793607
8wNr-NQImFg$_$13,-0.3333333432674408,-0.34514728
8wNr-NQImFg$_$12,-1.3333333730697632,-0.18144536
8wNr-NQImFg$_$1,0.0,0.187198
8wNr-NQImFg$_$0,0.3333333432674408,-0.10226546
8wNr-NQImFg$_$7,1.3333333730697632,0.13387862
8wNr-NQImFg$_$6,0.6666666865348816,0.7944288
8wNr-NQImFg$_$8,0.3333333432674408,0.285243
8wQhzezNcUY$_$13,2.0,1.3320224
8wQhzezNcUY$_$12,0.0,1.2684226
8wQhzezNcUY$_$1,2.0,1.2497292
8wQhzezNcUY$_$2,1.0,1.1436386
8wQhzezNcUY$_$9,1.0,0.45969728
8wQhzezNcUY$_$8,0.6666666865348816,-0.78045696
91844$_$11,2.6666667461395264,-1.6494244
91844$_$10,-0.3333333432674408,-0.22762592
91844$_$13,0.6666666865348816,0.19888197
91844$_$12,3.0,-0.8511741
91844$_$1,-0.3333333432674408,-0.17544581
91844$_$0,0.6666666865348816,0.91842407
91844$_$2,0.0,0.59994096
91844$_$5,3.0,0.12938766
91844$_$4,0.0,-0.04510792
91844$_$7,0.6666666865348816,0.23454866
91844$_$6,0.6666666865348816,0.026487365
91844$_$8,2.0,1.4561739
92291$_$3,0.6666666865348816,-1.1395174
92291$_$2,0.0,0.4746005
92291$_$5,-2.3333332538604736,-1.2831469
92291$_$4,-2.3333332538604736,-0.9749121
92291$_$7,-2.3333332538604736,-1.7636619
92291$_$6,-1.3333333730697632,-1.3394613
92496$_$1,-1.0,-1.3580513
92496$_$0,-2.6666667461395264,-0.3136986
92496$_$3,-2.0,-1.4394786
92496$_$2,-1.6666666269302368,0.1823502
92496$_$5,-3.0,-2.059985
92496$_$4,0.0,0.23072155
93iGT5oueTA$_$10,1.0,0.47794396
93iGT5oueTA$_$12,-2.0,-1.7809274
93iGT5oueTA$_$0,0.6666666865348816,0.2602457
93iGT5oueTA$_$3,1.3333333730697632,0.28329867
93iGT5oueTA$_$2,1.6666666269302368,1.3214753
93iGT5oueTA$_$5,0.0,0.3565464
93iGT5oueTA$_$4,1.3333333730697632,-0.016288314
93iGT5oueTA$_$7,-0.3333333432674408,-0.41705528
93iGT5oueTA$_$6,1.0,0.49622294
93iGT5oueTA$_$9,-0.3333333432674408,-0.86156636
93iGT5oueTA$_$8,-2.6666667461395264,-1.3882887
94481$_$11,1.3333333730697632,1.1312059
94481$_$10,-0.6666666865348816,0.085599154
94481$_$1,-1.6666666269302368,0.12528189
94481$_$0,0.0,0.09701197
94481$_$3,1.6666666269302368,1.1561658
94481$_$2,0.6666666865348816,0.45014903
94481$_$5,3.0,1.6084538
94481$_$4,2.6666667461395264,0.3022463
94481$_$7,0.6666666865348816,0.6832168
94481$_$6,1.6666666269302368,0.7952745
94481$_$9,1.0,1.0664079
94481$_$8,1.6666666269302368,0.77041245
97ENTofrmNo$_$1,1.0,0.77469903
97ENTofrmNo$_$0,1.3333333730697632,0.9007194
97ENTofrmNo$_$2,2.0,1.088946
97ENTofrmNo$_$4,0.6666666865348816,1.0081099
9GzFQBljNIY$_$1,-1.0,-0.30982605
9GzFQBljNIY$_$0,0.0,-0.16984282
9GzFQBljNIY$_$3,0.3333333432674408,-0.33675927
9GzFQBljNIY$_$2,-1.0,-0.3019726
9GzFQBljNIY$_$5,1.0,0.3953661
9GzFQBljNIY$_$4,-1.6666666269302368,-0.09394483
9Lr4i7bIB6w$_$11,0.6666666865348816,1.0207427
9Lr4i7bIB6w$_$13,0.0,0.40991858
9Lr4i7bIB6w$_$12,1.0,1.1321713
9Lr4i7bIB6w$_$15,0.0,0.9159439
9Lr4i7bIB6w$_$14,0.6666666865348816,0.8907009
9Lr4i7bIB6w$_$0,0.6666666865348816,1.3490208
9Lr4i7bIB6w$_$3,1.0,0.6252418
9Lr4i7bIB6w$_$6,0.6666666865348816,0.78076035
9Lr4i7bIB6w$_$8,0.3333333432674408,0.61460465
9PzZSheh10U$_$24,2.3333332538604736,0.54943174
9PzZSheh10U$_$25,0.6666666865348816,0.4546389
9PzZSheh10U$_$26,1.0,0.31469238
9PzZSheh10U$_$27,1.3333333730697632,0.71736526
9PzZSheh10U$_$20,0.3333333432674408,0.6199047
9PzZSheh10U$_$21,0.6666666865348816,0.098970845
9PzZSheh10U$_$22,0.3333333432674408,-0.029320497
9PzZSheh10U$_$23,0.6666666865348816,0.5652235
9PzZSheh10U$_$28,0.6666666865348816,1.1100234
9PzZSheh10U$_$29,1.6666666269302368,1.5118768
9PzZSheh10U$_$1,1.3333333730697632,0.8127744
9PzZSheh10U$_$0,0.6666666865348816,0.76434153
9PzZSheh10U$_$3,1.0,0.81487536
9PzZSheh10U$_$2,0.6666666865348816,0.7314965
9PzZSheh10U$_$5,0.0,0.5494122
9PzZSheh10U$_$4,0.0,0.842913
9PzZSheh10U$_$7,0.3333333432674408,0.4050075
9PzZSheh10U$_$6,0.0,0.20338035
9PzZSheh10U$_$9,1.0,0.29929936
9PzZSheh10U$_$8,0.3333333432674408,0.6606626
9PzZSheh10U$_$11,1.3333333730697632,0.1063095
9PzZSheh10U$_$10,0.0,0.00067984685
9PzZSheh10U$_$13,1.0,0.6216081
9PzZSheh10U$_$12,0.6666666865348816,1.0159936
9PzZSheh10U$_$15,0.6666666865348816,0.56973964
9PzZSheh10U$_$14,0.6666666865348816,0.09577106
9PzZSheh10U$_$17,0.3333333432674408,0.39519522
9PzZSheh10U$_$16,1.3333333730697632,1.3898149
9PzZSheh10U$_$19,0.3333333432674408,0.16442999
9PzZSheh10U$_$18,0.3333333432674408,0.12788032
9PzZSheh10U$_$30,2.3333332538604736,1.3111143
9TAGpMywQyE$_$0,0.6666666865348816,0.6715899
9cYNT_YSo8o$_$1,1.3333333730697632,0.35835767
9cYNT_YSo8o$_$2,-1.0,-0.9668812
9orb0lQnVW4$_$0,0.0,0.06124923
A1lFJXUpxZo$_$1,1.3333333730697632,1.0829684
A1lFJXUpxZo$_$8,0.3333333432674408,0.649373
A1lFJXUpxZo$_$5,0.6666666865348816,0.4755318
A1lFJXUpxZo$_$7,1.6666666269302368,1.3449106
A1lFJXUpxZo$_$0,1.6666666269302368,1.2111964
AB1PbMaW03s$_$13,0.0,0.109805346
AB1PbMaW03s$_$20,0.0,0.5601171
AB1PbMaW03s$_$14,-0.3333333432674408,0.110356405
AB1PbMaW03s$_$16,0.3333333432674408,0.54433197
AB1PbMaW03s$_$19,1.0,1.679507
AB1PbMaW03s$_$18,0.0,0.28469235
AB1PbMaW03s$_$15,0.0,-0.3574793
AB1PbMaW03s$_$3,0.3333333432674408,0.64119107
AB1PbMaW03s$_$4,0.0,0.6029124
AB1PbMaW03s$_$9,0.3333333432674408,0.39630094
AB1PbMaW03s$_$8,0.0,0.13564427
AHiA9hohKr8$_$1,0.3333333432674408,0.17205302
AHiA9hohKr8$_$0,0.0,0.31236002
AHiA9hohKr8$_$3,-0.6666666865348816,-0.30680892
AHiA9hohKr8$_$2,0.0,0.8094972
AHiA9hohKr8$_$5,1.0,0.4269927
AHiA9hohKr8$_$7,1.3333333730697632,0.64275956
AHiA9hohKr8$_$6,-1.6666666269302368,-0.095735684
AHiA9hohKr8$_$8,0.3333333432674408,0.52680665
AgH84SNRx5s$_$1,1.6666666269302368,0.65851927
AgH84SNRx5s$_$4,1.6666666269302368,0.7158332
AlJX3Jw3xKk$_$3,0.6666666865348816,-0.044177864
AlJX3Jw3xKk$_$6,0.6666666865348816,0.5085009
An8x4UfwZ7k$_$3,0.3333333432674408,0.58072776
An8x4UfwZ7k$_$4,0.0,0.80403244
B9oeT0K92wU$_$2,0.0,0.8157567
BJS5KCSowgU$_$4,2.0,1.6621559
BR2pkk3TK-0$_$0,0.6666666865348816,0.8063471
BR2pkk3TK-0$_$2,0.0,0.59093577
BRSyH6yfDLk$_$1,2.0,0.13142262
BRSyH6yfDLk$_$0,1.6666666269302368,0.76931196
BRSyH6yfDLk$_$2,-0.6666666865348816,0.10832234
BRSyH6yfDLk$_$4,0.0,0.32382336
BTjV5dU_rfY$_$1,1.3333333730697632,1.440536
Bpy61RdLAvo$_$5,-1.0,-0.25291914
C5-cY1nPQ20$_$11,0.6666666865348816,0.5937741
C5-cY1nPQ20$_$10,1.3333333730697632,0.78413373
C5-cY1nPQ20$_$1,0.6666666865348816,0.58338743
C5-cY1nPQ20$_$0,0.0,0.7892993
C5-cY1nPQ20$_$3,-0.6666666865348816,0.37684032
C5-cY1nPQ20$_$5,1.0,0.49125633
C5-cY1nPQ20$_$4,0.6666666865348816,0.43203324
C5-cY1nPQ20$_$7,1.3333333730697632,0.89512444
C5-cY1nPQ20$_$9,0.6666666865348816,0.95712215
C5-cY1nPQ20$_$8,0.3333333432674408,0.9342502
CKqDDh50gcU$_$14,1.3333333730697632,0.9254542
CKqDDh50gcU$_$1,1.6666666269302368,0.5226542
CKqDDh50gcU$_$3,2.6666667461395264,1.4201214
CKqDDh50gcU$_$7,2.0,0.8548691
CKqDDh50gcU$_$6,1.6666666269302368,0.9532841
CKqDDh50gcU$_$9,0.3333333432674408,0.7206733
CO2YoTZbUr0$_$1,0.0,-0.23725797
CO2YoTZbUr0$_$0,0.0,-0.6675319
CO2YoTZbUr0$_$3,0.0,-0.11313528
CO2YoTZbUr0$_$2,-0.6666666865348816,-0.25948766
CO2YoTZbUr0$_$5,0.0,0.31171197
CO2YoTZbUr0$_$4,0.6666666865348816,0.505236
CO2YoTZbUr0$_$7,0.6666666865348816,0.12480201
CO2YoTZbUr0$_$6,0.3333333432674408,0.4134074
CO2YoTZbUr0$_$9,-1.6666666269302368,0.06507245
CO2YoTZbUr0$_$8,0.0,0.2600261
CO6n-skQJss$_$1,0.6666666865348816,0.27487543
CO6n-skQJss$_$0,0.0,0.7659241
CO6n-skQJss$_$3,-1.3333333730697632,0.4579843
CO6n-skQJss$_$2,1.3333333730697632,0.4559323
CU6U-gS76K4$_$9,1.3333333730697632,0.7569344
CU6U-gS76K4$_$2,0.0,0.30434868
CbRexsp1HKw$_$3,-0.3333333432674408,0.09020358
CbRexsp1HKw$_$5,-0.3333333432674408,-0.090915576
CbRexsp1HKw$_$4,-0.3333333432674408,0.6366934
CbRexsp1HKw$_$7,0.0,0.081264466
CbRexsp1HKw$_$6,0.3333333432674408,0.18766673
CbRexsp1HKw$_$8,-0.3333333432674408,-0.21252821
ChhZna-aBK4$_$11,0.3333333432674408,0.41118985
ChhZna-aBK4$_$10,0.3333333432674408,0.46356335
ChhZna-aBK4$_$12,1.0,1.0744622
ChhZna-aBK4$_$15,0.6666666865348816,0.2083576
ChhZna-aBK4$_$14,1.3333333730697632,1.163493
ChhZna-aBK4$_$17,1.3333333730697632,1.6589952
ChhZna-aBK4$_$16,0.0,0.56487125
ChhZna-aBK4$_$1,1.3333333730697632,0.14893633
ChhZna-aBK4$_$0,1.3333333730697632,0.8913926
ChhZna-aBK4$_$3,0.6666666865348816,0.96146923
ChhZna-aBK4$_$2,0.0,0.72009665
ChhZna-aBK4$_$5,0.3333333432674408,0.371901
ChhZna-aBK4$_$4,0.6666666865348816,0.43459314
ChhZna-aBK4$_$7,0.6666666865348816,-0.121065766
ChhZna-aBK4$_$9,0.3333333432674408,0.6902232
ChhZna-aBK4$_$8,0.6666666865348816,0.6591905
CwF97vXPYX4$_$1,-0.6666666865348816,-1.1466027
CwF97vXPYX4$_$4,-0.3333333432674408,0.25666964
DMtFQjrY7Hg$_$0,0.3333333432674408,0.3314617
DMtFQjrY7Hg$_$2,0.6666666865348816,0.22812884
DR65no1jCbg$_$0,0.0,0.55447245
DR65no1jCbg$_$3,0.0,1.4344342
DVAY-u_cJWU$_$1,-0.3333333432674408,0.20204821
DVAY-u_cJWU$_$2,0.0,0.29809603
DVAY-u_cJWU$_$5,1.0,1.0071731
DebbnL-_rnI$_$1,1.6666666269302368,1.3639786
DebbnL-_rnI$_$0,2.0,1.7452129
DjcZrtcBZi4$_$10,0.3333333432674408,0.47075135
DjcZrtcBZi4$_$1,0.0,0.80191725
DjcZrtcBZi4$_$0,0.3333333432674408,0.22953254
DjcZrtcBZi4$_$2,-0.3333333432674408,0.03352385
DjcZrtcBZi4$_$5,0.6666666865348816,0.9204403
DjcZrtcBZi4$_$4,0.0,0.5746031
DjcZrtcBZi4$_$7,0.0,0.7659716
DjcZrtcBZi4$_$6,0.6666666865348816,0.53767717
DjcZrtcBZi4$_$8,0.0,0.16755098
DlX-WyVe-D0$_$8,1.0,0.9203662
DlX-WyVe-D0$_$2,1.0,1.776524
Dm8AL84e11w$_$1,2.0,0.8983452
Dm8AL84e11w$_$5,0.6666666865348816,0.7401959
Dm8AL84e11w$_$4,0.0,0.5487894
DnBHq5I52LM$_$10,-1.6666666269302368,-0.3864618
DnBHq5I52LM$_$0,-1.6666666269302368,-0.12573078
DnBHq5I52LM$_$3,0.0,-0.23078735
DnBHq5I52LM$_$2,-1.0,-0.0732387
DnBHq5I52LM$_$5,-1.3333333730697632,-0.041748066
DnBHq5I52LM$_$4,-0.3333333432674408,0.11581421
DnBHq5I52LM$_$7,0.0,0.4859015
DnBHq5I52LM$_$6,-0.3333333432674408,0.45609286
DnBHq5I52LM$_$9,-0.3333333432674408,0.320079
DnBHq5I52LM$_$8,0.0,0.28793824
DtbT85s3i94$_$1,0.0,0.2670016
DtbT85s3i94$_$0,0.6666666865348816,0.45561963
DtbT85s3i94$_$2,0.6666666865348816,0.18708014
DtbT85s3i94$_$5,1.0,0.31130025
DtbT85s3i94$_$4,1.0,0.5792479
DzdPl68gV5o$_$1,0.6666666865348816,0.4089764
DzdPl68gV5o$_$3,-0.6666666865348816,-0.9025876
E1r0FrFyNTw$_$0,0.0,0.103583276
E1r0FrFyNTw$_$2,2.6666667461395264,1.4159291
E1r0FrFyNTw$_$5,0.0,0.6022548
EMS14J0odIE$_$10,0.0,0.3674002
EMS14J0odIE$_$21,0.3333333432674408,0.69465667
EMS14J0odIE$_$16,-0.3333333432674408,0.15394886
EO_5o9Gup6g$_$11,0.3333333432674408,0.33383828
EO_5o9Gup6g$_$10,-0.6666666865348816,-0.48205122
EO_5o9Gup6g$_$13,-1.6666666269302368,-1.0275979
EO_5o9Gup6g$_$12,-1.3333333730697632,-0.6931111
EO_5o9Gup6g$_$15,-1.3333333730697632,-0.93513304
EO_5o9Gup6g$_$22,0.0,0.7974977
EO_5o9Gup6g$_$17,-0.6666666865348816,-0.731721
EO_5o9Gup6g$_$16,-1.0,-0.46202615
EO_5o9Gup6g$_$19,-1.0,0.08652079
EO_5o9Gup6g$_$0,-1.3333333730697632,0.36458376
EO_5o9Gup6g$_$3,-1.6666666269302368,-0.6943257
EO_5o9Gup6g$_$2,-1.3333333730697632,-0.92738193
EO_5o9Gup6g$_$4,-1.0,-0.2971464
EO_5o9Gup6g$_$7,0.0,-0.23222063
EO_5o9Gup6g$_$6,-2.0,-0.16851221
EO_5o9Gup6g$_$9,-1.3333333730697632,-0.38644508
EO_5o9Gup6g$_$20,-0.3333333432674408,0.09762974
EO_5o9Gup6g$_$8,-1.0,0.33744416
EujJ0SwiCRE$_$2,0.0,0.42416483
EyoMU2yoJPY$_$11,1.6666666269302368,0.823012
EyoMU2yoJPY$_$10,0.3333333432674408,0.12853453
EyoMU2yoJPY$_$13,0.3333333432674408,0.6422668
EyoMU2yoJPY$_$7,-0.3333333432674408,0.15607178
F2hc2FLOdhI$_$1,0.6666666865348816,-0.2659402
F2hc2FLOdhI$_$0,1.6666666269302368,0.8711801
F2hc2FLOdhI$_$3,1.0,-0.94152457
F2hc2FLOdhI$_$2,0.0,0.29735518
F2hc2FLOdhI$_$5,1.0,0.35072634
F2hc2FLOdhI$_$4,-0.6666666865348816,-0.7028111
F2hc2FLOdhI$_$6,0.0,-0.0204865
F7zQPzwFToE$_$1,-1.6666666269302368,-0.36154535
F7zQPzwFToE$_$3,-0.6666666865348816,-0.71695405
F7zQPzwFToE$_$5,0.0,0.1640212
F7zQPzwFToE$_$6,-1.0,-0.73516893
F8eQI8E-6q4$_$10,0.6666666865348816,0.5043664
F8eQI8E-6q4$_$3,-0.6666666865348816,-0.8876271
F8eQI8E-6q4$_$8,-0.6666666865348816,-1.5182709
FHDVQkU-nGI$_$1,0.6666666865348816,0.915173
FHDVQkU-nGI$_$0,1.3333333730697632,0.5336429
FHDVQkU-nGI$_$3,1.0,0.6769103
FHDVQkU-nGI$_$2,2.0,0.7112034
FHDVQkU-nGI$_$5,1.6666666269302368,1.1304297
FHDVQkU-nGI$_$7,2.0,1.1491396
FHDVQkU-nGI$_$6,2.3333332538604736,1.1687026
FHDVQkU-nGI$_$8,1.6666666269302368,0.62856644
FMenDv3y8jc$_$1,0.6666666865348816,0.42925322
FMenDv3y8jc$_$0,0.3333333432674408,0.46322456
FMenDv3y8jc$_$3,0.6666666865348816,0.34528217
FMenDv3y8jc$_$2,0.6666666865348816,0.44820306
FMenDv3y8jc$_$5,1.0,0.29798397
FMenDv3y8jc$_$4,0.3333333432674408,0.43133086
F_YaG_pvZrA$_$1,0.3333333432674408,0.7849999
F_YaG_pvZrA$_$8,0.6666666865348816,0.7192638
F_YaG_pvZrA$_$3,0.0,0.3819813
F_YaG_pvZrA$_$10,0.6666666865348816,1.0074146
F_YaG_pvZrA$_$11,0.0,0.9234292
FqEekswKPWE$_$11,0.3333333432674408,0.5132539
FqEekswKPWE$_$0,0.3333333432674408,0.32500905
FqEekswKPWE$_$7,0.0,0.309809
FqEekswKPWE$_$6,0.0,0.5564671
GAVpYuhMZAw$_$10,0.6666666865348816,0.28232682
GAVpYuhMZAw$_$13,0.6666666865348816,0.90350527
GAVpYuhMZAw$_$12,1.0,0.014218714
GAVpYuhMZAw$_$1,2.0,0.3917019
GAVpYuhMZAw$_$2,0.0,0.4289905
GAVpYuhMZAw$_$5,1.3333333730697632,-0.4257627
GAVpYuhMZAw$_$4,0.3333333432674408,0.34545478
GAVpYuhMZAw$_$7,1.0,-0.5396507
GAVpYuhMZAw$_$6,-0.3333333432674408,-0.16938473
GK-Pprzh0t0$_$1,-1.6666666269302368,-1.1196345
GK-Pprzh0t0$_$5,-0.6666666865348816,-0.44007155
GK-Pprzh0t0$_$7,0.3333333432674408,-0.0455675
GK-Pprzh0t0$_$6,1.6666666269302368,-0.516436
GKsjv42t284$_$1,1.3333333730697632,0.88430417
GKsjv42t284$_$0,-0.6666666865348816,0.3519267
GKsjv42t284$_$3,-0.6666666865348816,0.8295881
GKsjv42t284$_$2,-0.6666666865348816,-0.53680927
GKsjv42t284$_$4,0.3333333432674408,0.588393
GMa0cIAltnw$_$0,-0.6666666865348816,-0.42786762
GMa0cIAltnw$_$3,0.3333333432674408,0.12920006
GMa0cIAltnw$_$5,-1.3333333730697632,-1.0076449
GMa0cIAltnw$_$6,-2.3333332538604736,-0.8030285
GNP0PFas12Y$_$24,0.3333333432674408,0.6321899
GNP0PFas12Y$_$21,0.0,0.7917772
GNP0PFas12Y$_$17,0.6666666865348816,-0.13368247
GNP0PFas12Y$_$4,0.3333333432674408,0.35013723
GNP0PFas12Y$_$7,0.3333333432674408,0.17107971
GNP0PFas12Y$_$6,0.6666666865348816,0.930665
GNP0PFas12Y$_$14,1.0,1.5243521
GO0V4ZGSF28$_$4,0.0,0.4810739
GXIfrEUJ5d4$_$2,0.0,0.16771695
Gc_zIjqqUys$_$1,0.6666666865348816,0.38428095
Gc_zIjqqUys$_$0,-0.3333333432674408,0.8618664
Gc_zIjqqUys$_$7,0.0,0.3406734
GlShH_ua_GU$_$4,1.6666666269302368,0.3327653
GmpDbIstUdc$_$10,0.3333333432674408,0.60081
GmpDbIstUdc$_$13,0.3333333432674408,0.93828785
H-74k5vclCU$_$3,0.3333333432674408,0.24204679
H-74k5vclCU$_$2,0.6666666865348816,0.18215726
H-74k5vclCU$_$6,1.0,0.46651444
H9BNzzxlscA$_$1,0.0,0.36660656
H9BNzzxlscA$_$0,1.0,0.3711974
H9BNzzxlscA$_$3,0.0,0.41995677
H9BNzzxlscA$_$5,-0.6666666865348816,-0.021882076
H9BNzzxlscA$_$6,0.0,0.26591974
HA2AiTz-qxc$_$3,-0.6666666865348816,0.058033872
HA2AiTz-qxc$_$2,0.0,0.090927556
HA2AiTz-qxc$_$7,0.0,0.12892403
HAnQVHOd3hg$_$1,0.3333333432674408,-0.11111793
HAnQVHOd3hg$_$8,0.0,0.8472037
HAnQVHOd3hg$_$6,-0.3333333432674408,-0.14293288
HFPGeaEPy9o$_$1,-0.6666666865348816,-1.1522509
HFPGeaEPy9o$_$0,-0.3333333432674408,-0.68436575
HFPGeaEPy9o$_$2,0.3333333432674408,-0.36575428
HFPGeaEPy9o$_$4,0.0,-0.23754986
HJTxq72GuMs$_$1,1.0,0.9025535
HJTxq72GuMs$_$9,0.0,0.48078507
HJTxq72GuMs$_$6,-2.0,-0.7837946
HJTxq72GuMs$_$14,0.6666666865348816,0.39938417
HJTxq72GuMs$_$10,-0.3333333432674408,0.15179445
HMRqR-P68Ws$_$12,0.0,0.4603559
HMRqR-P68Ws$_$15,0.3333333432674408,-0.14414153
HMRqR-P68Ws$_$16,-1.3333333730697632,-0.28185925
HMRqR-P68Ws$_$0,1.0,0.22884744
HMRqR-P68Ws$_$3,-1.0,-0.25095883
HMRqR-P68Ws$_$5,0.0,-0.14312772
HMRqR-P68Ws$_$7,-0.3333333432674408,-0.3133627
HMRqR-P68Ws$_$6,0.0,-0.11424798
HMRqR-P68Ws$_$9,0.3333333432674408,0.24528538
HR18U0yAlTc$_$10,0.0,1.6026685
HR18U0yAlTc$_$12,-0.3333333432674408,-0.76113516
HR18U0yAlTc$_$5,-0.3333333432674408,0.45200688
HR18U0yAlTc$_$4,-0.3333333432674408,0.17211477
HR18U0yAlTc$_$9,-0.3333333432674408,0.9129952
HR18U0yAlTc$_$8,0.3333333432674408,1.5861053
H_x5O9GdknI$_$1,0.0,-0.48714802
H_x5O9GdknI$_$0,-1.0,0.09816799
HbaycY0VuZk$_$0,1.3333333730697632,0.73250824
HbaycY0VuZk$_$4,1.6666666269302368,1.4318471
Hq3cHc6X8BM$_$0,0.3333333432674408,0.25369483
I9iV9q3ePhI$_$5,0.0,0.5402841
IHp8hd1jm6k$_$24,2.3333332538604736,0.70148164
IHp8hd1jm6k$_$26,2.0,0.59765434
IHp8hd1jm6k$_$27,1.3333333730697632,0.61836374
IHp8hd1jm6k$_$22,0.6666666865348816,0.12785268
IHp8hd1jm6k$_$23,2.6666667461395264,1.1624193
IHp8hd1jm6k$_$28,0.3333333432674408,0.5322835
IHp8hd1jm6k$_$1,0.0,0.27113083
IHp8hd1jm6k$_$3,0.6666666865348816,-0.07674934
IHp8hd1jm6k$_$2,1.0,1.1445713
IHp8hd1jm6k$_$5,1.0,0.6674724
IHp8hd1jm6k$_$7,0.0,0.016362127
IHp8hd1jm6k$_$6,1.0,0.74901015
IHp8hd1jm6k$_$9,1.6666666269302368,0.38019374
IHp8hd1jm6k$_$8,2.0,0.37722927
IHp8hd1jm6k$_$13,-0.3333333432674408,0.019781884
IHp8hd1jm6k$_$12,-0.3333333432674408,0.09897992
IHp8hd1jm6k$_$15,1.3333333730697632,0.63747436
IHp8hd1jm6k$_$14,1.3333333730697632,0.46010777
IHp8hd1jm6k$_$17,0.0,0.13134074
IHp8hd1jm6k$_$16,0.6666666865348816,0.14109643
IHp8hd1jm6k$_$19,0.0,0.4522937
IIPYcCii7Sg$_$1,0.0,0.4068294
IIPYcCii7Sg$_$3,-0.3333333432674408,0.23653045
IIPYcCii7Sg$_$2,-1.0,-0.13116959
IIPYcCii7Sg$_$5,1.0,0.37731236
IIPYcCii7Sg$_$4,0.3333333432674408,0.3100146
IIPYcCii7Sg$_$7,-0.3333333432674408,-0.4080489
IOpWjKAHG8Q$_$1,-1.0,0.84181994
IOpWjKAHG8Q$_$0,0.6666666865348816,1.1651592
IOpWjKAHG8Q$_$3,-0.3333333432674408,0.34706408
IOpWjKAHG8Q$_$2,-0.3333333432674408,0.6178658
IOpWjKAHG8Q$_$5,0.0,0.42212862
IOpWjKAHG8Q$_$4,0.3333333432674408,0.377291
IRSxo_XXArg$_$0,0.6666666865348816,0.912262
IRSxo_XXArg$_$3,0.0,1.270129
IRSxo_XXArg$_$2,0.6666666865348816,1.295311
IRSxo_XXArg$_$7,0.0,1.5360254
IRSxo_XXArg$_$9,0.0,1.2966157
Ie6sDptjAsU$_$3,0.6666666865348816,0.06786843
Iemw8vqt-54$_$13,0.3333333432674408,0.652669
Iemw8vqt-54$_$12,2.3333332538604736,0.4910324
Iemw8vqt-54$_$9,1.0,0.34145725
Iemw8vqt-54$_$8,1.6666666269302368,0.6230037
JATMzuV6sUE$_$0,0.3333333432674408,0.5537117
JHJOK6cdW-0$_$1,0.0,0.10626532
JHJOK6cdW-0$_$8,-0.3333333432674408,0.35697496
JHJOK6cdW-0$_$7,0.0,0.382559
JKueLneBoik$_$1,1.0,0.6325428
JKueLneBoik$_$0,1.0,0.90861255
JKueLneBoik$_$3,0.0,0.15489627
JKueLneBoik$_$2,1.0,0.013557021
JKueLneBoik$_$5,2.0,1.1625049
JKueLneBoik$_$4,0.0,0.2138213
JNhqI4JtPXA$_$1,1.6666666269302368,1.5942664
JNhqI4JtPXA$_$0,1.3333333730697632,0.5749266
JNhqI4JtPXA$_$3,2.0,1.688402
JNhqI4JtPXA$_$4,1.3333333730697632,0.81107336
JNhqI4JtPXA$_$7,0.6666666865348816,0.13161834
JXYot3NDQn0$_$1,0.3333333432674408,0.54186743
JXYot3NDQn0$_$2,0.6666666865348816,0.8815916
JXYot3NDQn0$_$7,1.6666666269302368,1.6155068
Jz1oMq6l-ZM$_$10,-2.0,-0.601392
Jz1oMq6l-ZM$_$12,2.3333332538604736,1.4175603
Jz1oMq6l-ZM$_$1,-1.0,0.030295245
Jz1oMq6l-ZM$_$0,-2.0,0.16082858
Jz1oMq6l-ZM$_$2,-1.6666666269302368,-0.2760681
Jz1oMq6l-ZM$_$5,-1.6666666269302368,0.54775906
Jz1oMq6l-ZM$_$7,0.3333333432674408,-0.073369056
Jz1oMq6l-ZM$_$6,-1.0,0.3681254
KB5hSnV1emg$_$13,0.3333333432674408,0.17400451
KB5hSnV1emg$_$12,0.0,-0.10597345
KB5hSnV1emg$_$1,0.0,0.06860061
KB5hSnV1emg$_$0,0.0,0.7706914
KB5hSnV1emg$_$3,0.0,0.06371727
KB5hSnV1emg$_$2,0.6666666865348816,0.8556817
KB5hSnV1emg$_$4,0.0,0.2864628
KB5hSnV1emg$_$7,0.3333333432674408,0.31449988
KB5hSnV1emg$_$6,0.3333333432674408,0.13642895
KB5hSnV1emg$_$9,0.6666666865348816,0.1627702
KRje7su4I5U$_$1,0.3333333432674408,0.24791662
KRje7su4I5U$_$2,-0.6666666865348816,0.97349787
KRje7su4I5U$_$5,1.3333333730697632,0.74929667
KRje7su4I5U$_$4,1.0,0.44993582
KRje7su4I5U$_$7,0.3333333432674408,0.81799674
KRje7su4I5U$_$6,2.0,1.8396994
KRje7su4I5U$_$8,1.0,0.5513744
KXsjl0DKgL0$_$5,1.3333333730697632,1.007208
KYQTwFVBzME$_$2,0.6666666865348816,0.823484
KZzFCrEyKF0$_$11,-0.3333333432674408,0.8104427
KZzFCrEyKF0$_$8,0.6666666865348816,0.22511902
KZzFCrEyKF0$_$4,0.0,-0.048113327
KZzFCrEyKF0$_$6,-0.3333333432674408,0.27252162
KanWhGY33Hk$_$8,0.0,1.0476317
KanWhGY33Hk$_$15,0.0,0.26305434
KanWhGY33Hk$_$6,1.0,0.62313336
Kn5eKHlPD0k$_$12,1.0,0.22012477
Kn5eKHlPD0k$_$1,0.6666666865348816,-0.00064983964
Kn5eKHlPD0k$_$0,0.0,0.26004577
Kn5eKHlPD0k$_$2,0.6666666865348816,0.28631407
Kn5eKHlPD0k$_$5,0.6666666865348816,0.6687953
Kn5eKHlPD0k$_$7,-0.6666666865348816,0.1806677
Kn5eKHlPD0k$_$6,1.0,0.5437529
Kn99u05vlpA$_$3,1.6666666269302368,0.9175292
Kn99u05vlpA$_$2,1.6666666269302368,1.0612055
Kn99u05vlpA$_$5,1.6666666269302368,0.5816943
Kn99u05vlpA$_$6,2.3333332538604736,0.50008565
KrmVX-HANew$_$8,0.6666666865348816,0.87918437
KrmVX-HANew$_$5,0.0,0.30875507
KrmVX-HANew$_$6,0.6666666865348816,0.49689737
Kyz32PTyP4I$_$1,1.6666666269302368,1.1405964
Kyz32PTyP4I$_$0,0.6666666865348816,0.8969783
Kyz32PTyP4I$_$2,1.3333333730697632,0.61852574
Kyz32PTyP4I$_$5,0.3333333432674408,0.43962353
Kyz32PTyP4I$_$6,0.6666666865348816,0.3965504
L-7oRnbi9-w$_$3,0.3333333432674408,0.59739655
L-7oRnbi9-w$_$4,0.6666666865348816,0.39559528
L-a4Sh6iAcw$_$11,0.0,0.114183396
L-a4Sh6iAcw$_$3,0.6666666865348816,0.7733635
L-a4Sh6iAcw$_$5,0.6666666865348816,0.15718496
L-a4Sh6iAcw$_$4,-0.3333333432674408,0.67311877
L-a4Sh6iAcw$_$7,0.6666666865348816,0.42468604
L-a4Sh6iAcw$_$9,0.6666666865348816,0.52183574
LD3HYOwk1Bc$_$1,0.0,-0.48776278
LD3HYOwk1Bc$_$0,0.0,0.34860402
LDKWr94J0wM$_$14,1.0,1.1335602
LDKWr94J0wM$_$3,0.6666666865348816,0.8171031
LDKWr94J0wM$_$2,-0.3333333432674408,0.79607767
LDKWr94J0wM$_$5,0.3333333432674408,0.9155418
LDKWr94J0wM$_$4,1.3333333730697632,0.8212871
LDKWr94J0wM$_$8,1.0,0.7705746
LFOwCSiGOvw$_$1,-1.0,-0.21495365
LFOwCSiGOvw$_$2,0.0,-0.06434327
LFOwCSiGOvw$_$4,-1.0,0.06478463
LJGL2sGvSS0$_$20,1.3333333730697632,1.037722
LJGL2sGvSS0$_$21,1.3333333730697632,1.196986
LJGL2sGvSS0$_$22,2.0,1.0468746
LJGL2sGvSS0$_$1,0.6666666865348816,0.60297996
LJGL2sGvSS0$_$0,1.0,0.3541836
LJGL2sGvSS0$_$3,1.6666666269302368,0.79906756
LJGL2sGvSS0$_$2,1.3333333730697632,0.67414886
LJGL2sGvSS0$_$5,1.0,0.8949464
LJGL2sGvSS0$_$4,1.0,1.0382462
LJGL2sGvSS0$_$7,1.3333333730697632,0.63622963
LJGL2sGvSS0$_$6,-0.6666666865348816,-0.2034368
LJGL2sGvSS0$_$9,1.0,0.9068069
LJGL2sGvSS0$_$8,0.6666666865348816,0.814704
LJGL2sGvSS0$_$11,1.0,0.97137636
LJGL2sGvSS0$_$10,1.3333333730697632,1.1412083
LJGL2sGvSS0$_$13,2.0,1.1208565
LJGL2sGvSS0$_$12,1.0,0.8998162
LJGL2sGvSS0$_$15,0.6666666865348816,0.12680519
LJGL2sGvSS0$_$14,1.6666666269302368,1.1252874
LJGL2sGvSS0$_$16,2.0,0.6426148
LJGL2sGvSS0$_$19,1.0,0.44626084
LcfubBagG6Q$_$11,1.3333333730697632,0.81299496
LcfubBagG6Q$_$10,-1.0,0.79225916
LcfubBagG6Q$_$13,1.0,0.73019785
LcfubBagG6Q$_$14,1.0,1.0632792
LcfubBagG6Q$_$1,1.3333333730697632,0.7267588
LcfubBagG6Q$_$0,0.3333333432674408,0.26003158
LcfubBagG6Q$_$3,0.3333333432674408,0.26998934
LcfubBagG6Q$_$2,0.0,0.45340738
LcfubBagG6Q$_$5,0.3333333432674408,0.6827926
LcfubBagG6Q$_$4,0.0,-0.8754361
LcfubBagG6Q$_$7,1.0,1.2292557
LcfubBagG6Q$_$6,1.3333333730697632,0.7222498
LcfubBagG6Q$_$9,0.3333333432674408,0.5508438
LcfubBagG6Q$_$8,1.3333333730697632,0.91091716
LpTbjgELALo$_$1,0.0,0.040482238
LpTbjgELALo$_$2,1.3333333730697632,0.582022
LtlL-03S79Q$_$2,0.3333333432674408,1.4846152
LtlL-03S79Q$_$5,1.3333333730697632,0.29803187
LtlL-03S79Q$_$4,1.0,0.63336945
LtlL-03S79Q$_$7,0.3333333432674408,0.70894617
LtlL-03S79Q$_$6,1.0,1.4169614
LtlL-03S79Q$_$9,1.3333333730697632,0.8969293
LueQT0vY1zI$_$0,1.0,0.73764837
LyOq9mOEPuk$_$8,-0.6666666865348816,-0.19971092
LyOq9mOEPuk$_$3,1.3333333730697632,0.82449937
LyOq9mOEPuk$_$13,-0.6666666865348816,-0.7179423
M6HKUzJNlsE$_$1,0.6666666865348816,1.1250182
M6HKUzJNlsE$_$0,0.6666666865348816,0.65854985
M6HKUzJNlsE$_$3,0.3333333432674408,0.5138534
M6HKUzJNlsE$_$2,1.6666666269302368,0.019414414
M6HKUzJNlsE$_$5,1.3333333730697632,1.0373963
M6HKUzJNlsE$_$4,1.0,1.0260199
MHVrwCEWLPI$_$1,-0.6666666865348816,-0.03855167
MHVrwCEWLPI$_$5,0.6666666865348816,1.0358013
MHVrwCEWLPI$_$4,1.0,0.63789386
MHVrwCEWLPI$_$6,0.3333333432674408,0.33148164
MHyW857u_X8$_$13,0.0,0.7257822
MHyW857u_X8$_$20,0.0,-0.5249567
MHyW857u_X8$_$22,0.3333333432674408,1.490767
MHyW857u_X8$_$17,0.3333333432674408,0.35813668
MHyW857u_X8$_$18,-0.3333333432674408,0.21028635
MHyW857u_X8$_$2,0.0,0.35345206
MHyW857u_X8$_$5,0.0,0.31712374
MHyW857u_X8$_$7,2.0,1.8318787
MLegxOZBGUc$_$9,1.0,1.6750813
MM2qPdnRmQ8$_$0,0.0,0.53431773
MM2qPdnRmQ8$_$6,0.0,0.77148044
MSHBEntSDjU$_$9,0.3333333432674408,0.4919132
MYEyQUpMe3k$_$2,0.6666666865348816,-0.1770444
MYEyQUpMe3k$_$5,0.0,0.17322142
MYEyQUpMe3k$_$4,0.0,0.22747475
MYEyQUpMe3k$_$7,0.0,0.31283572
MYEyQUpMe3k$_$6,0.0,0.08440524
MYEyQUpMe3k$_$9,0.0,0.42335662
MYEyQUpMe3k$_$8,0.0,0.19756056
MZUr1DfYNNw$_$1,1.3333333730697632,0.61806387
MZUr1DfYNNw$_$0,0.6666666865348816,0.4729763
MvEw24PU2Ac$_$9,0.6666666865348816,0.45587555
MvEw24PU2Ac$_$15,-1.0,-0.55508345
MvEw24PU2Ac$_$6,0.0,0.3867846
N-NnCI6U52c$_$5,2.6666667461395264,1.6884233
N0d2JL7JC1s$_$0,0.0,0.16490282
N2nCB34Am-E$_$10,0.6666666865348816,0.48782396
N2nCB34Am-E$_$6,0.6666666865348816,0.3977631
NIpuKcoJhGM$_$0,2.0,0.39709166
NIpuKcoJhGM$_$5,-0.3333333432674408,-0.09816779
NIpuKcoJhGM$_$4,1.6666666269302368,0.99165744
NOGhjdK-rDI$_$0,-0.3333333432674408,-0.8264368
NVLPURuAVLU$_$2,-0.6666666865348816,0.05276419
NVLPURuAVLU$_$4,0.6666666865348816,0.43075463
NVLPURuAVLU$_$7,0.3333333432674408,0.18049161
NaWmaHwjElo$_$13,0.6666666865348816,0.66072017
NaWmaHwjElo$_$5,0.0,0.27185184
NgENhhXf0LE$_$2,1.3333333730697632,1.3382006
NiAjz4ciA60$_$1,1.0,1.2264224
NiAjz4ciA60$_$3,0.3333333432674408,0.41190273
NiAjz4ciA60$_$2,0.3333333432674408,0.319165
NiAjz4ciA60$_$6,-0.3333333432674408,0.13790348
NlrCjfHELLE$_$0,0.6666666865348816,1.1274686
NoOt0oU843M$_$3,0.3333333432674408,0.33255115
NoOt0oU843M$_$2,0.0,0.32643184
NoOt0oU843M$_$5,0.6666666865348816,0.2872673
NoOt0oU843M$_$6,1.6666666269302368,0.8236013
NocexkPXja8$_$13,-1.0,-0.2965733
NocexkPXja8$_$15,-0.6666666865348816,-0.37059328
NocexkPXja8$_$1,-1.6666666269302368,0.042033322
NocexkPXja8$_$3,-1.3333333730697632,-0.21791594
NocexkPXja8$_$5,-1.0,0.26754716
O-b3DQg0QmA$_$1,0.0,0.6330697
O-b3DQg0QmA$_$0,0.0,0.5576915
O-b3DQg0QmA$_$2,2.3333332538604736,1.468518
O2ShYliS3CU$_$8,1.6666666269302368,0.7099347
O2ShYliS3CU$_$2,0.0,0.19226752
O4UkHVJlIs8$_$10,0.3333333432674408,0.4564837
O4UkHVJlIs8$_$2,0.6666666865348816,0.92734385
OFia3dWgaoI$_$1,-0.6666666865348816,0.055154793
OFia3dWgaoI$_$0,-1.3333333730697632,-0.25288472
OFia3dWgaoI$_$3,-0.6666666865348816,-0.3105403
OFia3dWgaoI$_$5,-0.6666666865348816,-0.3294228
OFia3dWgaoI$_$4,-0.3333333432674408,-0.8344768
OFia3dWgaoI$_$6,-0.6666666865348816,-0.2864726
OFia3dWgaoI$_$8,-0.3333333432674408,-0.16321705
OKJPFisBoPY$_$1,0.3333333432674408,0.43763804
OKJPFisBoPY$_$0,0.3333333432674408,0.9669451
OORklkFql3k$_$11,-1.3333333730697632,-0.2435333
OORklkFql3k$_$10,-0.3333333432674408,-0.46091184
OORklkFql3k$_$15,0.0,-0.44849858
OORklkFql3k$_$14,-1.3333333730697632,-0.47728834
OORklkFql3k$_$19,-2.6666667461395264,-1.2198282
OORklkFql3k$_$1,-0.6666666865348816,-1.0365758
OORklkFql3k$_$3,-2.0,-0.25336894
OORklkFql3k$_$2,-2.0,-0.6192387
OORklkFql3k$_$4,-2.0,0.29940245
OORklkFql3k$_$7,-0.3333333432674408,0.32424453
OORklkFql3k$_$6,-2.0,-0.96704835
OWWHjP3pX9o$_$1,0.0,0.020038277
OWWHjP3pX9o$_$0,-0.3333333432674408,0.009189907
OWWHjP3pX9o$_$3,0.3333333432674408,-0.061530683
OWWHjP3pX9o$_$2,0.0,-0.12501632
OWWHjP3pX9o$_$5,0.0,0.846412
OWWHjP3pX9o$_$4,0.6666666865348816,0.17972061
OWWHjP3pX9o$_$7,1.3333333730697632,0.30599606
OWWHjP3pX9o$_$6,0.3333333432674408,0.7599791
OWWHjP3pX9o$_$9,1.0,0.6971889
OWWHjP3pX9o$_$8,0.6666666865348816,-1.578171
OXsTIPdytiw$_$10,-0.3333333432674408,-0.11208725
OXsTIPdytiw$_$13,0.0,0.39819175
OXsTIPdytiw$_$0,0.6666666865348816,0.39536566
OXsTIPdytiw$_$2,-0.3333333432674408,-0.24762113
OXsTIPdytiw$_$4,0.0,0.4621244
OXsTIPdytiw$_$7,0.6666666865348816,0.540269
Oa2xVjzAMFc$_$3,0.0,0.10843678
Oa2xVjzAMFc$_$5,1.6666666269302368,0.82199365
Oa2xVjzAMFc$_$4,0.0,-0.0021848269
Oa2xVjzAMFc$_$6,2.0,0.63624156
Oa2xVjzAMFc$_$9,-0.3333333432674408,0.20558494
Oa2xVjzAMFc$_$8,0.3333333432674408,0.3084847
OaWYjsS02fk$_$0,2.3333332538604736,0.5354539
OaWYjsS02fk$_$2,0.0,0.3152869
OaWYjsS02fk$_$5,1.0,0.43364346
OaWYjsS02fk$_$4,0.6666666865348816,0.33685488
OaWYjsS02fk$_$6,0.0,0.59467524
OctOcfI4KSs$_$13,0.6666666865348816,0.7999575
OctOcfI4KSs$_$1,-0.3333333432674408,-0.3444993
OctOcfI4KSs$_$3,0.3333333432674408,0.11267355
OctOcfI4KSs$_$2,-0.6666666865348816,-0.006921191
OctOcfI4KSs$_$4,0.6666666865348816,0.24086106
OctOcfI4KSs$_$7,0.3333333432674408,0.17135799
OctOcfI4KSs$_$6,0.0,-0.4539508
OctOcfI4KSs$_$8,0.0,0.3056006
OyK86reBnJE$_$2,0.3333333432674408,0.99507266
P0UHzR4CmYg$_$22,1.3333333730697632,0.1832734
P0UHzR4CmYg$_$1,1.0,0.6780271
P0UHzR4CmYg$_$0,1.3333333730697632,1.1807716
P0UHzR4CmYg$_$3,0.6666666865348816,0.76509637
P0UHzR4CmYg$_$2,0.6666666865348816,1.002075
P0UHzR4CmYg$_$5,0.6666666865348816,0.7503836
P0UHzR4CmYg$_$4,1.0,1.2315009
P0UHzR4CmYg$_$7,0.0,0.656033
P0UHzR4CmYg$_$6,1.0,0.8572788
P0UHzR4CmYg$_$9,1.0,0.34798744
P0UHzR4CmYg$_$8,0.6666666865348816,0.15990852
P0UHzR4CmYg$_$11,-1.0,0.01385412
P0UHzR4CmYg$_$13,0.6666666865348816,0.62080014
P0UHzR4CmYg$_$12,1.0,0.73438257
P0UHzR4CmYg$_$15,-0.6666666865348816,-0.09593503
P0UHzR4CmYg$_$14,-0.3333333432674408,0.07580856
P0UHzR4CmYg$_$17,2.0,0.61075896
P0UHzR4CmYg$_$16,-1.3333333730697632,-1.0941415
P0UHzR4CmYg$_$19,-1.0,0.40916073
P0UHzR4CmYg$_$18,2.0,0.7700129
P17tYiqMGRU$_$0,1.6666666269302368,0.77468836
PHZIx22aFhU$_$0,1.0,0.5546687
Pbu6oAKFCvo$_$0,2.0,1.2399863
Pbu6oAKFCvo$_$3,1.3333333730697632,0.5692591
Pbu6oAKFCvo$_$5,0.3333333432674408,0.55829537
PcqKFt1p3UQ$_$9,0.3333333432674408,-0.047842104
PcqKFt1p3UQ$_$10,0.3333333432674408,0.18124142
PcqKFt1p3UQ$_$2,-0.6666666865348816,0.24319376
PexNiFbPTYM$_$11,0.0,0.61299306
PexNiFbPTYM$_$10,1.0,0.937808
PexNiFbPTYM$_$13,2.0,0.0016286112
PexNiFbPTYM$_$12,0.3333333432674408,0.1898231
PexNiFbPTYM$_$15,0.3333333432674408,0.10181795
PexNiFbPTYM$_$14,0.0,0.38782147
PexNiFbPTYM$_$17,-0.6666666865348816,-0.050108906
PexNiFbPTYM$_$16,1.0,0.66409963
PexNiFbPTYM$_$19,0.0,-0.09819567
PexNiFbPTYM$_$18,0.0,0.53897244
PexNiFbPTYM$_$1,1.0,1.2518582
PexNiFbPTYM$_$3,0.6666666865348816,0.35176712
PexNiFbPTYM$_$2,0.6666666865348816,0.51028866
PexNiFbPTYM$_$5,-0.3333333432674408,0.028243925
PexNiFbPTYM$_$4,-1.0,-0.5731395
PexNiFbPTYM$_$7,1.0,0.45574445
PexNiFbPTYM$_$6,-0.3333333432674408,-0.20614
PexNiFbPTYM$_$9,0.6666666865348816,0.6609507
PexNiFbPTYM$_$20,1.0,0.32089475
PexNiFbPTYM$_$8,1.0,-0.2685149
PexNiFbPTYM$_$21,1.3333333730697632,0.33878276
PzI6yY9Y2xQ$_$10,2.0,1.3630819
PzI6yY9Y2xQ$_$12,1.6666666269302368,1.4577516
PzI6yY9Y2xQ$_$1,2.0,0.9991337
PzI6yY9Y2xQ$_$0,1.6666666269302368,1.0345706
PzI6yY9Y2xQ$_$2,1.3333333730697632,0.50682336
PzI6yY9Y2xQ$_$4,-0.6666666865348816,0.32302272
QBc7X5jj8oA$_$3,-1.0,-0.24806206
QBc7X5jj8oA$_$2,0.3333333432674408,0.10366149
QBc7X5jj8oA$_$4,1.3333333730697632,0.65239066
QCR7uyowjhM$_$10,0.3333333432674408,0.015385468
QCR7uyowjhM$_$1,0.0,0.08318232
QCR7uyowjhM$_$0,-1.0,0.5596085
QCR7uyowjhM$_$2,-0.3333333432674408,-0.19236824
QCR7uyowjhM$_$5,1.0,1.0691319
QCR7uyowjhM$_$4,-0.3333333432674408,-0.2292744
QCR7uyowjhM$_$7,0.3333333432674408,0.83689564
QCR7uyowjhM$_$6,0.3333333432674408,0.9582109
QCR7uyowjhM$_$8,0.0,-0.5154802
QIonRUsCqBs$_$0,0.3333333432674408,0.82579046
QIonRUsCqBs$_$2,0.6666666865348816,0.48004058
QJBQIOmG1CA$_$1,-0.6666666865348816,0.24213348
QLI-OnegxFM$_$17,0.0,0.1865468
QLI-OnegxFM$_$7,0.0,-0.05124599
QVyxySAaehE$_$11,0.0,0.44920754
QWll4lS1qqI$_$14,-1.0,-0.47291693
QWll4lS1qqI$_$16,2.0,1.4726095
QXXexH-ow_k$_$5,-1.3333333730697632,-0.35792932
Qfa1fY_07bQ$_$1,0.3333333432674408,0.5349567
Qfa1fY_07bQ$_$0,0.6666666865348816,0.7758629
Qfa1fY_07bQ$_$2,0.6666666865348816,0.77417463
Qfa1fY_07bQ$_$5,1.3333333730697632,0.52242863
Qfa1fY_07bQ$_$4,0.0,0.2598796
Qfa1fY_07bQ$_$7,0.6666666865348816,1.0980597
QnYlpSeVOYo$_$1,0.0,0.47981778
R9xTBw3MCWI$_$11,0.3333333432674408,0.83334184
R9xTBw3MCWI$_$10,0.6666666865348816,0.1533313
R9xTBw3MCWI$_$13,0.6666666865348816,0.80634457
R9xTBw3MCWI$_$15,0.3333333432674408,1.24899
R9xTBw3MCWI$_$14,0.3333333432674408,0.5557149
R9xTBw3MCWI$_$17,1.6666666269302368,0.7682496
R9xTBw3MCWI$_$16,0.6666666865348816,0.70473874
R9xTBw3MCWI$_$19,0.3333333432674408,0.59102863
R9xTBw3MCWI$_$18,0.0,0.73714197
R9xTBw3MCWI$_$0,1.0,0.44614214
R9xTBw3MCWI$_$3,1.0,0.8479932
R9xTBw3MCWI$_$2,0.6666666865348816,0.55217105
R9xTBw3MCWI$_$5,0.3333333432674408,1.3654096
R9xTBw3MCWI$_$7,1.0,0.49720532
R9xTBw3MCWI$_$9,-0.6666666865348816,-0.1549624
R9xTBw3MCWI$_$8,1.0,0.62171245
RChkXDS8ulE$_$1,-1.0,-0.14346264
RChkXDS8ulE$_$3,1.0,0.8036522
RChkXDS8ulE$_$4,0.3333333432674408,-0.04045703
ROC2YI3tDsk$_$10,0.6666666865348816,0.920056
ROC2YI3tDsk$_$12,0.3333333432674408,1.0628049
ROC2YI3tDsk$_$0,0.3333333432674408,0.8457109
ROC2YI3tDsk$_$2,1.6666666269302368,0.79383785
ROC2YI3tDsk$_$5,0.6666666865348816,0.44658008
ROC2YI3tDsk$_$4,1.0,0.84819776
ROC2YI3tDsk$_$6,0.0,0.82521033
RVC8l5hf2Eg$_$11,0.6666666865348816,0.44883114
RVC8l5hf2Eg$_$10,0.3333333432674408,0.70663303
RVC8l5hf2Eg$_$13,-0.6666666865348816,0.08553283
RVC8l5hf2Eg$_$12,0.6666666865348816,0.7043392
RVC8l5hf2Eg$_$17,1.6666666269302368,0.8660721
RVC8l5hf2Eg$_$1,0.6666666865348816,1.0067476
RVC8l5hf2Eg$_$0,0.3333333432674408,0.40929067
RVC8l5hf2Eg$_$3,0.0,0.5657417
RVC8l5hf2Eg$_$2,0.0,0.10567523
RVC8l5hf2Eg$_$5,0.0,0.4018925
RVC8l5hf2Eg$_$4,0.3333333432674408,0.7252921
RVC8l5hf2Eg$_$8,-0.3333333432674408,0.05800197
Rb1uzHNcYcA$_$3,0.0,-1.0706078
Rb1uzHNcYcA$_$2,-1.0,0.4714701
Rb1uzHNcYcA$_$4,1.6666666269302368,0.98430884
Rb1uzHNcYcA$_$6,1.6666666269302368,0.31810609
Rb1uzHNcYcA$_$8,1.6666666269302368,0.44543132
RmX9t_HY_dU$_$0,1.3333333730697632,0.85498804
RsE2gYghZ2s$_$1,0.3333333432674408,0.28613394
RsE2gYghZ2s$_$2,0.3333333432674408,0.39533868
RvmTZVNAAuQ$_$2,0.0,0.501193
RvmTZVNAAuQ$_$10,1.3333333730697632,0.7234011
RvmTZVNAAuQ$_$12,2.0,1.7399662
RvmTZVNAAuQ$_$4,-0.3333333432674408,0.13870038
RvmTZVNAAuQ$_$7,1.0,0.8353649
SBFnCNzlynQ$_$1,-0.3333333432674408,-0.18692854
SBFnCNzlynQ$_$0,-0.3333333432674408,0.1778817
SD6wphlw72U$_$0,0.3333333432674408,0.6064086
SD6wphlw72U$_$3,2.0,1.092761
SD6wphlw72U$_$2,0.3333333432674408,0.72648275
SH0OYx3fR7s$_$9,0.3333333432674408,0.69113094
SH0OYx3fR7s$_$0,0.3333333432674408,0.12628071
SH0OYx3fR7s$_$26,2.0,-0.18279454
SH0OYx3fR7s$_$5,1.0,0.03991657
SH0OYx3fR7s$_$7,1.0,0.08237426
SKTyBOhDX6U$_$11,1.6666666269302368,0.8474782
SKTyBOhDX6U$_$10,1.3333333730697632,0.14142254
SKTyBOhDX6U$_$12,0.6666666865348816,0.3581395
SKTyBOhDX6U$_$1,-0.3333333432674408,0.29331958
SKTyBOhDX6U$_$5,1.3333333730697632,0.7833157
SKTyBOhDX6U$_$4,0.6666666865348816,0.7577451
SKTyBOhDX6U$_$7,-0.6666666865348816,0.29784462
SKTyBOhDX6U$_$6,2.0,0.6816272
SKTyBOhDX6U$_$9,1.0,0.9146619
SKTyBOhDX6U$_$8,-0.3333333432674408,-0.32168302
SYQ_zv8dWng$_$1,0.6666666865348816,0.16049387
SYQ_zv8dWng$_$0,0.3333333432674408,0.3071697
SYQ_zv8dWng$_$3,-0.6666666865348816,-0.37536055
SYQ_zv8dWng$_$5,0.6666666865348816,0.4073552
SYQ_zv8dWng$_$4,0.3333333432674408,-0.035302747
SYQ_zv8dWng$_$7,0.0,0.047849778
SYQ_zv8dWng$_$6,0.6666666865348816,0.19067222
SYQ_zv8dWng$_$9,0.0,0.31454036
SYQ_zv8dWng$_$8,0.0,-0.15034159
SZ7HK5ns6mE$_$11,1.6666666269302368,0.5385554
SZ7HK5ns6mE$_$1,1.6666666269302368,0.8930078
SZ7HK5ns6mE$_$0,2.0,0.88701904
SZ7HK5ns6mE$_$3,2.0,0.35079682
SZ7HK5ns6mE$_$5,0.6666666865348816,0.64311147
SZ7HK5ns6mE$_$4,1.6666666269302368,0.37955073
SZ7HK5ns6mE$_$7,-1.0,0.016342323
SZ7HK5ns6mE$_$8,1.3333333730697632,-0.6452134
Sb6ftNgzz9M$_$3,0.3333333432674408,0.82156295
Sb6ftNgzz9M$_$2,0.6666666865348816,0.76382345
Sb6ftNgzz9M$_$7,0.3333333432674408,0.7796789
Sb6ftNgzz9M$_$6,0.0,0.17312883
Sq6DIhFxPqQ$_$1,0.3333333432674408,0.5782939
Sq6DIhFxPqQ$_$0,0.6666666865348816,1.0958823
Sq6DIhFxPqQ$_$2,0.0,0.80268735
Sq6DIhFxPqQ$_$4,0.0,-0.018374506
SqAiJrvHXNA$_$11,1.0,1.5415756
SqAiJrvHXNA$_$10,0.3333333432674408,0.18869308
SqAiJrvHXNA$_$1,1.0,0.887786
SqAiJrvHXNA$_$0,1.3333333730697632,1.0775821
SqAiJrvHXNA$_$3,1.0,0.38852873
SqAiJrvHXNA$_$2,1.0,0.8834147
SqAiJrvHXNA$_$5,1.0,-0.1983489
SqAiJrvHXNA$_$4,1.0,0.42391023
SqAiJrvHXNA$_$7,1.3333333730697632,0.46599174
SqAiJrvHXNA$_$6,1.6666666269302368,0.9446462
SqAiJrvHXNA$_$9,1.0,1.5351596
SqAiJrvHXNA$_$8,0.3333333432674408,0.683412
SqofxdeEcjg$_$1,1.3333333730697632,0.01864184
SqofxdeEcjg$_$9,1.6666666269302368,0.65595067
SqofxdeEcjg$_$2,1.0,0.7699998
SqofxdeEcjg$_$5,1.3333333730697632,0.5132065
SqofxdeEcjg$_$4,0.3333333432674408,0.5136433
SwT0gh0V8fI$_$11,0.6666666865348816,0.031788684
SwT0gh0V8fI$_$10,0.0,-0.8854663
SwT0gh0V8fI$_$13,1.3333333730697632,0.661884
SwT0gh0V8fI$_$21,0.3333333432674408,0.33220565
SwT0gh0V8fI$_$17,-0.3333333432674408,-0.5288426
SwT0gh0V8fI$_$19,0.6666666865348816,1.0015467
SwT0gh0V8fI$_$23,-0.3333333432674408,-0.5981544
SwT0gh0V8fI$_$1,-0.3333333432674408,0.3048166
SwT0gh0V8fI$_$2,0.0,1.0136875
SwT0gh0V8fI$_$5,0.0,-0.62065935
SwT0gh0V8fI$_$15,2.3333332538604736,0.8457488
TLPlduck5II$_$0,-1.3333333730697632,0.3621694
TLPlduck5II$_$3,0.0,0.7674916
TLPlduck5II$_$5,0.0,0.56820416
TLPlduck5II$_$6,1.6666666269302368,1.4955235
TXiOSZdaLJ8$_$3,0.0,0.130179
TXiOSZdaLJ8$_$2,0.6666666865348816,0.7025016
TXiOSZdaLJ8$_$4,0.3333333432674408,0.3103537
TcTGCIh6e5s$_$1,0.0,0.2726398
TcTGCIh6e5s$_$0,0.6666666865348816,0.5817321
TcTGCIh6e5s$_$3,0.0,0.097648256
TcTGCIh6e5s$_$5,0.3333333432674408,0.55694544
TcTGCIh6e5s$_$4,0.0,0.19699934
TcTGCIh6e5s$_$7,0.0,0.27796975
TcTGCIh6e5s$_$6,0.0,0.2318732
TqQgIxR7thU$_$0,0.0,0.47613856
TsfyeZ8hgwE$_$1,0.3333333432674408,0.51424736
TtAyUQtmTLk$_$3,0.0,0.46222672
TtAyUQtmTLk$_$2,-0.6666666865348816,0.3755613
TtAyUQtmTLk$_$4,-0.3333333432674408,0.35367844
TtAyUQtmTLk$_$7,2.0,0.9892877
TtAyUQtmTLk$_$6,0.3333333432674408,0.50299203
TxRtSItpGMo$_$0,0.6666666865348816,0.92687047
TxRtSItpGMo$_$2,2.3333332538604736,1.3943033
TxRtSItpGMo$_$4,2.0,1.1354318
TxRtSItpGMo$_$7,1.3333333730697632,1.7253008
TxRtSItpGMo$_$6,2.0,1.4919889
U-KihZeIfKI$_$24,1.3333333730697632,0.6408703
U-KihZeIfKI$_$25,1.0,1.5230618
U-KihZeIfKI$_$20,1.3333333730697632,0.8561558
U-KihZeIfKI$_$21,0.3333333432674408,0.8862005
U-KihZeIfKI$_$22,1.0,0.7536048
U-KihZeIfKI$_$23,0.3333333432674408,0.014339924
U-KihZeIfKI$_$1,0.6666666865348816,0.12621991
U-KihZeIfKI$_$0,0.6666666865348816,0.84025675
U-KihZeIfKI$_$2,-1.0,-0.60062224
U-KihZeIfKI$_$5,-0.6666666865348816,-0.7842315
U-KihZeIfKI$_$7,-0.3333333432674408,1.1381843
U-KihZeIfKI$_$6,-1.0,-0.8720393
U-KihZeIfKI$_$9,0.3333333432674408,0.69588226
U-KihZeIfKI$_$8,1.3333333730697632,0.8380273
U-KihZeIfKI$_$11,0.6666666865348816,0.43698126
U-KihZeIfKI$_$10,1.0,1.1733842
U-KihZeIfKI$_$13,0.0,0.214289
U-KihZeIfKI$_$12,0.0,-0.30439356
U-KihZeIfKI$_$15,0.6666666865348816,0.41513947
U-KihZeIfKI$_$14,0.0,-0.87206143
U-KihZeIfKI$_$17,0.3333333432674408,0.12943222
U-KihZeIfKI$_$16,1.0,0.940438
U-KihZeIfKI$_$19,1.3333333730697632,1.5725714
U-KihZeIfKI$_$18,1.6666666269302368,1.1076303
U6IqFbpM-VM$_$0,1.6666666269302368,0.9893788
U6IqFbpM-VM$_$2,0.0,0.5947979
U8VYG_g6yVE$_$10,2.0,0.7888292
U8VYG_g6yVE$_$9,2.6666667461395264,1.5817853
UNLD7eYPzfQ$_$10,-1.0,0.3726308
UNLD7eYPzfQ$_$7,-0.3333333432674408,-0.16838136
USkMa4Evv7U$_$2,1.0,0.17179671
USkMa4Evv7U$_$7,1.3333333730697632,0.68735874
USkMa4Evv7U$_$6,0.3333333432674408,0.4436027
UcV-bpksJi0$_$3,0.0,0.24052061
UcV-bpksJi0$_$5,0.0,-0.22824456
UcV-bpksJi0$_$4,0.0,0.5425326
UiurP5k-f1A$_$1,1.0,0.77844787
UiurP5k-f1A$_$2,1.0,0.6308114
UiurP5k-f1A$_$4,1.0,0.9562789
UjqA6KVW2m8$_$11,0.6666666865348816,0.5110728
UjqA6KVW2m8$_$10,1.6666666269302368,0.702463
UjqA6KVW2m8$_$0,-0.3333333432674408,-0.2684054
UjqA6KVW2m8$_$3,-0.6666666865348816,0.13717146
UjqA6KVW2m8$_$2,-1.3333333730697632,-0.09904002
UjqA6KVW2m8$_$5,0.6666666865348816,1.0051013
UjqA6KVW2m8$_$4,1.0,0.8002388
UjqA6KVW2m8$_$7,-1.0,0.14955766
UjqA6KVW2m8$_$9,1.6666666269302368,1.2031637
UjqA6KVW2m8$_$8,2.0,0.915059
Uu_XyXyKHAk$_$10,-1.0,-0.06991373
UweZVaFqruU$_$1,0.3333333432674408,0.51995033
UweZVaFqruU$_$3,0.0,0.14057548
UweZVaFqruU$_$2,0.0,0.30136046
UweZVaFqruU$_$5,0.0,0.45307672
UweZVaFqruU$_$4,0.0,0.41668436
UweZVaFqruU$_$7,0.0,0.53424466
UweZVaFqruU$_$6,0.3333333432674408,0.21309204
UweZVaFqruU$_$9,2.0,0.96333617
UweZVaFqruU$_$8,0.6666666865348816,0.5774018
V0SvSPkiJUY$_$12,1.6666666269302368,0.1340171
V0SvSPkiJUY$_$1,0.6666666865348816,0.103336185
V0SvSPkiJUY$_$0,2.3333332538604736,0.695316
V0SvSPkiJUY$_$3,0.0,0.10247408
V0SvSPkiJUY$_$2,0.6666666865348816,0.0832143
V0SvSPkiJUY$_$5,0.6666666865348816,0.1316692
V0SvSPkiJUY$_$4,-0.3333333432674408,-0.9855618
V0SvSPkiJUY$_$9,1.6666666269302368,-0.07513927
V27mmEkN80g$_$0,0.0,0.43666962
V2X1NU5RkwY$_$1,0.0,0.5960869
V2X1NU5RkwY$_$0,-0.6666666865348816,0.1750996
V2X1NU5RkwY$_$3,0.3333333432674408,0.1980849
V2X1NU5RkwY$_$2,0.0,0.18446745
V2X1NU5RkwY$_$5,0.0,0.55155087
V2X1NU5RkwY$_$7,0.0,0.5279771
V2X1NU5RkwY$_$6,-0.3333333432674408,0.32933012
V7OFSHYcQD0$_$8,-0.3333333432674408,0.016414914
VDkBM0ZG4q8$_$10,0.0,0.3220058
VDkBM0ZG4q8$_$1,0.3333333432674408,0.43642697
VDkBM0ZG4q8$_$0,0.3333333432674408,0.13528587
VDkBM0ZG4q8$_$3,0.6666666865348816,0.84094334
VDkBM0ZG4q8$_$2,0.0,0.009152107
VDkBM0ZG4q8$_$5,0.0,0.5401738
VDkBM0ZG4q8$_$4,0.0,-0.13217725
VDkBM0ZG4q8$_$7,0.3333333432674408,1.058575
VDkBM0ZG4q8$_$6,0.3333333432674408,0.3668912
VIVkYG31Oas$_$0,1.0,0.2707389
VLQgw-88v4Q$_$11,2.0,1.0909197
VLQgw-88v4Q$_$10,2.3333332538604736,0.7770228
VLQgw-88v4Q$_$3,1.6666666269302368,1.0299381
VLQgw-88v4Q$_$2,1.0,1.1510966
VLQgw-88v4Q$_$6,1.6666666269302368,1.0521604
VLQgw-88v4Q$_$9,1.3333333730697632,0.53902555
VS7xSvno7NA$_$11,1.0,0.52428913
VS7xSvno7NA$_$13,0.3333333432674408,0.5802585
VS7xSvno7NA$_$12,0.3333333432674408,0.4029292
VS7xSvno7NA$_$1,-1.3333333730697632,0.13504893
VS7xSvno7NA$_$5,-0.6666666865348816,-0.14545162
VS7xSvno7NA$_$7,-0.6666666865348816,-0.20306976
VS7xSvno7NA$_$6,0.0,0.52195495
VS7xSvno7NA$_$9,1.0,0.08091169
VVtx4IDsHZA$_$2,-0.6666666865348816,-0.22361512
VXy21GwGs8o$_$0,0.0,0.682925
VXy21GwGs8o$_$2,1.6666666269302368,1.1545584
Vdf1McvE9ao$_$11,0.0,0.032500736
Vdf1McvE9ao$_$10,0.3333333432674408,-0.12924336
Vdf1McvE9ao$_$15,-0.6666666865348816,-0.07572986
Vdf1McvE9ao$_$14,-0.6666666865348816,-0.23693903
Vdf1McvE9ao$_$17,0.0,-0.013885353
Vdf1McvE9ao$_$16,-0.6666666865348816,-0.4623117
Vdf1McvE9ao$_$19,-0.6666666865348816,-0.6890371
Vdf1McvE9ao$_$18,-0.6666666865348816,0.054697186
Vdf1McvE9ao$_$0,0.6666666865348816,0.8706859
Vdf1McvE9ao$_$2,0.3333333432674408,0.97637933
Vdf1McvE9ao$_$5,1.0,0.84305567
Vdf1McvE9ao$_$7,1.0,0.38457066
Vdf1McvE9ao$_$9,0.0,-0.21224324
Vlas-mPydcg$_$11,1.6666666269302368,1.2648702
Vlas-mPydcg$_$17,0.6666666865348816,-0.022357907
Vlas-mPydcg$_$19,0.0,-0.46607038
Vlas-mPydcg$_$3,1.0,0.9894368
Vlas-mPydcg$_$5,0.3333333432674408,0.14724967
Vlas-mPydcg$_$4,2.6666667461395264,1.6751426
VsXGwSZazwA$_$10,0.6666666865348816,-0.007896949
VsXGwSZazwA$_$1,0.0,0.079836994
VsXGwSZazwA$_$0,1.3333333730697632,0.16771643
VsXGwSZazwA$_$2,1.0,0.18656006
VsXGwSZazwA$_$4,0.0,0.049672663
VsXGwSZazwA$_$7,0.0,0.3058652
VsXGwSZazwA$_$6,1.6666666269302368,0.2671854
VsXGwSZazwA$_$8,1.6666666269302368,0.17209153
VwGPIUNayKM$_$1,0.0,0.29749632
VwGPIUNayKM$_$0,0.0,0.3180103
VwGPIUNayKM$_$3,0.0,0.698574
VwGPIUNayKM$_$2,0.0,0.44680455
VwGPIUNayKM$_$5,-1.0,0.2076349
VwGPIUNayKM$_$4,-0.3333333432674408,0.14157446
VwGPIUNayKM$_$7,0.6666666865348816,0.3674285
VwGPIUNayKM$_$6,0.6666666865348816,0.5641679
VwGPIUNayKM$_$8,1.0,0.8264076
W1CWpktWtTs$_$10,2.6666667461395264,1.3339553
W1CWpktWtTs$_$0,1.0,0.12441243
W1CWpktWtTs$_$3,0.3333333432674408,0.4068411
W1CWpktWtTs$_$2,0.0,-0.07515599
W1CWpktWtTs$_$5,1.0,0.75497764
W1CWpktWtTs$_$4,1.3333333730697632,1.1895623
W1CWpktWtTs$_$7,0.0,0.88263446
W1CWpktWtTs$_$9,0.6666666865348816,0.4890524
W1CWpktWtTs$_$8,0.0,0.051431265
WJM8u2I2rQ4$_$13,0.0,0.6553856
WJM8u2I2rQ4$_$5,0.0,0.60956866
WJM8u2I2rQ4$_$3,0.6666666865348816,0.40181533
WQFRctNL8AA$_$0,0.0,-0.28538227
WQFRctNL8AA$_$2,-0.6666666865348816,0.10975166
WbtsuXkaGeg$_$1,0.6666666865348816,0.29715768
WbtsuXkaGeg$_$12,0.0,0.42059568
WfNiQBXmPw8$_$1,0.0,0.23033151
WfNiQBXmPw8$_$0,0.0,0.041063637
WfNiQBXmPw8$_$3,-0.3333333432674408,-0.5373889
WfNiQBXmPw8$_$2,-1.3333333730697632,0.4391067
WfNiQBXmPw8$_$5,0.3333333432674408,-0.26353222
WfNiQBXmPw8$_$4,0.3333333432674408,-0.22823285
WfNiQBXmPw8$_$7,0.0,-0.17758413
WfNiQBXmPw8$_$6,-1.6666666269302368,0.3044984
WfNiQBXmPw8$_$9,0.0,0.008467771
WfNiQBXmPw8$_$8,0.3333333432674408,0.17875364
WgI8IbJtXHw$_$0,0.0,1.4315968
Wmhif6hmPTQ$_$3,0.0,0.12297556
Wmhif6hmPTQ$_$16,0.0,0.70878226
WoL4fCxGd8Q$_$11,-2.3333332538604736,0.7420752
WoL4fCxGd8Q$_$10,-0.3333333432674408,-0.37319735
WoL4fCxGd8Q$_$13,0.3333333432674408,1.0127088
WoL4fCxGd8Q$_$12,0.0,-0.28899786
WoL4fCxGd8Q$_$15,-1.6666666269302368,-0.36108273
WoL4fCxGd8Q$_$14,-0.3333333432674408,0.5944766
WoL4fCxGd8Q$_$17,-0.3333333432674408,1.1220834
WoL4fCxGd8Q$_$1,0.0,0.9711205
WoL4fCxGd8Q$_$0,0.0,1.0393375
WoL4fCxGd8Q$_$2,0.0,0.6740368
WoL4fCxGd8Q$_$5,0.0,0.18798992
WoL4fCxGd8Q$_$7,-2.3333332538604736,-1.4677916
WoL4fCxGd8Q$_$8,1.0,1.2232616
Wu-wQTmxRgo$_$4,2.0,0.20015986
WuaoxGAKue0$_$7,-0.3333333432674408,-0.5604816
X2Hs89fZ2-c$_$13,0.0,0.19000219
X2Hs89fZ2-c$_$27,0.0,0.20571317
X2Hs89fZ2-c$_$20,0.3333333432674408,0.40981916
X2Hs89fZ2-c$_$21,1.0,0.9402375
X2Hs89fZ2-c$_$22,1.0,0.49085498
X2Hs89fZ2-c$_$32,0.0,0.50619024
X2Hs89fZ2-c$_$31,0.3333333432674408,0.25022686
X2Hs89fZ2-c$_$30,0.0,0.75299126
X2Hs89fZ2-c$_$28,0.0,0.48578456
X2Hs89fZ2-c$_$1,0.3333333432674408,0.42602307
X2Hs89fZ2-c$_$0,0.3333333432674408,0.54453486
X2Hs89fZ2-c$_$3,0.0,0.3307826
X2Hs89fZ2-c$_$2,0.0,0.24613042
X2Hs89fZ2-c$_$5,0.0,0.4479775
X2Hs89fZ2-c$_$4,1.0,0.47619963
X2Hs89fZ2-c$_$7,0.6666666865348816,0.30574766
X2Hs89fZ2-c$_$6,0.0,0.4798579
X2Hs89fZ2-c$_$9,0.3333333432674408,0.6569304
X2Hs89fZ2-c$_$14,0.3333333432674408,0.7227414
X6N7UEFJLNY$_$0,0.3333333432674408,0.5067625
X6N7UEFJLNY$_$3,0.3333333432674408,0.7258037
X6N7UEFJLNY$_$2,0.0,0.51870257
X6N7UEFJLNY$_$4,0.6666666865348816,0.7764215
XDVit9ASVUg$_$3,0.0,0.08984429
XDVit9ASVUg$_$2,0.3333333432674408,0.23316188
XKyumlBmix8$_$2,-0.6666666865348816,-0.08868286
XKyumlBmix8$_$5,0.0,0.27426466
XKyumlBmix8$_$4,0.0,0.35271457
XKyumlBmix8$_$9,0.6666666865348816,0.14281037
XKyumlBmix8$_$8,0.6666666865348816,-0.040884342
XLjpZUsFEXo$_$11,0.6666666865348816,0.14154589
XLjpZUsFEXo$_$10,1.3333333730697632,0.4881822
XLjpZUsFEXo$_$5,0.3333333432674408,0.89423907
XLjpZUsFEXo$_$7,0.3333333432674408,0.6662019
XVWiAArXYpE$_$11,0.0,-0.2773722
XVWiAArXYpE$_$13,0.3333333432674408,-0.087316066
XVWiAArXYpE$_$12,0.0,0.13072592
XVWiAArXYpE$_$0,-0.3333333432674408,0.08361562
XVWiAArXYpE$_$3,-0.6666666865348816,-0.17301856
XVWiAArXYpE$_$2,0.0,-0.5899534
XVWiAArXYpE$_$5,-1.3333333730697632,0.0043405257
XVWiAArXYpE$_$4,-2.0,-0.3804403
XVWiAArXYpE$_$6,-0.3333333432674408,-0.2754981
XVWiAArXYpE$_$9,-0.3333333432674408,0.00018024072
XWIp0zH3qDM$_$1,1.0,0.15309191
X_TusmBIlC0$_$9,0.0,0.2829835
X_TusmBIlC0$_$5,0.0,0.46275863
Xa086gxLJ3Y$_$12,0.3333333432674408,0.34403357
Xa086gxLJ3Y$_$2,0.3333333432674408,0.5871641
Xa086gxLJ3Y$_$4,0.3333333432674408,-0.09881657
XadAy93f1P8$_$0,0.0,0.39456207
XbkYA-iXUwA$_$1,0.3333333432674408,0.29379964
XbkYA-iXUwA$_$0,0.0,0.17455229
XbkYA-iXUwA$_$2,0.0,0.6102361
XbkYA-iXUwA$_$5,0.3333333432674408,0.09925534
XbkYA-iXUwA$_$4,-0.6666666865348816,-1.1096041
XlTYSOaZ_vM$_$1,0.6666666865348816,0.7167492
XrNaL-MTjXg$_$3,0.0,0.23909079
XrNaL-MTjXg$_$4,1.0,0.8665742
XrNaL-MTjXg$_$7,1.3333333730697632,0.18881862
Xy57UpKRNEo$_$0,0.0,0.32525298
Xy57UpKRNEo$_$2,0.0,0.6506316
Xy57UpKRNEo$_$5,0.6666666865348816,0.6410964
Xy57UpKRNEo$_$4,0.3333333432674408,0.13395254
Xy57UpKRNEo$_$7,-1.0,-0.44329855
Xy57UpKRNEo$_$6,0.0,-0.06659782
Y2F51I-dzAg$_$1,0.6666666865348816,0.14072254
Y2F51I-dzAg$_$0,-0.3333333432674408,-0.31219992
Y2F51I-dzAg$_$3,0.3333333432674408,-0.011468332
Y2F51I-dzAg$_$4,1.0,0.4503599
Y2F51I-dzAg$_$6,-0.3333333432674408,0.822466
Y8dI1GTWCk4$_$10,-1.0,0.2690668
Y8dI1GTWCk4$_$1,0.3333333432674408,-0.45482942
Y8dI1GTWCk4$_$2,0.6666666865348816,-0.26410213
Y8dI1GTWCk4$_$5,0.0,0.373241
Y8dI1GTWCk4$_$4,0.0,0.23468406
Y8dI1GTWCk4$_$7,0.0,0.14782737
Y8dI1GTWCk4$_$6,1.3333333730697632,0.98414856
Y8dI1GTWCk4$_$8,0.0,0.10386756
YCEllKyaCrc$_$11,-2.0,-1.1465781
YCEllKyaCrc$_$10,0.3333333432674408,-0.11401172
YCEllKyaCrc$_$6,0.3333333432674408,0.18936382
YCI-ZzclIPQ$_$2,0.0,0.19295397
YLK58srjhNI$_$1,-1.0,-0.3080208
YLK58srjhNI$_$8,-0.3333333432674408,-0.34859264
YLK58srjhNI$_$3,0.6666666865348816,1.590472
YLK58srjhNI$_$2,0.3333333432674408,0.24700734
YLK58srjhNI$_$4,1.3333333730697632,1.3612566
YQZPnHZRp1w$_$1,0.3333333432674408,0.2916488
YUNxD04EvfE$_$11,-0.3333333432674408,-0.040712345
YUNxD04EvfE$_$10,0.6666666865348816,0.5880384
YUNxD04EvfE$_$15,0.6666666865348816,0.73384684
YUNxD04EvfE$_$14,0.0,0.16591343
YUNxD04EvfE$_$1,-0.3333333432674408,0.16416
YUNxD04EvfE$_$2,0.3333333432674408,0.8066289
YUNxD04EvfE$_$4,0.6666666865348816,0.2189616
YUNxD04EvfE$_$6,-0.6666666865348816,-0.21916594
YUNxD04EvfE$_$9,0.3333333432674408,0.7529531
YgyeyooSz0g$_$4,-0.3333333432674408,0.30022493
YsMM_1R1vtw$_$10,-0.3333333432674408,-0.44437104
YsMM_1R1vtw$_$2,1.0,0.47227907
YsMM_1R1vtw$_$0,1.3333333730697632,0.4269071
YsMM_1R1vtw$_$4,1.3333333730697632,0.58252996
YsMM_1R1vtw$_$6,0.6666666865348816,0.4754065
Z4iYSMMMycQ$_$0,0.0,0.09274748
Z4iYSMMMycQ$_$4,0.6666666865348816,0.5118741
ZHUFlEgKk-w$_$1,0.3333333432674408,0.48601595
ZHUFlEgKk-w$_$0,-0.3333333432674408,-0.23981817
ZHUFlEgKk-w$_$3,0.6666666865348816,1.5533869
ZHUFlEgKk-w$_$4,1.0,0.9369529
ZKErPftd--w$_$11,1.3333333730697632,0.70216614
ZKErPftd--w$_$1,-1.3333333730697632,-0.98985773
ZKErPftd--w$_$0,-0.3333333432674408,-0.4678314
ZKErPftd--w$_$3,-1.0,-0.37966955
ZKErPftd--w$_$5,-0.3333333432674408,-0.08078407
ZKErPftd--w$_$4,-1.3333333730697632,0.003669113
ZKErPftd--w$_$7,0.6666666865348816,-0.20765813
ZKErPftd--w$_$6,0.6666666865348816,1.3488691
ZKErPftd--w$_$9,0.0,0.048600376
ZKKNd0zR8Io$_$5,0.0,-0.83464736
ZKZ8UjaQQT4$_$8,0.6666666865348816,0.70482016
ZKZ8UjaQQT4$_$7,0.0,0.63231117
ZS1Nb0OWYNE$_$11,0.6666666865348816,1.5128355
ZS1Nb0OWYNE$_$10,0.6666666865348816,1.3921174
ZS1Nb0OWYNE$_$13,0.6666666865348816,1.1047528
ZS1Nb0OWYNE$_$12,2.0,1.5311522
ZS1Nb0OWYNE$_$15,0.0,1.4667022
ZS1Nb0OWYNE$_$14,1.3333333730697632,0.87525123
ZS1Nb0OWYNE$_$16,2.0,1.7951074
ZS1Nb0OWYNE$_$1,0.3333333432674408,0.6483821
ZS1Nb0OWYNE$_$0,0.0,0.91154194
ZS1Nb0OWYNE$_$3,1.0,0.60730916
ZS1Nb0OWYNE$_$2,1.0,1.0596522
ZS1Nb0OWYNE$_$5,0.6666666865348816,0.19635424
ZS1Nb0OWYNE$_$4,1.3333333730697632,0.736576
ZS1Nb0OWYNE$_$7,1.0,1.061444
ZS1Nb0OWYNE$_$9,2.6666667461395264,1.1503034
ZS1Nb0OWYNE$_$8,0.0,0.65028334
Zb7bdrjWyEY$_$3,-2.3333332538604736,-0.5509506
ZcFzcd4ZoMg$_$10,1.0,0.41653377
ZcFzcd4ZoMg$_$0,0.0,1.0084196
ZcFzcd4ZoMg$_$3,0.0,0.40437326
ZcFzcd4ZoMg$_$5,1.3333333730697632,0.5725922
ZcFzcd4ZoMg$_$4,-0.3333333432674408,-0.10590926
ZcFzcd4ZoMg$_$7,1.0,1.1534163
ZcFzcd4ZoMg$_$6,1.6666666269302368,0.4361188
ZcFzcd4ZoMg$_$8,0.3333333432674408,0.5590133
ZeH7gZw94k0$_$1,1.6666666269302368,1.0040004
ZsLrKF7_Oos$_$1,0.0,0.024837114
ZsLrKF7_Oos$_$0,0.6666666865348816,0.45159248
ZtocGyL3Tfc$_$11,0.3333333432674408,-0.2901832
ZtocGyL3Tfc$_$13,1.0,0.4449948
ZtocGyL3Tfc$_$12,-0.3333333432674408,-0.36886677
ZtocGyL3Tfc$_$20,0.6666666865348816,0.35037696
ZtocGyL3Tfc$_$14,0.0,0.281242
ZtocGyL3Tfc$_$17,1.0,0.0578406
ZtocGyL3Tfc$_$10,1.0,0.28274223
ZtocGyL3Tfc$_$2,-1.3333333730697632,-0.08690381
ZtocGyL3Tfc$_$7,0.6666666865348816,0.57375973
ZtocGyL3Tfc$_$9,1.6666666269302368,0.4649041
ZtocGyL3Tfc$_$8,0.3333333432674408,0.72108626
ZznoGQVwTtw$_$1,-0.6666666865348816,0.022941006
ZznoGQVwTtw$_$3,0.6666666865348816,0.9178421
ZznoGQVwTtw$_$2,1.3333333730697632,0.8378281
ZznoGQVwTtw$_$5,0.6666666865348816,0.28596017
ZznoGQVwTtw$_$4,1.6666666269302368,0.5458632
ZznoGQVwTtw$_$7,1.3333333730697632,0.7766483
ZznoGQVwTtw$_$6,0.0,0.9047386
ZznoGQVwTtw$_$8,-1.6666666269302368,0.05683006
_0efYOjQYRc$_$3,0.3333333432674408,0.5672759
_0efYOjQYRc$_$4,0.6666666865348816,0.67133015
_1nvuNk7EFY$_$11,0.3333333432674408,0.7322418
_1nvuNk7EFY$_$10,-0.3333333432674408,-0.59754854
_1nvuNk7EFY$_$13,0.0,0.53195184
_1nvuNk7EFY$_$21,-0.3333333432674408,0.32261953
_1nvuNk7EFY$_$16,0.0,0.73237133
_1nvuNk7EFY$_$19,-0.3333333432674408,0.60227925
_1nvuNk7EFY$_$18,0.3333333432674408,-0.111718774
_1nvuNk7EFY$_$5,0.0,0.5697642
_1nvuNk7EFY$_$17,0.0,0.2669068
_1nvuNk7EFY$_$6,1.6666666269302368,-0.2551811
_1nvuNk7EFY$_$8,1.3333333730697632,0.8872327
_OmWVs0-6UM$_$0,0.0,0.4913308
_OmWVs0-6UM$_$3,1.3333333730697632,1.0783024
_OmWVs0-6UM$_$2,0.6666666865348816,1.0444475
_OmWVs0-6UM$_$5,2.3333332538604736,1.166153
_WA0HtVEe8U$_$0,-0.3333333432674408,0.32331488
_aJghSQmxD8$_$12,0.6666666865348816,0.53535557
_aJghSQmxD8$_$6,0.6666666865348816,0.47818825
_on_E-ZWy0I$_$20,-1.3333333730697632,0.13282298
_on_E-ZWy0I$_$21,1.3333333730697632,0.64580524
_on_E-ZWy0I$_$22,2.0,1.1494985
_on_E-ZWy0I$_$1,0.0,-0.036164347
_on_E-ZWy0I$_$0,0.0,-0.124690786
_on_E-ZWy0I$_$3,0.0,-0.20941724
_on_E-ZWy0I$_$2,0.6666666865348816,0.5026683
_on_E-ZWy0I$_$5,-0.3333333432674408,-0.4725137
_on_E-ZWy0I$_$4,1.0,0.43968078
_on_E-ZWy0I$_$7,0.0,0.30227038
_on_E-ZWy0I$_$6,-0.3333333432674408,0.16380171
_on_E-ZWy0I$_$9,0.0,0.39617553
_on_E-ZWy0I$_$8,0.3333333432674408,0.2046507
_on_E-ZWy0I$_$11,0.0,0.28460345
_on_E-ZWy0I$_$10,0.3333333432674408,0.37864226
_on_E-ZWy0I$_$13,-0.6666666865348816,-0.23506723
_on_E-ZWy0I$_$12,-1.0,0.46481475
_on_E-ZWy0I$_$15,0.3333333432674408,0.3200524
_on_E-ZWy0I$_$14,0.0,0.332082
_on_E-ZWy0I$_$17,2.0,1.0629228
_on_E-ZWy0I$_$16,0.6666666865348816,0.31927934
_on_E-ZWy0I$_$19,-0.6666666865348816,0.036621798
_on_E-ZWy0I$_$18,0.0,0.3122952
_q7DM8WkzAQ$_$15,1.0,1.0713553
_q7DM8WkzAQ$_$3,0.6666666865348816,0.33528697
_q7DM8WkzAQ$_$2,-0.6666666865348816,-0.11640562
_q7DM8WkzAQ$_$4,0.3333333432674408,0.49154434
a4PHWxILDp0$_$11,0.0,-0.040083785
a4PHWxILDp0$_$10,0.0,-0.40998158
a4PHWxILDp0$_$13,-0.3333333432674408,0.5811113
a4PHWxILDp0$_$15,0.0,-0.034002755
a4PHWxILDp0$_$17,0.0,0.16970918
a4PHWxILDp0$_$16,0.0,0.31083885
a4PHWxILDp0$_$19,0.0,-0.19071592
a4PHWxILDp0$_$0,0.0,0.16397406
a4PHWxILDp0$_$2,-0.6666666865348816,0.029009957
a4PHWxILDp0$_$4,0.0,0.2493852
a4PHWxILDp0$_$7,0.3333333432674408,0.2652098
a4PHWxILDp0$_$6,0.6666666865348816,0.47414926
a4PHWxILDp0$_$9,0.0,0.16689828
a4PHWxILDp0$_$8,0.0,-0.07435857
a8UMRrUjavI$_$10,-0.6666666865348816,0.22218302
a8UMRrUjavI$_$3,0.0,0.4274191
a8UMRrUjavI$_$2,-0.3333333432674408,-0.52712977
a8UMRrUjavI$_$5,-1.3333333730697632,-0.5585465
a8UMRrUjavI$_$9,-0.6666666865348816,0.1631684
a8UMRrUjavI$_$8,-0.3333333432674408,0.10980561
aa0J1AXSseY$_$1,1.0,1.1734719
aa0J1AXSseY$_$0,0.3333333432674408,0.6319601
aa0J1AXSseY$_$3,2.3333332538604736,1.6073225
aa0J1AXSseY$_$2,2.0,1.4667304
absh1hsZeF0$_$2,-0.6666666865348816,0.20734827
absh1hsZeF0$_$5,0.0,0.77391946
absh1hsZeF0$_$7,0.6666666865348816,0.81611234
absh1hsZeF0$_$6,1.0,0.46064126
ahG9c_uaf8s$_$0,0.0,0.83873284
ahG9c_uaf8s$_$3,0.3333333432674408,0.50482243
ahG9c_uaf8s$_$4,1.3333333730697632,0.49249685
an_GzG40hcE$_$0,0.6666666865348816,0.9306511
an_GzG40hcE$_$13,1.6666666269302368,1.0362055
an_GzG40hcE$_$2,1.6666666269302368,0.809017
an_GzG40hcE$_$15,2.0,0.94383603
an_GzG40hcE$_$7,0.3333333432674408,-0.39934966
b86B3hP8ARM$_$11,0.0,0.21947193
b86B3hP8ARM$_$5,0.3333333432674408,0.4952466
b92iw0OAnI4$_$1,-0.3333333432674408,-0.64252794
b92iw0OAnI4$_$3,0.0,0.2067383
b92iw0OAnI4$_$7,1.3333333730697632,0.3559712
bCBMKwafZKY$_$1,0.6666666865348816,0.76175386
bNQOeiAotbk$_$10,1.6666666269302368,1.560738
bNQOeiAotbk$_$1,0.3333333432674408,0.32482126
bNQOeiAotbk$_$0,2.3333332538604736,0.9379413
bNQOeiAotbk$_$2,0.3333333432674408,1.2064321
bNQOeiAotbk$_$5,1.0,0.54002875
bNQOeiAotbk$_$4,1.0,0.8413741
bNQOeiAotbk$_$7,0.3333333432674408,0.40038148
bNQOeiAotbk$_$9,0.0,0.970672
bNQOeiAotbk$_$8,0.0,0.08959773
bWmrrWQOVCM$_$13,0.3333333432674408,0.5986849
bWmrrWQOVCM$_$2,0.0,0.47153512
bdFCD-3BCRg$_$25,0.6666666865348816,1.2394819
bdFCD-3BCRg$_$20,1.3333333730697632,0.5961178
bdFCD-3BCRg$_$21,0.0,0.49354145
bdFCD-3BCRg$_$22,1.0,0.99996054
bdFCD-3BCRg$_$23,1.3333333730697632,0.56390685
bdFCD-3BCRg$_$1,1.0,0.89763236
bdFCD-3BCRg$_$0,0.3333333432674408,1.0533999
bdFCD-3BCRg$_$3,2.3333332538604736,1.4399405
bdFCD-3BCRg$_$2,1.0,1.1915094
bdFCD-3BCRg$_$5,0.6666666865348816,0.8248736
bdFCD-3BCRg$_$4,0.6666666865348816,0.8708016
bdFCD-3BCRg$_$7,0.6666666865348816,0.510489
bdFCD-3BCRg$_$6,1.6666666269302368,0.8346659
bdFCD-3BCRg$_$9,1.0,0.57260215
bdFCD-3BCRg$_$8,0.3333333432674408,0.24643047
bdFCD-3BCRg$_$11,0.6666666865348816,0.6694636
bdFCD-3BCRg$_$10,0.6666666865348816,0.5649588
bdFCD-3BCRg$_$13,0.3333333432674408,0.55281997
bdFCD-3BCRg$_$12,1.0,0.5006449
bdFCD-3BCRg$_$15,1.0,0.6228133
bdFCD-3BCRg$_$14,0.6666666865348816,0.49433216
bdFCD-3BCRg$_$17,1.3333333730697632,0.6122492
bdFCD-3BCRg$_$16,0.3333333432674408,0.2541684
bdFCD-3BCRg$_$19,1.0,0.4944971
bdFCD-3BCRg$_$18,0.0,0.41942123
bkX5FOX22Tw$_$1,0.0,0.47793233
bkX5FOX22Tw$_$0,0.0,0.26039132
bkX5FOX22Tw$_$2,0.3333333432674408,0.35171467
bkX5FOX22Tw$_$5,-0.3333333432674408,0.20319363
bkX5FOX22Tw$_$4,0.3333333432674408,0.68978333
bkX5FOX22Tw$_$7,0.0,0.2931975
bkX5FOX22Tw$_$6,0.0,0.48315835
bnzVR2ETQQ8$_$0,-0.3333333432674408,-0.15357347
bnzVR2ETQQ8$_$3,1.3333333730697632,1.0584507
bnzVR2ETQQ8$_$2,-0.6666666865348816,0.49169883
c5VEvmutmVg$_$11,2.0,1.0858308
c5VEvmutmVg$_$10,1.3333333730697632,0.5751726
c5VEvmutmVg$_$13,1.0,0.55156755
c5VEvmutmVg$_$12,0.0,0.009372562
c5VEvmutmVg$_$15,-0.3333333432674408,0.21461554
c5VEvmutmVg$_$14,0.0,-0.4277937
c5VEvmutmVg$_$17,0.6666666865348816,0.4555377
c5VEvmutmVg$_$16,0.0,-0.05479156
c5VEvmutmVg$_$19,0.0,0.5103378
c5VEvmutmVg$_$18,1.0,0.45521763
c5VEvmutmVg$_$1,1.0,1.0951161
c5VEvmutmVg$_$0,1.6666666269302368,1.284076
c5VEvmutmVg$_$3,0.6666666865348816,-0.016339753
c5VEvmutmVg$_$2,1.0,0.568652
c5VEvmutmVg$_$5,1.3333333730697632,0.9043687
c5VEvmutmVg$_$4,2.0,1.4259667
c5VEvmutmVg$_$7,2.0,0.95546865
c5VEvmutmVg$_$6,1.6666666269302368,1.0225867
c5VEvmutmVg$_$9,1.3333333730697632,1.0603361
c5VEvmutmVg$_$8,2.3333332538604736,1.9164735
c5zxqITn3ZM$_$1,0.3333333432674408,0.85847574
c5zxqITn3ZM$_$3,0.0,0.51842463
c5zxqITn3ZM$_$5,0.6666666865348816,-0.0889667
c5zxqITn3ZM$_$4,1.3333333730697632,0.8462309
c5zxqITn3ZM$_$9,0.6666666865348816,0.25741458
c5zxqITn3ZM$_$8,0.6666666865348816,0.7100825
c9hE1ghElrM$_$1,0.0,0.769936
c9hE1ghElrM$_$0,0.0,0.31408828
c9hE1ghElrM$_$3,-1.3333333730697632,-0.5014423
c9hE1ghElrM$_$2,0.0,0.2813501
c9hE1ghElrM$_$4,0.0,-0.436379
cW-aX4dPVfk$_$24,1.6666666269302368,0.7652763
cW-aX4dPVfk$_$25,0.0,0.09092994
cW-aX4dPVfk$_$26,2.0,2.005912
cW-aX4dPVfk$_$27,1.6666666269302368,0.18795583
cW-aX4dPVfk$_$20,0.0,-0.06770107
cW-aX4dPVfk$_$21,-0.3333333432674408,0.61406577
cW-aX4dPVfk$_$22,2.3333332538604736,1.8804471
cW-aX4dPVfk$_$23,1.6666666269302368,0.42568102
cW-aX4dPVfk$_$29,1.3333333730697632,0.28948587
cW-aX4dPVfk$_$40,1.3333333730697632,0.75225115
cW-aX4dPVfk$_$41,1.0,0.27197933
cW-aX4dPVfk$_$1,0.0,0.063035324
cW-aX4dPVfk$_$0,0.3333333432674408,0.49079832
cW-aX4dPVfk$_$3,0.0,0.5920523
cW-aX4dPVfk$_$2,0.3333333432674408,0.1474736
cW-aX4dPVfk$_$5,0.3333333432674408,0.16509284
cW-aX4dPVfk$_$4,-0.3333333432674408,0.30644652
cW-aX4dPVfk$_$7,0.3333333432674408,0.591381
cW-aX4dPVfk$_$6,0.0,0.10308063
cW-aX4dPVfk$_$9,0.0,-1.0578884
cW-aX4dPVfk$_$8,0.3333333432674408,0.538395
cW-aX4dPVfk$_$39,1.3333333730697632,0.39371166
cW-aX4dPVfk$_$38,0.6666666865348816,1.1631541
cW-aX4dPVfk$_$11,0.3333333432674408,1.1769869
cW-aX4dPVfk$_$10,0.0,-0.8124975
cW-aX4dPVfk$_$13,0.6666666865348816,0.6981767
cW-aX4dPVfk$_$12,1.3333333730697632,0.7481954
cW-aX4dPVfk$_$15,1.0,-0.48159012
cW-aX4dPVfk$_$14,1.3333333730697632,-0.027201254
cW-aX4dPVfk$_$19,0.0,0.4637621
cW-aX4dPVfk$_$32,1.6666666269302368,0.8062878
cW-aX4dPVfk$_$31,0.6666666865348816,0.17140138
cW-aX4dPVfk$_$30,2.3333332538604736,1.611536
cW-aX4dPVfk$_$37,0.6666666865348816,0.9884141
cW-aX4dPVfk$_$36,-1.3333333730697632,-0.27615577
cW-aX4dPVfk$_$35,1.3333333730697632,0.58898515
cW-aX4dPVfk$_$34,-1.3333333730697632,-0.25591543
cW-aX4dPVfk$_$33,2.0,1.4362905
cX8FScpsfLE$_$1,-0.3333333432674408,0.41604152
cY8DcaHXNNs$_$9,0.6666666865348816,0.92753893
cY8DcaHXNNs$_$5,0.0,1.3737763
cY8DcaHXNNs$_$4,0.3333333432674408,0.9907219
cml9rShionM$_$11,1.0,0.14606655
cml9rShionM$_$10,0.0,0.13136676
cml9rShionM$_$14,0.0,0.17840599
cml9rShionM$_$3,-0.3333333432674408,0.97642773
cml9rShionM$_$5,0.0,-0.16354959
cml9rShionM$_$7,0.0,0.28122792
cml9rShionM$_$8,0.0,0.25045952
cn0WZ8-0Z1Y$_$10,0.6666666865348816,-0.3221361
cn0WZ8-0Z1Y$_$3,-0.3333333432674408,0.330808
cn0WZ8-0Z1Y$_$2,0.3333333432674408,0.16418792
cn0WZ8-0Z1Y$_$5,-1.0,-0.0048450567
cn0WZ8-0Z1Y$_$4,0.3333333432674408,0.4179493
cn0WZ8-0Z1Y$_$7,1.0,0.34672043
cn0WZ8-0Z1Y$_$6,-0.6666666865348816,-0.44721016
cn0WZ8-0Z1Y$_$9,-1.6666666269302368,-0.9458801
cn0WZ8-0Z1Y$_$8,0.3333333432674408,0.41990748
ctAZf4sMBUQ$_$1,1.6666666269302368,0.5678832
ctAZf4sMBUQ$_$8,1.6666666269302368,0.53975165
ctAZf4sMBUQ$_$0,1.6666666269302368,1.2313371
d-Uw_uZyUys$_$0,-0.3333333432674408,-0.60572195
d-Uw_uZyUys$_$2,-1.0,0.22099382
d-Uw_uZyUys$_$7,-1.0,0.58322877
d1CDP6sMuLA$_$11,1.3333333730697632,0.70192516
d1CDP6sMuLA$_$10,-0.3333333432674408,-0.69004935
d1CDP6sMuLA$_$12,0.6666666865348816,0.4455041
d1CDP6sMuLA$_$15,1.0,0.7164605
d1CDP6sMuLA$_$14,0.6666666865348816,0.2548474
d1CDP6sMuLA$_$19,2.3333332538604736,1.3307738
d1CDP6sMuLA$_$18,2.3333332538604736,1.2999635
d1CDP6sMuLA$_$1,1.6666666269302368,0.9350179
d1CDP6sMuLA$_$3,2.0,1.8090296
d1CDP6sMuLA$_$4,2.0,1.2182091
d1CDP6sMuLA$_$6,0.6666666865348816,0.38605475
d1CDP6sMuLA$_$9,0.3333333432674408,-0.52813804
d1CDP6sMuLA$_$8,-1.6666666269302368,-0.1369772
dHk--ExZbHs$_$0,1.0,1.0174905
dHk--ExZbHs$_$8,0.0,0.572674
dR68gbeOWOc$_$1,0.3333333432674408,0.54476833
dR68gbeOWOc$_$3,0.3333333432674408,0.72374517
dTcz1am1eUw$_$0,0.3333333432674408,0.91626793
dTcz1am1eUw$_$2,1.3333333730697632,0.98816687
ddWHTdJz2O8$_$1,-0.3333333432674408,0.8388242
dlE05KC95uk$_$11,0.3333333432674408,0.30018297
dlE05KC95uk$_$12,1.6666666269302368,0.29816943
dlE05KC95uk$_$17,0.3333333432674408,0.07115697
dlE05KC95uk$_$18,1.6666666269302368,0.7995223
dlE05KC95uk$_$2,0.6666666865348816,0.34423593
dlE05KC95uk$_$5,0.0,0.68552876
dlE05KC95uk$_$9,1.0,0.45623198
dxsPkcG-Q30$_$0,1.0,0.2643324
dxsPkcG-Q30$_$3,1.0,1.0009454
eD5cScqaf6c$_$1,0.3333333432674408,1.0021898
eD5cScqaf6c$_$0,2.6666667461395264,1.4473649
eE8Qr9fOvVA$_$3,2.3333332538604736,1.6026843
eE8Qr9fOvVA$_$2,-1.3333333730697632,0.15737791
eE8Qr9fOvVA$_$5,-1.3333333730697632,0.84319115
eE8Qr9fOvVA$_$7,-1.3333333730697632,0.27721882
eFV7iFPYZB4$_$10,1.3333333730697632,0.18537743
eFV7iFPYZB4$_$13,1.0,0.6196663
eFV7iFPYZB4$_$12,1.6666666269302368,0.4785461
eFV7iFPYZB4$_$14,1.3333333730697632,0.49627998
eFV7iFPYZB4$_$1,2.3333332538604736,0.64836013
eFV7iFPYZB4$_$3,0.6666666865348816,0.27274075
eFV7iFPYZB4$_$5,0.6666666865348816,0.60814714
eFV7iFPYZB4$_$4,1.6666666269302368,1.2235075
eFV7iFPYZB4$_$7,1.6666666269302368,0.68523794
eFV7iFPYZB4$_$6,2.0,0.53096396
eFV7iFPYZB4$_$9,0.0,0.33316198
eFV7iFPYZB4$_$8,0.6666666865348816,0.108352244
eJfT7-dDqzA$_$3,0.6666666865348816,0.18597324
eJfT7-dDqzA$_$2,0.6666666865348816,0.6555121
eJfT7-dDqzA$_$5,1.0,0.395299
eJfT7-dDqzA$_$4,0.0,0.09692905
eJfT7-dDqzA$_$7,0.6666666865348816,0.4281065
eJfT7-dDqzA$_$6,0.6666666865348816,0.19113971
eJfT7-dDqzA$_$8,1.0,0.21106195
eKQKEi2-0Ws$_$0,0.0,0.5270211
eQc5uI7FKCU$_$1,0.0,0.04974353
eQc5uI7FKCU$_$0,1.0,0.49371156
eQc5uI7FKCU$_$3,0.6666666865348816,0.31833944
eQc5uI7FKCU$_$5,0.3333333432674408,0.66361654
eQc5uI7FKCU$_$4,1.0,0.55078727
eQc5uI7FKCU$_$6,0.6666666865348816,0.55068535
eREud0qYR3s$_$5,1.3333333730697632,0.9231383
eREud0qYR3s$_$7,1.3333333730697632,0.71446747
eUwbRLhV1vs$_$0,1.0,0.39044592
ehZrOdw6PhA$_$1,-0.6666666865348816,0.6415958
ehZrOdw6PhA$_$0,-0.3333333432674408,-0.114011064
ehZrOdw6PhA$_$4,-0.6666666865348816,-0.044144083
ex-dKshlXoY$_$11,-0.6666666865348816,0.02618033
ex-dKshlXoY$_$8,0.3333333432674408,0.35117945
ex-dKshlXoY$_$6,0.3333333432674408,0.38231125
ey1lr8wFFDc$_$1,0.0,0.5930592
ey1lr8wFFDc$_$0,0.6666666865348816,0.7613614
ey1lr8wFFDc$_$3,0.0,0.0828808
ey1lr8wFFDc$_$2,0.3333333432674408,0.047163974
ezuWKsxPRSM$_$1,1.6666666269302368,1.5552561
ezuWKsxPRSM$_$0,1.0,0.8478666
ezuWKsxPRSM$_$2,1.0,0.56809634
ezuWKsxPRSM$_$6,0.0,0.83038235
f-VdKweez2U$_$8,2.0,0.7215123
f-VdKweez2U$_$2,0.6666666865348816,0.8893785
f-VdKweez2U$_$4,0.0,0.5926121
f-VdKweez2U$_$7,1.3333333730697632,0.64084107
f-VdKweez2U$_$0,0.6666666865348816,0.8615318
f8Puta8k8fU$_$1,0.0,-0.04474305
fT6SrlsWV7M$_$11,0.3333333432674408,0.3101757
fT6SrlsWV7M$_$10,0.3333333432674408,0.28391472
fT6SrlsWV7M$_$13,-1.6666666269302368,-0.8778964
fT6SrlsWV7M$_$12,-1.3333333730697632,0.38029006
fT6SrlsWV7M$_$1,0.6666666865348816,-0.5147171
fT6SrlsWV7M$_$0,-0.6666666865348816,0.26085755
fT6SrlsWV7M$_$3,-0.6666666865348816,0.15604107
fT6SrlsWV7M$_$2,-0.6666666865348816,0.024986748
fT6SrlsWV7M$_$4,0.0,0.20285715
fT6SrlsWV7M$_$7,-0.3333333432674408,-0.14049427
fT6SrlsWV7M$_$6,0.3333333432674408,-0.07646157
fU5AYkq0m9k$_$1,1.3333333730697632,0.46904847
fU5AYkq0m9k$_$0,0.3333333432674408,0.20121272
fU5AYkq0m9k$_$3,0.3333333432674408,-0.41367993
fU5AYkq0m9k$_$4,-1.0,-0.2306387
fVCDn6SdtVM$_$3,1.3333333730697632,0.35914686
fVCDn6SdtVM$_$2,-0.3333333432674408,0.48206416
fVCDn6SdtVM$_$5,0.0,0.5894037
fWAKek8jA5M$_$0,-1.6666666269302368,-1.2698194
fWAKek8jA5M$_$3,-1.3333333730697632,0.22749527
fWAKek8jA5M$_$5,-1.0,-0.10507265
fWAKek8jA5M$_$4,0.0,-0.058958966
fWAKek8jA5M$_$7,-1.6666666269302368,0.44629198
fWAKek8jA5M$_$6,-1.0,1.0427468
fWAKek8jA5M$_$9,-1.3333333730697632,-0.24904467
fWAKek8jA5M$_$8,0.0,0.3983844
faUvT7zfsyk$_$3,1.6666666269302368,0.73773926
faUvT7zfsyk$_$2,1.0,0.205348
faUvT7zfsyk$_$6,2.0,0.7116156
fcxbB7ybUfs$_$9,0.0,0.5635935
fdc7iyzKvFQ$_$0,0.3333333432674408,0.52554214
fdc7iyzKvFQ$_$3,1.0,0.32487893
fdc7iyzKvFQ$_$2,1.3333333730697632,1.0167031
fhADeWE5VgU$_$1,1.0,1.0683867
fhADeWE5VgU$_$3,0.0,-0.003115598
fhADeWE5VgU$_$2,0.0,0.20341681
fhADeWE5VgU$_$5,1.6666666269302368,0.6836473
frCWtiam4tE$_$1,0.3333333432674408,0.3059694
frCWtiam4tE$_$0,1.6666666269302368,0.055455197
frCWtiam4tE$_$2,1.6666666269302368,0.47625443
frCWtiam4tE$_$6,1.3333333730697632,-0.2271788
fsBzpr4k3rY$_$0,2.0,0.23631717
fsd1qPLA3kY$_$1,-0.3333333432674408,0.2884371
fsd1qPLA3kY$_$8,1.0,0.44889408
fsd1qPLA3kY$_$16,0.3333333432674408,0.49541748
fz-MzQcOBwQ$_$11,1.6666666269302368,-0.050591882
fz-MzQcOBwQ$_$10,1.3333333730697632,0.92788315
fz-MzQcOBwQ$_$12,1.6666666269302368,1.2895653
fz-MzQcOBwQ$_$1,1.3333333730697632,0.67675644
fz-MzQcOBwQ$_$0,2.3333332538604736,1.1293418
fz-MzQcOBwQ$_$3,0.3333333432674408,0.5744702
fz-MzQcOBwQ$_$2,0.3333333432674408,0.7918988
fz-MzQcOBwQ$_$5,0.6666666865348816,0.21575929
fz-MzQcOBwQ$_$4,0.0,-0.6764242
fz-MzQcOBwQ$_$7,2.3333332538604736,1.5544665
fz-MzQcOBwQ$_$6,1.3333333730697632,0.6655782
fz-MzQcOBwQ$_$9,1.0,-0.13809319
fz-MzQcOBwQ$_$8,1.3333333730697632,-1.0108644
g6VJg6ycUk0$_$1,0.3333333432674408,0.4381557
gE7kUqMqQ9g$_$3,-1.3333333730697632,0.21247457
gE7kUqMqQ9g$_$2,-0.6666666865348816,-0.5146429
gJjkCPO7iXg$_$1,1.0,0.93416756
gJjkCPO7iXg$_$0,1.0,0.70221215
gJjkCPO7iXg$_$3,1.3333333730697632,0.81961924
gJjkCPO7iXg$_$2,1.0,0.4757618
gKojBrXHhUc$_$12,0.0,0.40244004
gKojBrXHhUc$_$14,0.0,0.2969456
gL8h7lOPv1Q$_$11,1.3333333730697632,0.3293081
gL8h7lOPv1Q$_$10,0.3333333432674408,0.42494476
gL8h7lOPv1Q$_$13,0.0,0.5660607
gL8h7lOPv1Q$_$15,0.0,-0.09577215
gL8h7lOPv1Q$_$14,0.0,0.10954395
gL8h7lOPv1Q$_$28,0.3333333432674408,0.19612838
gL8h7lOPv1Q$_$7,1.3333333730697632,0.14035535
gL8h7lOPv1Q$_$9,0.0,0.56371075
gL8h7lOPv1Q$_$8,0.6666666865348816,1.1422524
gLTxaEcx41E$_$11,-0.3333333432674408,0.13765687
gLTxaEcx41E$_$10,0.3333333432674408,-0.27000162
gLTxaEcx41E$_$12,1.3333333730697632,0.5403721
gLTxaEcx41E$_$1,0.0,0.519246
gLTxaEcx41E$_$3,0.3333333432674408,0.57490295
gLTxaEcx41E$_$2,0.0,0.03682858
gLTxaEcx41E$_$5,-0.3333333432674408,0.3517078
gLTxaEcx41E$_$4,0.0,0.11506204
gLTxaEcx41E$_$7,0.0,0.6360453
gLTxaEcx41E$_$6,0.3333333432674408,0.9489512
gLTxaEcx41E$_$9,0.6666666865348816,-0.24072362
gLTxaEcx41E$_$8,0.3333333432674408,0.3915293
gR3igiwaeyc$_$10,-0.3333333432674408,0.47904754
gR3igiwaeyc$_$1,0.0,0.68891066
gR3igiwaeyc$_$0,-0.3333333432674408,0.553692
gR3igiwaeyc$_$3,0.0,0.010772966
gR3igiwaeyc$_$2,0.0,0.16994016
gR3igiwaeyc$_$4,0.0,-0.08749871
gR3igiwaeyc$_$7,0.0,0.5484756
gR3igiwaeyc$_$6,-0.3333333432674408,0.40769103
gR3igiwaeyc$_$9,-0.6666666865348816,-0.12008676
gcFECfN4BCU$_$24,1.3333333730697632,0.98620003
gcFECfN4BCU$_$20,1.0,0.38504043
gcFECfN4BCU$_$21,0.3333333432674408,0.83812535
gcFECfN4BCU$_$22,2.0,1.9096832
gcFECfN4BCU$_$23,2.0,1.3392427
gcFECfN4BCU$_$1,0.6666666865348816,0.6181528
gcFECfN4BCU$_$3,0.0,0.67554384
gcFECfN4BCU$_$5,0.0,0.47766227
gcFECfN4BCU$_$4,0.3333333432674408,0.78944325
gcFECfN4BCU$_$7,1.6666666269302368,0.9779046
gcFECfN4BCU$_$6,0.3333333432674408,0.3981205
gcFECfN4BCU$_$11,0.6666666865348816,0.3418636
gcFECfN4BCU$_$10,0.6666666865348816,0.897102
gcFECfN4BCU$_$13,1.0,0.95302373
gcFECfN4BCU$_$12,1.0,0.47749096
gcFECfN4BCU$_$14,1.0,0.39399818
gcFECfN4BCU$_$17,1.0,0.7139428
gcFECfN4BCU$_$16,0.3333333432674408,0.44982514
gcFECfN4BCU$_$19,0.0,0.5995652
gpn71-aKWwQ$_$0,1.6666666269302368,0.78608143
grsV1YN1z5s$_$6,0.6666666865348816,0.48868868
h1ZZHUU4j0k$_$20,-0.3333333432674408,0.22614525
h1ZZHUU4j0k$_$21,0.3333333432674408,-0.17821573
h1ZZHUU4j0k$_$22,0.0,0.4285436
h1ZZHUU4j0k$_$23,0.6666666865348816,0.077518575
h1ZZHUU4j0k$_$0,1.3333333730697632,0.76256317
h1ZZHUU4j0k$_$3,0.6666666865348816,0.4511302
h1ZZHUU4j0k$_$2,-0.6666666865348816,-0.11636017
h1ZZHUU4j0k$_$5,0.3333333432674408,-0.019359667
h1ZZHUU4j0k$_$4,0.6666666865348816,-0.30219683
h1ZZHUU4j0k$_$6,1.0,0.6446184
h1ZZHUU4j0k$_$9,0.6666666865348816,0.11620052
h1ZZHUU4j0k$_$8,1.3333333730697632,0.03322273
h1ZZHUU4j0k$_$11,1.0,0.5253426
h1ZZHUU4j0k$_$10,1.0,0.3697271
h1ZZHUU4j0k$_$13,-1.0,-0.15274198
h1ZZHUU4j0k$_$12,-0.3333333432674408,-0.17257
h1ZZHUU4j0k$_$15,1.0,0.24601237
h1ZZHUU4j0k$_$14,1.3333333730697632,0.24740697
h1ZZHUU4j0k$_$17,1.6666666269302368,0.6401417
h1ZZHUU4j0k$_$16,-0.6666666865348816,-0.096545205
h1ZZHUU4j0k$_$19,1.3333333730697632,0.7094647
h1ZZHUU4j0k$_$18,1.3333333730697632,0.58092415
hBzw4r0kfjA$_$8,0.0,-1.1806064
hBzw4r0kfjA$_$3,0.0,-0.6066109
hE-sA5umuCk$_$2,2.0,1.3655648
hI7ObFqn9Bg$_$7,0.0,0.6631168
iFxFTtCQ6zA$_$3,-1.0,0.3502466
iPPp6MCythU$_$11,0.3333333432674408,0.17120135
iPPp6MCythU$_$10,0.0,0.9202022
iPPp6MCythU$_$16,-0.3333333432674408,1.0093083
iPPp6MCythU$_$1,1.6666666269302368,1.5647204
iPPp6MCythU$_$0,0.0,0.43148562
iPPp6MCythU$_$3,-0.3333333432674408,0.12104136
iPPp6MCythU$_$7,0.3333333432674408,0.5897281
iPPp6MCythU$_$6,0.0,-0.26498625
iQDB_OkAQWs$_$4,0.0,-0.1270803
iXiMifHNKPI$_$13,-0.3333333432674408,-0.15650217
iXiMifHNKPI$_$14,0.6666666865348816,0.41690993
iXiMifHNKPI$_$5,0.0,0.90997106
iXiMifHNKPI$_$7,0.3333333432674408,0.471314
iXiMifHNKPI$_$9,-0.6666666865348816,0.36292413
iXiMifHNKPI$_$8,0.3333333432674408,0.41982517
ihPjsliqz5o$_$9,1.3333333730697632,0.83205813
ihPjsliqz5o$_$4,0.3333333432674408,0.16293815
ihPjsliqz5o$_$7,0.0,0.039752696
j1m6ctAgjsM$_$42,0.3333333432674408,0.5670693
j1m6ctAgjsM$_$22,1.0,0.5246303
j1m6ctAgjsM$_$43,0.6666666865348816,1.0437816
j1m6ctAgjsM$_$23,0.0,0.41911057
j1m6ctAgjsM$_$24,0.0,0.4891095
j1m6ctAgjsM$_$25,0.6666666865348816,0.5031372
j1m6ctAgjsM$_$26,0.0,0.18225867
j1m6ctAgjsM$_$27,1.3333333730697632,0.8238244
j1m6ctAgjsM$_$20,1.0,0.11587736
j1m6ctAgjsM$_$21,0.6666666865348816,0.42900094
j1m6ctAgjsM$_$48,1.3333333730697632,1.4806926
j1m6ctAgjsM$_$49,2.3333332538604736,0.99253374
j1m6ctAgjsM$_$46,1.0,0.4402919
j1m6ctAgjsM$_$47,1.6666666269302368,1.0083463
j1m6ctAgjsM$_$44,-0.6666666865348816,-1.2064974
j1m6ctAgjsM$_$45,0.6666666865348816,0.53816223
j1m6ctAgjsM$_$29,1.0,0.72044057
j1m6ctAgjsM$_$40,0.6666666865348816,0.47578517
j1m6ctAgjsM$_$41,0.0,0.5883951
j1m6ctAgjsM$_$1,1.3333333730697632,0.9646183
j1m6ctAgjsM$_$0,0.6666666865348816,0.6176095
j1m6ctAgjsM$_$3,0.3333333432674408,0.5730773
j1m6ctAgjsM$_$2,1.0,0.8616434
j1m6ctAgjsM$_$5,0.6666666865348816,0.8225099
j1m6ctAgjsM$_$4,0.3333333432674408,0.78940624
j1m6ctAgjsM$_$7,-0.3333333432674408,-0.109140575
j1m6ctAgjsM$_$6,0.6666666865348816,0.4647601
j1m6ctAgjsM$_$9,0.6666666865348816,-0.049537007
j1m6ctAgjsM$_$8,1.3333333730697632,0.7055369
j1m6ctAgjsM$_$39,0.6666666865348816,0.7221649
j1m6ctAgjsM$_$38,0.6666666865348816,0.60125226
j1m6ctAgjsM$_$10,2.3333332538604736,0.45294246
j1m6ctAgjsM$_$13,0.0,0.28869498
j1m6ctAgjsM$_$12,0.6666666865348816,0.17212544
j1m6ctAgjsM$_$15,0.6666666865348816,0.22056775
j1m6ctAgjsM$_$14,0.0,0.38904878
j1m6ctAgjsM$_$17,1.3333333730697632,0.719031
j1m6ctAgjsM$_$16,0.0,0.19483712
j1m6ctAgjsM$_$19,1.3333333730697632,0.56152815
j1m6ctAgjsM$_$18,1.0,0.0150231235
j1m6ctAgjsM$_$31,1.0,0.5809321
j1m6ctAgjsM$_$30,0.3333333432674408,0.40063336
j1m6ctAgjsM$_$51,2.0,1.5152913
j1m6ctAgjsM$_$36,0.0,0.6408016
j1m6ctAgjsM$_$35,1.0,0.55592006
j1m6ctAgjsM$_$34,1.3333333730697632,1.0749547
j1m6ctAgjsM$_$33,0.3333333432674408,0.25033498
j1m6ctAgjsM$_$37,0.0,0.3108175
j1m6ctAgjsM$_$32,0.3333333432674408,0.42335394
j1m6ctAgjsM$_$50,0.6666666865348816,0.4177518
jE3gYsxr_5s$_$9,0.6666666865348816,0.35198823
jE3gYsxr_5s$_$0,0.0,0.32337442
jE3gYsxr_5s$_$15,0.6666666865348816,0.68899375
jLN6B0aSrW0$_$1,0.0,0.23505048
jLN6B0aSrW0$_$0,-0.3333333432674408,0.30238226
jLN6B0aSrW0$_$3,0.0,0.6970302
jLN6B0aSrW0$_$2,0.6666666865348816,0.41980508
jLN6B0aSrW0$_$5,-0.3333333432674408,0.34565333
jPtaz1rN6lc$_$11,0.0,0.18356961
jPtaz1rN6lc$_$15,0.0,0.012129534
jPtaz1rN6lc$_$16,0.0,0.4030034
jPtaz1rN6lc$_$0,0.0,0.46531755
jXQmVFcOiUI$_$0,1.0,0.9641291
jXQmVFcOiUI$_$3,1.0,0.18386899
jXQmVFcOiUI$_$6,0.0,0.32054546
jZe-2w7pkd8$_$19,1.3333333730697632,0.9720697
jZe-2w7pkd8$_$4,0.0,0.3953308
jZe-2w7pkd8$_$14,-0.6666666865348816,-0.47006992
jZe-2w7pkd8$_$16,-0.3333333432674408,-0.07867883
jj8aSNPHMw8$_$13,0.3333333432674408,-0.5629085
jj8aSNPHMw8$_$12,-0.3333333432674408,0.051341765
jj8aSNPHMw8$_$14,0.0,-0.09072678
jj8aSNPHMw8$_$17,2.0,1.2040927
jj8aSNPHMw8$_$16,1.6666666269302368,1.5612106
jj8aSNPHMw8$_$1,-0.6666666865348816,0.04674047
jj8aSNPHMw8$_$0,2.0,0.98441607
jj8aSNPHMw8$_$3,2.0,1.0495906
jj8aSNPHMw8$_$5,-1.3333333730697632,0.7623858
jj8aSNPHMw8$_$4,2.0,0.5834299
jj8aSNPHMw8$_$9,1.6666666269302368,0.29446337
jj8aSNPHMw8$_$8,-0.6666666865348816,-0.8497976
jqutn5ou8_0$_$3,0.0,0.92167324
jqutn5ou8_0$_$5,0.6666666865348816,0.8714176
jqutn5ou8_0$_$7,1.3333333730697632,1.6981137
jqutn5ou8_0$_$8,0.6666666865348816,1.1900487
jscKL5jS-SQ$_$24,1.0,0.9030066
jscKL5jS-SQ$_$10,-0.6666666865348816,-0.55607945
jscKL5jS-SQ$_$13,-1.0,-0.6122902
jscKL5jS-SQ$_$27,1.0,0.5440645
jscKL5jS-SQ$_$15,0.0,0.25776035
jscKL5jS-SQ$_$17,1.0,0.36211196
jscKL5jS-SQ$_$19,0.0,0.63242173
jscKL5jS-SQ$_$30,1.0,-1.5968523
jscKL5jS-SQ$_$1,-1.0,-0.80751795
jscKL5jS-SQ$_$0,0.3333333432674408,0.4190947
jscKL5jS-SQ$_$5,-1.3333333730697632,-0.7337321
jscKL5jS-SQ$_$4,-1.0,-0.39451328
jscKL5jS-SQ$_$6,0.3333333432674408,-0.006364543
k1BrzX5bc7U$_$1,0.3333333432674408,0.27994737
k1BrzX5bc7U$_$3,0.0,0.567424
k1BrzX5bc7U$_$4,0.6666666865348816,0.6760166
k8yDywC4gt8$_$3,2.3333332538604736,1.070793
k8yDywC4gt8$_$2,0.6666666865348816,-0.26041025
k8yDywC4gt8$_$4,0.6666666865348816,0.8082659
kI6jzM_aLGs$_$3,1.0,0.39213687
kI6jzM_aLGs$_$2,1.3333333730697632,0.6611253
kLAXmTx2xOA$_$1,0.0,0.048520185
kLAXmTx2xOA$_$4,0.6666666865348816,0.15135299
kXhJ3hHK9hQ$_$10,1.3333333730697632,0.6720161
kXhJ3hHK9hQ$_$0,0.6666666865348816,0.21007524
kXhJ3hHK9hQ$_$3,0.0,-0.010220934
kXhJ3hHK9hQ$_$4,0.6666666865348816,-0.010925133
kXhJ3hHK9hQ$_$7,-0.6666666865348816,-0.07641412
kXhJ3hHK9hQ$_$6,-0.3333333432674408,0.029958159
kXiBdruxTvE$_$2,0.3333333432674408,0.5938671
kXiBdruxTvE$_$5,0.0,0.79328233
kXiBdruxTvE$_$6,0.0,1.0965743
kaudsLIvYC8$_$1,-1.3333333730697632,0.3042765
kaudsLIvYC8$_$0,1.6666666269302368,1.1696098
kaudsLIvYC8$_$3,0.6666666865348816,0.24888328
kaudsLIvYC8$_$2,0.0,0.2412868
kbRtSmJM5aU$_$11,0.0,0.58797
kg-W6-hP2Do$_$10,0.3333333432674408,0.30094528
kg-W6-hP2Do$_$13,0.6666666865348816,0.6723001
kg-W6-hP2Do$_$12,0.6666666865348816,0.3632289
kg-W6-hP2Do$_$17,1.0,0.009847458
kg-W6-hP2Do$_$16,0.6666666865348816,1.2243392
kg-W6-hP2Do$_$3,0.0,0.26265696
kg-W6-hP2Do$_$4,0.0,0.36181512
kg-W6-hP2Do$_$8,0.0,0.6235138
kld9r0iFkWM$_$1,1.3333333730697632,0.45125183
kld9r0iFkWM$_$3,0.6666666865348816,0.280065
kld9r0iFkWM$_$2,0.3333333432674408,0.13615428
kld9r0iFkWM$_$5,1.0,0.53304094
kmgsC68hIL8$_$11,0.0,-0.9492375
kmgsC68hIL8$_$1,2.0,1.3588586
kmgsC68hIL8$_$0,1.6666666269302368,0.64806676
kmgsC68hIL8$_$3,0.6666666865348816,0.3225647
kmgsC68hIL8$_$4,2.0,-0.029622894
kmgsC68hIL8$_$9,0.0,-0.23953335
kmgsC68hIL8$_$8,-1.6666666269302368,-0.6523246
kpS4BXif_Sw$_$11,-2.0,-0.6818835
kpS4BXif_Sw$_$10,-1.6666666269302368,-0.28185436
kpS4BXif_Sw$_$13,0.3333333432674408,0.26079354
kpS4BXif_Sw$_$12,-2.0,-1.3092543
kpS4BXif_Sw$_$15,1.3333333730697632,0.34957707
kpS4BXif_Sw$_$14,-1.0,-0.4859636
kpS4BXif_Sw$_$17,1.0,0.33239752
kpS4BXif_Sw$_$16,1.3333333730697632,-0.85365635
kpS4BXif_Sw$_$19,-0.6666666865348816,-0.06901455
kpS4BXif_Sw$_$18,0.3333333432674408,0.26450938
kpS4BXif_Sw$_$1,-0.6666666865348816,-0.32003623
kpS4BXif_Sw$_$0,0.3333333432674408,0.59912115
kpS4BXif_Sw$_$3,1.3333333730697632,0.35561284
kpS4BXif_Sw$_$2,-0.6666666865348816,0.18545666
kpS4BXif_Sw$_$5,-2.0,-0.84965736
kpS4BXif_Sw$_$7,-0.6666666865348816,-1.4913135
kpS4BXif_Sw$_$6,0.0,0.55745417
kpS4BXif_Sw$_$9,-1.6666666269302368,-1.3592585
kpS4BXif_Sw$_$20,-0.6666666865348816,0.5334847
kpS4BXif_Sw$_$8,-1.0,-1.3029891
ktblaVOnFVE$_$0,0.6666666865348816,0.7580315
ktblaVOnFVE$_$2,0.6666666865348816,0.8693368
ktblaVOnFVE$_$5,0.3333333432674408,0.42927942
ktblaVOnFVE$_$4,1.3333333730697632,0.37838203
l0vCKpk6Aes$_$24,0.0,0.8259938
l0vCKpk6Aes$_$13,-0.6666666865348816,-0.83391684
l0vCKpk6Aes$_$12,1.0,0.6773419
l0vCKpk6Aes$_$15,0.3333333432674408,-0.21735577
l0vCKpk6Aes$_$14,-0.3333333432674408,-0.8430589
l0vCKpk6Aes$_$19,0.0,-0.06602141
l0vCKpk6Aes$_$18,2.0,0.385521
l0vCKpk6Aes$_$2,0.0,-0.10216245
l0vCKpk6Aes$_$7,1.6666666269302368,0.21458596
l0vCKpk6Aes$_$20,2.0,0.3375974
l1jW3OMXUzs$_$0,-1.3333333730697632,0.060224663
l4oMbKDuW3Y$_$1,-1.0,-1.0418959
l4oMbKDuW3Y$_$3,-0.6666666865348816,-0.7162708
l4oMbKDuW3Y$_$5,-0.3333333432674408,0.37509117
l4oMbKDuW3Y$_$4,0.0,-0.6941286
lD4xtQ6NpDY$_$11,1.3333333730697632,0.5605026
lD4xtQ6NpDY$_$10,0.6666666865348816,0.5278004
lD4xtQ6NpDY$_$1,-0.6666666865348816,-1.2618866
lD4xtQ6NpDY$_$0,0.0,0.041031603
lD4xtQ6NpDY$_$3,0.0,-0.36568987
lD4xtQ6NpDY$_$2,0.0,-0.0072833225
lD4xtQ6NpDY$_$5,0.6666666865348816,0.00951758
lD4xtQ6NpDY$_$4,0.0,0.7391309
lD4xtQ6NpDY$_$7,1.0,0.70690733
lD4xtQ6NpDY$_$6,1.0,1.2350569
lD4xtQ6NpDY$_$9,1.0,0.26688877
lD4xtQ6NpDY$_$8,1.3333333730697632,1.1554673
lO6N9dyvPTA$_$2,0.3333333432674408,0.6718963
lYwgLa4R5XQ$_$10,0.0,-0.0074156374
lYwgLa4R5XQ$_$1,0.0,0.21094124
lYwgLa4R5XQ$_$0,0.0,-0.25747284
lYwgLa4R5XQ$_$3,-0.3333333432674408,-0.26094106
lYwgLa4R5XQ$_$5,0.6666666865348816,0.44790915
lYwgLa4R5XQ$_$4,0.6666666865348816,0.45183775
lYwgLa4R5XQ$_$7,-0.6666666865348816,0.091486946
lYwgLa4R5XQ$_$6,0.3333333432674408,0.7606471
lYwgLa4R5XQ$_$9,-1.3333333730697632,-0.46227655
lYwgLa4R5XQ$_$8,0.3333333432674408,-0.5623673
lc5bSoGlQwY$_$1,0.3333333432674408,0.03623531
lc5bSoGlQwY$_$8,0.0,0.21615224
lc5bSoGlQwY$_$9,0.3333333432674408,-0.15829481
lc5bSoGlQwY$_$5,-0.3333333432674408,0.39164644
lc5bSoGlQwY$_$7,0.3333333432674408,0.22024995
lkIe41StoGI$_$11,0.3333333432674408,0.3579509
lkIe41StoGI$_$10,0.0,0.5359083
lkIe41StoGI$_$1,0.0,0.56137025
lkIe41StoGI$_$0,0.6666666865348816,0.24427164
lkIe41StoGI$_$3,0.6666666865348816,0.37365106
lkIe41StoGI$_$2,0.6666666865348816,0.14029771
lkIe41StoGI$_$4,0.3333333432674408,0.24212487
lkIe41StoGI$_$6,0.0,-0.25630304
lkIe41StoGI$_$9,-0.3333333432674408,0.59701174
lkIe41StoGI$_$8,0.0,0.31038755
lkeVfgI0eEk$_$1,1.0,0.16965924
lkeVfgI0eEk$_$0,0.6666666865348816,0.11357267
lkeVfgI0eEk$_$3,1.0,-0.20824276
lkeVfgI0eEk$_$2,-1.3333333730697632,-0.29833484
lkeVfgI0eEk$_$5,-0.3333333432674408,-0.86421746
lkeVfgI0eEk$_$4,0.6666666865348816,1.1560084
lkeVfgI0eEk$_$7,-2.0,-0.7850572
lkeVfgI0eEk$_$9,-0.6666666865348816,-0.14456362
lkeVfgI0eEk$_$8,-1.6666666269302368,-0.7845412
lwL4hjhkid4$_$1,0.0,0.27362108
lwL4hjhkid4$_$0,-1.6666666269302368,0.35797307
lwL4hjhkid4$_$3,2.0,0.57909477
lwL4hjhkid4$_$5,-1.3333333730697632,-0.14390524
lwL4hjhkid4$_$6,0.3333333432674408,0.6649833
lxBKEPIUSgc$_$1,-0.3333333432674408,-0.7159937
lxBKEPIUSgc$_$2,-1.3333333730697632,-0.75953156
m-7yRWZLwLY$_$0,0.0,0.19961259
m-7yRWZLwLY$_$3,1.0,0.56037706
m-7yRWZLwLY$_$2,-0.3333333432674408,-0.3404325
mRqqH_gx7Q0$_$0,1.3333333730697632,0.6635428
mVnqP-vLpuo$_$10,0.3333333432674408,0.10459985
mVnqP-vLpuo$_$1,1.0,0.5233865
mVnqP-vLpuo$_$0,0.6666666865348816,0.95620227
mVnqP-vLpuo$_$3,1.3333333730697632,0.17302611
mVnqP-vLpuo$_$2,0.6666666865348816,-0.18461037
mVnqP-vLpuo$_$5,1.3333333730697632,0.6353528
mVnqP-vLpuo$_$4,1.3333333730697632,0.5693488
mVnqP-vLpuo$_$7,0.6666666865348816,0.67831534
mVnqP-vLpuo$_$6,0.0,0.6134568
mVnqP-vLpuo$_$9,1.6666666269302368,0.5349519
mVnqP-vLpuo$_$8,1.6666666269302368,1.0707588
mZ_8em_-CGc$_$4,0.6666666865348816,0.5701925
mZ_8em_-CGc$_$7,0.6666666865348816,0.13991709
mfpR4CN9LZo$_$24,1.3333333730697632,0.5402652
mfpR4CN9LZo$_$20,0.0,1.0851586
mfpR4CN9LZo$_$23,0.6666666865348816,0.5607963
mfpR4CN9LZo$_$16,0.0,-0.3392691
mfpR4CN9LZo$_$0,0.0,-0.04116379
mfpR4CN9LZo$_$4,0.0,-0.07280333
mgsvwAVQAQo$_$1,0.3333333432674408,0.30997783
mgsvwAVQAQo$_$0,-1.3333333730697632,-0.2457638
mgsvwAVQAQo$_$3,0.0,-0.70705575
mgsvwAVQAQo$_$5,2.0,1.3171782
mgsvwAVQAQo$_$4,0.3333333432674408,0.31839517
mmg_eTDHjkk$_$20,0.0,0.50689715
mmg_eTDHjkk$_$21,1.0,0.8188401
mmg_eTDHjkk$_$22,1.3333333730697632,0.8711832
mmg_eTDHjkk$_$0,0.3333333432674408,1.4685178
mmg_eTDHjkk$_$3,1.3333333730697632,0.7723718
mmg_eTDHjkk$_$2,1.3333333730697632,1.7226245
mmg_eTDHjkk$_$5,0.3333333432674408,0.5340619
mmg_eTDHjkk$_$7,0.6666666865348816,0.26562405
mmg_eTDHjkk$_$6,0.0,0.62988466
mmg_eTDHjkk$_$9,1.0,0.4817762
mmg_eTDHjkk$_$8,0.6666666865348816,0.5696523
mmg_eTDHjkk$_$11,-0.3333333432674408,-0.42043975
mmg_eTDHjkk$_$10,0.6666666865348816,1.0964346
mmg_eTDHjkk$_$13,1.3333333730697632,0.51352274
mmg_eTDHjkk$_$12,0.0,0.15656252
mmg_eTDHjkk$_$15,1.0,0.63090307
mmg_eTDHjkk$_$14,0.0,1.0231031
mmg_eTDHjkk$_$17,-0.3333333432674408,0.52097946
mmg_eTDHjkk$_$16,0.3333333432674408,0.5845328
mmg_eTDHjkk$_$18,0.3333333432674408,0.9855398
mzAu5gxjE-w$_$1,1.0,0.9934911
mzAu5gxjE-w$_$0,0.3333333432674408,1.0622537
mzAu5gxjE-w$_$2,1.6666666269302368,1.509867
nFTo-Lz4Fr8$_$1,0.6666666865348816,1.1140561
nFTo-Lz4Fr8$_$3,1.0,0.598587
nTZSH0EwpnY$_$13,1.3333333730697632,0.51803553
nTZSH0EwpnY$_$14,-0.6666666865348816,-0.45415148
nTZSH0EwpnY$_$17,1.0,0.5051545
nTZSH0EwpnY$_$0,0.3333333432674408,0.12127705
nTZSH0EwpnY$_$2,0.6666666865348816,-0.53323
nTZSH0EwpnY$_$5,-0.3333333432674408,0.41265887
nTZSH0EwpnY$_$4,-1.3333333730697632,-0.024647158
nTZSH0EwpnY$_$7,0.3333333432674408,-0.13235115
nTZSH0EwpnY$_$8,-0.6666666865348816,-0.94959444
nXWNHVZtV9A$_$5,0.0,0.4715607
nZFPKP9kBkw$_$1,0.3333333432674408,1.3671616
nZFPKP9kBkw$_$3,1.3333333730697632,1.3515213
nZFPKP9kBkw$_$2,0.0,0.96844333
nZFPKP9kBkw$_$4,0.0,1.2070649
nZFPKP9kBkw$_$7,0.3333333432674408,1.0015463
naZi9AusrW4$_$1,-0.3333333432674408,-0.28707886
naZi9AusrW4$_$4,0.3333333432674408,-0.09142791
namehdJxRIM$_$1,0.3333333432674408,0.16468948
namehdJxRIM$_$0,0.0,0.16390207
namehdJxRIM$_$2,0.0,0.091738135
namehdJxRIM$_$5,0.0,0.031232212
nbru7qLot04$_$10,0.0,0.3307754
nbru7qLot04$_$12,-0.6666666865348816,0.035888962
nbru7qLot04$_$15,0.3333333432674408,0.57665503
nbru7qLot04$_$16,1.0,0.30039638
nbru7qLot04$_$0,2.0,0.73299223
nbru7qLot04$_$3,0.0,0.83723277
nbru7qLot04$_$2,1.3333333730697632,1.6150695
nbru7qLot04$_$4,0.0,0.4122296
nbru7qLot04$_$7,0.0,-0.2576987
nbru7qLot04$_$6,0.6666666865348816,0.45946246
nbru7qLot04$_$8,0.3333333432674408,0.07976022
o2XbNJDpOlc$_$11,0.0,-0.08583473
o2XbNJDpOlc$_$10,-0.3333333432674408,-0.1239554
o2XbNJDpOlc$_$13,1.0,0.59973884
o2XbNJDpOlc$_$17,-0.6666666865348816,-0.08289443
o2XbNJDpOlc$_$6,1.6666666269302368,0.27424082
o2XbNJDpOlc$_$9,0.6666666865348816,0.18574356
oBS-IW-BO00$_$9,0.0,1.5811179
oBS-IW-BO00$_$3,0.0,0.5304584
oBS-IW-BO00$_$2,0.0,0.54899657
oGFDE-6nd7Q$_$1,-0.3333333432674408,0.73445123
oGFDE-6nd7Q$_$0,0.6666666865348816,0.7276235
oGFDE-6nd7Q$_$3,0.6666666865348816,0.7191912
oGFDE-6nd7Q$_$2,0.0,0.1560393
oGFDE-6nd7Q$_$5,1.0,0.52627486
oGFDE-6nd7Q$_$6,-0.3333333432674408,-0.5030673
oHff2W51wZ8$_$1,1.3333333730697632,1.0419468
oHff2W51wZ8$_$3,2.3333332538604736,0.6384446
oHff2W51wZ8$_$2,2.0,1.2144909
oHff2W51wZ8$_$5,2.6666667461395264,1.0407751
oHff2W51wZ8$_$4,1.3333333730697632,1.0291431
oHff2W51wZ8$_$7,0.6666666865348816,0.73774594
oHff2W51wZ8$_$6,0.6666666865348816,0.8041962
oPlnhc0DkcU$_$1,-0.3333333432674408,0.5533161
oPlnhc0DkcU$_$0,0.6666666865348816,0.5246805
oPlnhc0DkcU$_$3,0.3333333432674408,0.06388967
oPlnhc0DkcU$_$2,0.6666666865348816,0.8866872
oQizLbmte0c$_$13,1.0,1.3272319
oQizLbmte0c$_$12,0.6666666865348816,0.22570144
oQizLbmte0c$_$15,1.6666666269302368,2.1723294
oQizLbmte0c$_$14,1.0,0.8901314
oQizLbmte0c$_$1,1.6666666269302368,1.2865777
oQizLbmte0c$_$4,0.0,0.4478607
oZxMx8e0x2U$_$1,0.3333333432674408,0.052873462
oZxMx8e0x2U$_$0,0.0,0.37320778
oZxMx8e0x2U$_$2,0.3333333432674408,-0.34997872
obGF3RfWQKE$_$24,0.0,0.50249606
obGF3RfWQKE$_$26,0.6666666865348816,0.2838663
obGF3RfWQKE$_$20,0.0,0.16938873
obGF3RfWQKE$_$21,1.6666666269302368,0.7900305
obGF3RfWQKE$_$23,0.3333333432674408,0.72397083
obGF3RfWQKE$_$33,1.3333333730697632,0.066095226
obGF3RfWQKE$_$31,0.3333333432674408,0.9279093
obGF3RfWQKE$_$3,1.3333333730697632,1.280286
obGF3RfWQKE$_$16,-0.6666666865348816,-0.34281674
obGF3RfWQKE$_$6,1.6666666269302368,0.51046413
obGF3RfWQKE$_$9,1.0,0.7886717
obGF3RfWQKE$_$25,0.3333333432674408,0.43082488
ossKC1VrusE$_$0,1.0,0.47861066
ossKC1VrusE$_$3,0.6666666865348816,0.7711124
ossKC1VrusE$_$2,1.6666666269302368,0.89118046
ossKC1VrusE$_$5,0.3333333432674408,0.41660795
ozA7pRW4gFM$_$1,0.0,0.25714064
ozA7pRW4gFM$_$3,0.6666666865348816,0.07671907
ozA7pRW4gFM$_$2,0.0,-0.3177428
ozA7pRW4gFM$_$5,0.6666666865348816,0.3032225
ozA7pRW4gFM$_$4,0.0,0.17872413
ozA7pRW4gFM$_$7,0.0,-0.019035887
ozA7pRW4gFM$_$6,0.3333333432674408,0.19616023
ozA7pRW4gFM$_$9,0.3333333432674408,0.16146062
ozA7pRW4gFM$_$8,1.0,0.4103078
p1zqEGwRMI8$_$1,1.3333333730697632,0.66967875
p4WmcxrXkc4$_$1,1.0,1.6626123
p4WmcxrXkc4$_$4,2.0,1.0111992
p7zuPEZgtY4$_$10,-0.3333333432674408,0.007948946
p7zuPEZgtY4$_$13,0.6666666865348816,0.70158654
p7zuPEZgtY4$_$15,-0.6666666865348816,0.27954584
p7zuPEZgtY4$_$0,0.3333333432674408,-0.046135362
p7zuPEZgtY4$_$2,0.3333333432674408,0.17852908
p7zuPEZgtY4$_$8,-0.3333333432674408,0.3327175
pDRdCSIyjkA$_$0,0.3333333432674408,0.5165226
pDRdCSIyjkA$_$3,0.6666666865348816,0.5303015
pDRdCSIyjkA$_$2,-0.3333333432674408,0.033304945
pIaEcqnzI-s$_$10,0.3333333432674408,0.5169697
pIaEcqnzI-s$_$1,0.0,0.13516498
pIaEcqnzI-s$_$0,0.0,-0.29303458
pIaEcqnzI-s$_$3,0.3333333432674408,0.48436144
pIaEcqnzI-s$_$2,-0.6666666865348816,0.66462016
pIaEcqnzI-s$_$5,-0.3333333432674408,0.29208273
pIaEcqnzI-s$_$4,0.0,0.3518437
pIaEcqnzI-s$_$7,-0.3333333432674408,0.26560873
pIaEcqnzI-s$_$6,0.0,0.14431839
pIaEcqnzI-s$_$9,0.0,0.3701041
pIaEcqnzI-s$_$8,0.0,0.39747286
pQpy7RSfWzM$_$11,0.6666666865348816,0.46680048
pQpy7RSfWzM$_$10,-0.3333333432674408,1.0675664
pQpy7RSfWzM$_$13,2.0,1.2942102
pQpy7RSfWzM$_$15,0.3333333432674408,0.8447899
pQpy7RSfWzM$_$14,-1.3333333730697632,0.28230712
pQpy7RSfWzM$_$16,0.0,0.33992258
pQpy7RSfWzM$_$19,0.3333333432674408,0.9438718
pQpy7RSfWzM$_$20,1.0,1.2688321
pQpy7RSfWzM$_$0,0.3333333432674408,1.8308654
pQpy7RSfWzM$_$3,0.3333333432674408,1.3721541
pQpy7RSfWzM$_$5,0.6666666865348816,0.94886965
pQpy7RSfWzM$_$4,0.6666666865348816,0.99236876
pQpy7RSfWzM$_$9,1.0,1.3245754
pQpy7RSfWzM$_$8,0.0,0.5732833
pSxte-ms0t8$_$11,0.6666666865348816,0.7903785
pSxte-ms0t8$_$13,-1.3333333730697632,-0.69025546
pSxte-ms0t8$_$15,-1.6666666269302368,-0.049488667
pSxte-ms0t8$_$14,-0.6666666865348816,0.10100773
pSxte-ms0t8$_$22,1.6666666269302368,0.5377177
pSxte-ms0t8$_$23,-0.3333333432674408,0.08185323
pSxte-ms0t8$_$33,-0.3333333432674408,0.23094498
pSxte-ms0t8$_$30,0.3333333432674408,-0.040032577
pSxte-ms0t8$_$35,1.0,0.5992542
pSxte-ms0t8$_$34,0.3333333432674408,0.08514298
pSxte-ms0t8$_$1,0.0,0.22781219
pSxte-ms0t8$_$19,-0.6666666865348816,-0.59130603
pSxte-ms0t8$_$3,-0.6666666865348816,0.060984213
pSxte-ms0t8$_$2,0.6666666865348816,0.111368865
pSxte-ms0t8$_$5,-1.6666666269302368,-0.6087959
pSxte-ms0t8$_$4,-1.6666666269302368,-0.59410614
pSxte-ms0t8$_$7,-2.0,-1.0142674
pSxte-ms0t8$_$6,1.0,0.35506028
pSxte-ms0t8$_$9,-2.0,-0.9336472
pSxte-ms0t8$_$8,-1.6666666269302368,0.3726515
pSxte-ms0t8$_$20,-0.6666666865348816,-0.79146034
pZye4zFzk3o$_$1,-1.3333333730697632,-0.35768202
pZye4zFzk3o$_$0,0.0,-0.13175204
pZye4zFzk3o$_$3,0.0,0.19441546
pZye4zFzk3o$_$2,-0.6666666865348816,0.3011253
pZye4zFzk3o$_$5,-0.6666666865348816,-0.6057312
pZye4zFzk3o$_$4,-0.3333333432674408,-0.2869352
pZye4zFzk3o$_$7,0.0,0.30506527
pZye4zFzk3o$_$6,0.0,0.08869743
pZye4zFzk3o$_$9,-1.0,0.07492156
pZye4zFzk3o$_$8,0.3333333432674408,-0.25274357
pnpFPX34Agk$_$0,1.6666666269302368,0.6360765
pnpFPX34Agk$_$3,0.3333333432674408,0.16502064
pnpFPX34Agk$_$2,0.3333333432674408,0.10120764
pnpFPX34Agk$_$5,1.0,0.075318605
pnpFPX34Agk$_$4,1.6666666269302368,0.6123108
pnpFPX34Agk$_$6,0.3333333432674408,0.29491556
pvIQWWiT4-0$_$0,2.0,1.1490505
q17gSr9kNww$_$21,1.3333333730697632,0.8908127
q17gSr9kNww$_$19,1.0,0.70151037
q17gSr9kNww$_$18,1.3333333730697632,0.78573513
q17gSr9kNww$_$1,1.6666666269302368,0.7564643
q17gSr9kNww$_$2,0.3333333432674408,0.46995804
q17gSr9kNww$_$5,-0.3333333432674408,0.008953657
q17gSr9kNww$_$4,-0.3333333432674408,0.12431772
q5M1God4M6Y$_$11,0.0,0.07486041
q5M1God4M6Y$_$10,0.3333333432674408,0.079068854
q5M1God4M6Y$_$1,0.0,0.28964525
q5M1God4M6Y$_$0,0.0,-0.11421502
q5M1God4M6Y$_$3,-0.3333333432674408,-0.27813643
q5M1God4M6Y$_$2,0.0,-0.01107182
q5M1God4M6Y$_$5,0.3333333432674408,0.6601193
q5M1God4M6Y$_$4,0.3333333432674408,0.89675695
q5M1God4M6Y$_$7,0.3333333432674408,0.32903808
q5M1God4M6Y$_$6,0.0,-0.19773452
q5M1God4M6Y$_$9,0.6666666865348816,0.35948256
q5M1God4M6Y$_$8,0.0,0.34684873
qAip3lZRj-g$_$1,0.0,0.3315394
qAip3lZRj-g$_$0,0.0,0.20352764
qAip3lZRj-g$_$2,0.0,0.14829762
qBanrqkzobg$_$0,2.3333332538604736,1.4580028
qBanrqkzobg$_$2,0.6666666865348816,0.04848081
qBanrqkzobg$_$5,1.0,0.7884877
qBanrqkzobg$_$4,1.3333333730697632,1.1438682
qDfSYz0PX9g$_$1,1.6666666269302368,1.1006833
qDfSYz0PX9g$_$0,-2.0,-1.8238275
qDfSYz0PX9g$_$3,2.0,0.42799562
qDfSYz0PX9g$_$2,1.6666666269302368,0.31807446
qDfSYz0PX9g$_$5,-0.6666666865348816,0.27388078
qDfSYz0PX9g$_$4,-0.6666666865348816,-0.052237842
qDfSYz0PX9g$_$7,0.6666666865348816,0.31373715
qDfSYz0PX9g$_$6,1.0,0.54836136
qDfSYz0PX9g$_$8,-0.6666666865348816,-0.019946028
qEuJj4uW93E$_$1,0.0,0.3916937
qEuJj4uW93E$_$0,-0.6666666865348816,-0.59475356
qEuJj4uW93E$_$3,0.6666666865348816,0.74868363
qEuJj4uW93E$_$2,0.6666666865348816,0.88585716
qEuJj4uW93E$_$5,0.0,0.19231088
qEuJj4uW93E$_$4,1.0,0.47641936
qTkazqluJ_I$_$14,2.0,1.2474033
qTkazqluJ_I$_$3,2.3333332538604736,1.218754
qTkazqluJ_I$_$2,1.0,0.57020044
qTkazqluJ_I$_$5,2.0,1.3268899
qTkazqluJ_I$_$9,1.0,0.48140156
qTkazqluJ_I$_$8,1.0,0.681245
qgC8_emxSIU$_$10,0.0,0.88902396
qgC8_emxSIU$_$6,0.0,0.25042036
qyqVc352g3Q$_$1,1.0,1.0843399
r46amqjpWgg$_$24,0.6666666865348816,0.22628945
r46amqjpWgg$_$25,1.6666666269302368,0.39981937
r46amqjpWgg$_$26,0.6666666865348816,0.7506826
r46amqjpWgg$_$27,1.0,0.0049915574
r46amqjpWgg$_$20,1.0,0.92545205
r46amqjpWgg$_$21,1.0,0.6089592
r46amqjpWgg$_$22,0.6666666865348816,0.6904531
r46amqjpWgg$_$23,0.6666666865348816,0.2864794
r46amqjpWgg$_$28,1.0,0.15247504
r46amqjpWgg$_$29,1.6666666269302368,0.4601972
r46amqjpWgg$_$1,0.3333333432674408,-0.68113935
r46amqjpWgg$_$0,2.0,0.19622698
r46amqjpWgg$_$2,1.0,-0.41086984
r46amqjpWgg$_$4,1.3333333730697632,-0.15462556
r46amqjpWgg$_$6,1.3333333730697632,0.7465742
r46amqjpWgg$_$9,1.0,0.37864944
r46amqjpWgg$_$8,1.3333333730697632,0.34527847
r46amqjpWgg$_$10,2.0,0.6319582
r46amqjpWgg$_$15,0.0,0.37934056
r46amqjpWgg$_$16,1.0,0.92637175
r46amqjpWgg$_$19,1.3333333730697632,0.55949366
r46amqjpWgg$_$18,0.3333333432674408,0.9031256
r46amqjpWgg$_$31,1.3333333730697632,1.6525009
r46amqjpWgg$_$30,2.6666667461395264,0.7620446
rC29Qub0U7A$_$11,0.0,0.21289654
rC29Qub0U7A$_$10,-0.6666666865348816,-0.0044860356
rC29Qub0U7A$_$0,0.3333333432674408,0.42909524
rC29Qub0U7A$_$3,0.6666666865348816,0.1520733
rC29Qub0U7A$_$5,1.0,0.29433024
rC29Qub0U7A$_$4,0.3333333432674408,0.12766811
rC29Qub0U7A$_$6,1.0,0.612841
rC29Qub0U7A$_$9,-0.6666666865348816,0.0024556778
rC29Qub0U7A$_$8,0.0,0.26685727
rcfnqiD0y8o$_$11,-1.0,-0.057297025
rcfnqiD0y8o$_$10,0.3333333432674408,-0.5548846
rcfnqiD0y8o$_$1,0.3333333432674408,0.42309415
rcfnqiD0y8o$_$0,1.6666666269302368,1.3877163
rcfnqiD0y8o$_$3,0.0,0.1605501
rcfnqiD0y8o$_$2,0.0,0.0077068172
rcfnqiD0y8o$_$4,0.0,0.10575648
rcfnqiD0y8o$_$7,1.0,0.48594752
rcfnqiD0y8o$_$6,0.3333333432674408,0.30573466
rcfnqiD0y8o$_$9,-0.6666666865348816,0.31126872
rcfnqiD0y8o$_$8,0.6666666865348816,-0.5682315
rePYTlT5_AY$_$0,-0.3333333432674408,0.41409442
rePYTlT5_AY$_$2,0.0,0.5817084
rhQB8e999-Q$_$10,1.0,0.7996035
rhQB8e999-Q$_$13,1.0,1.0908668
rhQB8e999-Q$_$21,2.0,1.8578001
rhQB8e999-Q$_$19,2.0,1.1534839
rhQB8e999-Q$_$18,1.0,1.7517304
rhQB8e999-Q$_$1,1.3333333730697632,0.23402376
rhQB8e999-Q$_$0,0.6666666865348816,1.3987205
rhQB8e999-Q$_$5,0.0,0.9626602
rhQB8e999-Q$_$4,0.6666666865348816,0.76913923
rhQB8e999-Q$_$7,0.6666666865348816,1.0948919
rhQB8e999-Q$_$9,2.3333332538604736,1.2399138
rhQB8e999-Q$_$8,0.0,0.57903093
ryE9VBiR3p8$_$3,0.3333333432674408,-0.23130186
sIusv36VoBY$_$2,1.3333333730697632,0.8721557
sfaWfZ2-4c0$_$1,-2.3333332538604736,-0.24037264
sfaWfZ2-4c0$_$2,-2.3333332538604736,-0.16990964
sfaWfZ2-4c0$_$4,-0.3333333432674408,0.29433268
skRqBxLLJkE$_$1,1.0,1.2631564
skRqBxLLJkE$_$0,1.0,0.6633482
svsbGQn389o$_$8,-1.3333333730697632,-0.62058336
svsbGQn389o$_$6,1.0,0.87628895
tC2KicUHB9Q$_$10,1.0,0.39887133
tC2KicUHB9Q$_$1,-1.0,-0.1540431
tC2KicUHB9Q$_$3,0.3333333432674408,0.60861
tC2KicUHB9Q$_$2,0.3333333432674408,0.8246487
tC2KicUHB9Q$_$5,0.3333333432674408,0.3485753
tC2KicUHB9Q$_$4,0.0,0.6817264
tC2KicUHB9Q$_$7,-0.3333333432674408,0.12876157
tC2KicUHB9Q$_$6,-0.3333333432674408,0.7116994
tC2KicUHB9Q$_$8,1.3333333730697632,0.48836166
tNd3--lvSXE$_$1,0.0,0.6740911
tNd3--lvSXE$_$0,2.0,0.5944726
tNd3--lvSXE$_$3,0.0,-0.16438438
tNd3--lvSXE$_$5,1.6666666269302368,0.8401919
tNd3--lvSXE$_$4,0.6666666865348816,1.0835111
tO68uTk-T_E$_$1,1.0,1.059879
tO68uTk-T_E$_$7,1.0,0.3104882
tO68uTk-T_E$_$10,1.3333333730697632,0.35577255
tW5xAWDnbGU$_$1,0.6666666865348816,-1.3161386
tW5xAWDnbGU$_$0,0.3333333432674408,0.48320794
tW5xAWDnbGU$_$7,-2.3333332538604736,-1.4357256
tZDNinnrGf8$_$0,0.3333333432674408,-0.7759939
tZDNinnrGf8$_$2,0.6666666865348816,0.44776496
tZDNinnrGf8$_$5,0.3333333432674408,-0.06911291
tZDNinnrGf8$_$4,-0.3333333432674408,-0.092355505
teQqaAmqqx0$_$0,0.0,0.7089937
teQqaAmqqx0$_$3,0.0,0.5267282
tnWmVXZ87h0$_$10,0.0,0.1138684
tnWmVXZ87h0$_$12,2.0,1.3084562
tnWmVXZ87h0$_$14,1.6666666269302368,1.0124841
tnWmVXZ87h0$_$1,0.6666666865348816,0.65260667
tnWmVXZ87h0$_$0,2.0,0.5962349
tnWmVXZ87h0$_$3,1.6666666269302368,0.5473869
tnWmVXZ87h0$_$7,2.0,0.59029895
tnWmVXZ87h0$_$9,2.0,0.9779019
ttfaZ8IIWCo$_$1,0.3333333432674408,0.5469034
ttfaZ8IIWCo$_$0,-0.6666666865348816,0.06404972
ttfaZ8IIWCo$_$3,1.3333333730697632,0.23314552
ttfaZ8IIWCo$_$2,2.3333332538604736,0.9214776
ttfaZ8IIWCo$_$5,2.3333332538604736,0.8441115
ttfaZ8IIWCo$_$4,2.3333332538604736,1.274509
ttfaZ8IIWCo$_$7,2.0,0.82086784
ttfaZ8IIWCo$_$9,2.6666667461395264,1.2082973
tymso_pAxhk$_$1,0.6666666865348816,0.50680655
tymso_pAxhk$_$18,-0.3333333432674408,0.1294885
tymso_pAxhk$_$12,-1.0,0.5278553
tymso_pAxhk$_$15,0.0,0.14501211
tymso_pAxhk$_$17,0.3333333432674408,0.36141708
u9I5WD3Nglk$_$6,0.3333333432674408,0.4257278
u9ZV8jb_-U0$_$0,-1.6666666269302368,-0.09896551
u9ZV8jb_-U0$_$5,-0.3333333432674408,-0.07027836
uVM4JWjfGgQ$_$11,1.3333333730697632,1.0269865
uVM4JWjfGgQ$_$0,0.6666666865348816,0.7882021
uVM4JWjfGgQ$_$5,1.6666666269302368,0.8814409
um8WVjZMLUc$_$1,0.0,-0.7856742
um8WVjZMLUc$_$0,0.0,-1.2878155
unOeTDc2rlY$_$15,0.6666666865348816,0.7282142
unOeTDc2rlY$_$27,1.0,0.49888417
unOeTDc2rlY$_$20,1.0,0.83521533
unOeTDc2rlY$_$23,0.6666666865348816,0.8115439
unOeTDc2rlY$_$33,2.6666667461395264,2.1142392
unOeTDc2rlY$_$31,1.0,0.3362666
unOeTDc2rlY$_$30,0.6666666865348816,0.46235198
unOeTDc2rlY$_$28,0.6666666865348816,0.42729726
unOeTDc2rlY$_$29,-0.3333333432674408,0.7998677
unOeTDc2rlY$_$35,0.6666666865348816,0.6176423
unOeTDc2rlY$_$36,2.0,1.595015
unOeTDc2rlY$_$0,0.6666666865348816,0.8128603
unOeTDc2rlY$_$2,0.6666666865348816,0.6964128
unOeTDc2rlY$_$5,1.6666666269302368,0.505084
unOeTDc2rlY$_$4,1.0,1.0248512
unOeTDc2rlY$_$8,0.0,0.47265896
unOeTDc2rlY$_$12,0.3333333432674408,0.8286605
unOeTDc2rlY$_$14,0.6666666865348816,0.8606792
uogwnZGb-iE$_$24,1.3333333730697632,1.7959656
uogwnZGb-iE$_$25,1.6666666269302368,1.3654554
uogwnZGb-iE$_$26,2.0,1.047705
uogwnZGb-iE$_$20,1.6666666269302368,1.9090309
uogwnZGb-iE$_$21,0.3333333432674408,0.8852945
uogwnZGb-iE$_$22,2.0,2.19901
uogwnZGb-iE$_$16,2.6666667461395264,1.8754368
uogwnZGb-iE$_$19,1.6666666269302368,1.8576128
uogwnZGb-iE$_$28,2.3333332538604736,1.8228014
uogwnZGb-iE$_$13,2.3333332538604736,1.5699154
uogwnZGb-iE$_$2,1.3333333730697632,0.83859813
uogwnZGb-iE$_$5,0.0,0.014154065
uogwnZGb-iE$_$4,-0.3333333432674408,0.027480489
uogwnZGb-iE$_$6,1.0,1.2681968
ussfmzwftQ8$_$1,1.6666666269302368,1.5339382
ussfmzwftQ8$_$3,1.3333333730697632,1.6596184
vB_kZocHtYo$_$8,0.0,0.24597915
vGkIaClHKDg$_$10,0.3333333432674408,0.76889825
vGkIaClHKDg$_$12,1.6666666269302368,0.28446007
vGkIaClHKDg$_$15,2.3333332538604736,1.4394515
vGkIaClHKDg$_$14,0.6666666865348816,0.69226354
vGkIaClHKDg$_$16,2.0,0.98857075
vGkIaClHKDg$_$18,0.3333333432674408,0.98254615
vGkIaClHKDg$_$7,0.0,-0.45344093
vGkIaClHKDg$_$6,1.3333333730697632,1.6786311
vGkIaClHKDg$_$9,1.0,1.523953
vGkIaClHKDg$_$8,1.0,1.1210368
vGxqVh_kJdo$_$1,0.3333333432674408,0.57680756
vGxqVh_kJdo$_$0,0.0,0.38481265
vI5JH0daNsM$_$2,-0.6666666865348816,-0.060886953
vJDDEuE-FlY$_$2,-0.3333333432674408,-0.13642733
vR90Pdx9wxs$_$1,0.6666666865348816,0.71496767
vR90Pdx9wxs$_$0,-0.3333333432674408,0.0030310042
vR90Pdx9wxs$_$3,0.3333333432674408,0.508417
vR90Pdx9wxs$_$2,1.3333333730697632,0.3143665
vR90Pdx9wxs$_$5,-0.3333333432674408,0.7735129
vR90Pdx9wxs$_$4,1.3333333730697632,0.18105958
vR90Pdx9wxs$_$7,1.3333333730697632,1.0231612
vTAV6FThy30$_$1,0.0,0.54785043
vTAV6FThy30$_$4,0.6666666865348816,0.8364805
vTAV6FThy30$_$7,0.6666666865348816,0.007862952
vTAV6FThy30$_$6,1.3333333730697632,0.58900523
vTAV6FThy30$_$9,2.0,1.1200427
v_8QeoNc4QY$_$1,0.0,0.12786415
v_8QeoNc4QY$_$2,-0.6666666865348816,-0.18747608
v_8QeoNc4QY$_$5,0.3333333432674408,-0.091879174
v_8QeoNc4QY$_$4,-0.3333333432674408,-0.36231712
veA6ECsGFxI$_$0,0.6666666865348816,1.0102164
veA6ECsGFxI$_$3,0.0,0.43995577
wC_1M7KIv9s$_$24,0.0,0.21796815
wC_1M7KIv9s$_$10,-0.3333333432674408,-0.11887707
wC_1M7KIv9s$_$13,0.3333333432674408,-0.10793856
wC_1M7KIv9s$_$12,0.3333333432674408,0.27913716
wC_1M7KIv9s$_$14,0.6666666865348816,0.4717112
wC_1M7KIv9s$_$17,0.3333333432674408,0.10702667
wC_1M7KIv9s$_$23,0.0,-0.0050271377
wC_1M7KIv9s$_$19,0.6666666865348816,0.41088876
wC_1M7KIv9s$_$18,0.3333333432674408,0.68462974
wC_1M7KIv9s$_$28,1.6666666269302368,1.3277053
wC_1M7KIv9s$_$1,0.6666666865348816,0.09565699
wC_1M7KIv9s$_$0,1.0,0.40138575
wC_1M7KIv9s$_$3,0.6666666865348816,0.24384256
wC_1M7KIv9s$_$11,-0.3333333432674408,0.30105358
wC_1M7KIv9s$_$5,0.0,0.10289588
wC_1M7KIv9s$_$6,1.6666666269302368,0.19097061
wC_1M7KIv9s$_$9,0.0,0.24605577
wC_1M7KIv9s$_$8,1.0,0.32876223
wC_1M7KIv9s$_$21,-0.3333333432674408,-0.037878025
wO8fUOC4OSE$_$5,-1.3333333730697632,-0.86948025
wk5lFk5kFjY$_$3,1.0,0.84296966
wnL3ld9bM2o$_$25,2.0,0.15559873
wnL3ld9bM2o$_$20,2.3333332538604736,0.6477246
wnL3ld9bM2o$_$21,0.3333333432674408,-0.4195437
wnL3ld9bM2o$_$22,0.3333333432674408,0.40403453
wnL3ld9bM2o$_$23,1.3333333730697632,-0.34265524
wnL3ld9bM2o$_$1,0.6666666865348816,0.9716762
wnL3ld9bM2o$_$0,0.6666666865348816,0.4257709
wnL3ld9bM2o$_$2,0.3333333432674408,0.24103709
wnL3ld9bM2o$_$5,0.6666666865348816,0.4035335
wnL3ld9bM2o$_$9,1.0,0.72505933
wnL3ld9bM2o$_$11,1.0,0.7783615
wnL3ld9bM2o$_$10,0.0,0.693722
wnL3ld9bM2o$_$13,0.3333333432674408,0.5722415
wnL3ld9bM2o$_$12,0.6666666865348816,0.6678094
wnL3ld9bM2o$_$15,0.0,0.14933763
wnL3ld9bM2o$_$14,0.0,0.11021748
wnL3ld9bM2o$_$17,2.0,1.038601
wnL3ld9bM2o$_$19,1.6666666269302368,0.14610262
wznRBN1fWj4$_$10,-0.3333333432674408,0.22828649
wznRBN1fWj4$_$0,0.0,-0.106793895
wznRBN1fWj4$_$2,-0.3333333432674408,0.104510605
wznRBN1fWj4$_$5,0.0,0.13597107
wznRBN1fWj4$_$7,-1.3333333730697632,-0.56880087
wznRBN1fWj4$_$6,0.0,0.37026033
wznRBN1fWj4$_$9,1.6666666269302368,0.38895616
x0rLwBIocuI$_$12,0.3333333432674408,0.40506017
x0rLwBIocuI$_$4,0.0,0.0078856945
x0rLwBIocuI$_$7,-0.6666666865348816,-0.84999865
x266rUJQC_8$_$10,-0.6666666865348816,-0.46459648
x266rUJQC_8$_$12,0.6666666865348816,0.4325842
x266rUJQC_8$_$2,-0.6666666865348816,-0.94720346
x266rUJQC_8$_$5,-1.6666666269302368,-0.9301163
x266rUJQC_8$_$0,0.3333333432674408,0.4366432
x8UZQkN52o4$_$11,-1.3333333730697632,-0.03146613
x8UZQkN52o4$_$10,-0.3333333432674408,-0.58549803
x8UZQkN52o4$_$12,0.0,-0.100097165
x8UZQkN52o4$_$3,-0.3333333432674408,0.2875662
x8UZQkN52o4$_$2,-1.3333333730697632,-0.32360253
x8UZQkN52o4$_$5,0.0,0.10073967
x8UZQkN52o4$_$6,0.6666666865348816,-0.31563354
x8UZQkN52o4$_$9,0.3333333432674408,-0.16990694
xBE9YWYGjtk$_$1,0.3333333432674408,0.36924747
xBE9YWYGjtk$_$0,2.3333332538604736,0.89563274
xBE9YWYGjtk$_$3,1.6666666269302368,0.6896195
xBE9YWYGjtk$_$2,1.3333333730697632,0.8888071
xBE9YWYGjtk$_$5,1.6666666269302368,0.78560483
xBE9YWYGjtk$_$4,1.6666666269302368,0.44073018
xBE9YWYGjtk$_$7,2.0,1.3320051
xBE9YWYGjtk$_$6,1.6666666269302368,0.7275407
xBE9YWYGjtk$_$9,1.6666666269302368,1.5206614
xBE9YWYGjtk$_$8,1.3333333730697632,0.54341745
xSCvspXYU9k$_$20,-1.6666666269302368,-0.21346228
xSCvspXYU9k$_$14,-1.6666666269302368,-0.55746835
xSCvspXYU9k$_$19,-1.0,-0.18131854
xSCvspXYU9k$_$18,-1.3333333730697632,-0.61752075
xSCvspXYU9k$_$0,1.0,0.5639721
xSCvspXYU9k$_$5,-1.0,-0.2445537
xSCvspXYU9k$_$7,0.0,0.5317699
xSCvspXYU9k$_$8,0.0,0.008119881
xU3N7ujUB-g$_$1,-0.3333333432674408,0.17561951
xU3N7ujUB-g$_$3,0.6666666865348816,0.62658226
xU3N7ujUB-g$_$2,2.0,0.5548099
xU3N7ujUB-g$_$4,0.0,0.49677318
xXXcgb9eZ9Y$_$1,0.0,0.06740789
xXXcgb9eZ9Y$_$3,0.0,-0.14112559
xXXcgb9eZ9Y$_$2,0.0,0.80098444
xXXcgb9eZ9Y$_$4,-0.3333333432674408,0.36962274
xXXcgb9eZ9Y$_$7,-0.3333333432674408,0.059456293
xXXcgb9eZ9Y$_$6,0.0,-0.17014255
xXXcgb9eZ9Y$_$8,0.3333333432674408,0.059840634
xkEK17UUyi4$_$0,0.0,0.79875165
xmLJHru6Z1M$_$12,1.0,0.11659987
xmLJHru6Z1M$_$14,1.0,0.1371924
xmLJHru6Z1M$_$5,0.6666666865348816,0.35703963
xmLJHru6Z1M$_$6,0.0,0.6158431
xmLJHru6Z1M$_$9,0.0,0.33489737
xmLJHru6Z1M$_$8,0.3333333432674408,0.5000822
xobMRm5Vs44$_$1,0.0,1.0451599
xwvSYhQrHoA$_$0,0.0,0.59121186
xwvSYhQrHoA$_$4,0.0,0.65459806
y3r2kk8zvl0$_$11,-0.5,-0.088521436
y3r2kk8zvl0$_$10,0.0,0.12924692
y3r2kk8zvl0$_$13,0.1666666716337204,0.48384207
y3r2kk8zvl0$_$12,0.0,-0.3850131
y3r2kk8zvl0$_$1,0.8333333134651184,0.57927233
y3r2kk8zvl0$_$0,0.5,0.6859115
y3r2kk8zvl0$_$3,0.3333333432674408,0.77527493
y3r2kk8zvl0$_$2,0.6666666865348816,0.3767356
y3r2kk8zvl0$_$5,0.6666666865348816,0.33931157
y3r2kk8zvl0$_$4,0.0,0.4194207
y3r2kk8zvl0$_$7,-0.5,-0.27069238
y3r2kk8zvl0$_$6,0.3333333432674408,0.04536234
y3r2kk8zvl0$_$9,-0.6666666865348816,0.1612914
y3r2kk8zvl0$_$8,0.3333333432674408,0.6505984
y5Jpf48SUX8$_$1,0.6666666865348816,0.30978373
y5Jpf48SUX8$_$7,0.6666666865348816,0.35292095
yBtMwyQFXwA$_$11,0.6666666865348816,1.2167956
yBtMwyQFXwA$_$10,0.0,0.70673454
yBtMwyQFXwA$_$0,0.6666666865348816,1.0838084
yBtMwyQFXwA$_$3,0.6666666865348816,0.66927963
yBtMwyQFXwA$_$7,1.6666666269302368,0.86109555
yBtMwyQFXwA$_$6,0.6666666865348816,1.1382952
yBtMwyQFXwA$_$8,1.0,0.65845126
yCpHmPSshKY$_$1,1.6666666269302368,0.1535479
yCpHmPSshKY$_$3,1.0,0.02440732
yCpHmPSshKY$_$2,-0.6666666865348816,-0.23686458
yLo-Jl8nBXU$_$11,0.6666666865348816,0.8496031
yLo-Jl8nBXU$_$13,1.0,0.7265817
yLo-Jl8nBXU$_$7,1.6666666269302368,0.9188963
yLo-Jl8nBXU$_$6,1.3333333730697632,1.0143331
yLo-Jl8nBXU$_$9,-0.3333333432674408,0.6214039
yLo-Jl8nBXU$_$8,0.0,-0.16647138
ySblgk7T7eQ$_$11,-0.3333333432674408,0.44296685
ySblgk7T7eQ$_$13,0.0,-0.18033491
ySblgk7T7eQ$_$12,-0.3333333432674408,-0.18554974
ySblgk7T7eQ$_$1,0.3333333432674408,0.26705518
ySblgk7T7eQ$_$0,1.0,1.3729281
ySblgk7T7eQ$_$3,-1.3333333730697632,0.65408957
ySblgk7T7eQ$_$2,0.0,-0.06379652
ySblgk7T7eQ$_$5,0.0,0.43941203
ySblgk7T7eQ$_$4,0.6666666865348816,0.67083377
ySblgk7T7eQ$_$7,-0.3333333432674408,-1.9736772
ySblgk7T7eQ$_$6,-0.6666666865348816,-0.5179493
ySblgk7T7eQ$_$8,0.0,0.25972256
yUqNp-poh9M$_$13,0.0,0.4612695
yUqNp-poh9M$_$12,0.0,0.62528104
yUqNp-poh9M$_$14,0.6666666865348816,0.41067556
yUqNp-poh9M$_$1,1.0,0.15661216
yUqNp-poh9M$_$0,-0.6666666865348816,-0.08758026
yUqNp-poh9M$_$3,-0.3333333432674408,-0.06247348
yUqNp-poh9M$_$2,-0.3333333432674408,-0.1471319
yUqNp-poh9M$_$5,0.0,-0.055866066
yUqNp-poh9M$_$4,-0.3333333432674408,-0.094558224
yUqNp-poh9M$_$7,0.0,0.35639557
yUqNp-poh9M$_$6,0.0,-0.025748286
yUqNp-poh9M$_$9,0.0,-0.24399944
yUqNp-poh9M$_$8,0.0,-0.06956382
yXE_XZUb8qE$_$12,0.0,0.12698904
yXE_XZUb8qE$_$4,-0.6666666865348816,-0.30102405
yXE_XZUb8qE$_$6,0.0,0.06164389
ybK5wRaaUyE$_$13,1.0,0.48452955
ybK5wRaaUyE$_$19,-1.3333333730697632,-0.6001021
ybK5wRaaUyE$_$18,-0.6666666865348816,-0.18859129
ybK5wRaaUyE$_$0,-1.6666666269302368,-0.29535565
ybK5wRaaUyE$_$3,-1.6666666269302368,-0.21101747
ybK5wRaaUyE$_$2,-0.3333333432674408,0.080517374
ydzNAuqUAnc$_$1,0.6666666865348816,-0.18118373
ydzNAuqUAnc$_$0,-0.3333333432674408,-0.35771412
ydzNAuqUAnc$_$2,-0.6666666865348816,0.53007543
ydzNAuqUAnc$_$6,-1.0,0.24888565
yoDMh8FlHR8$_$0,1.6666666269302368,0.4712973
yoDMh8FlHR8$_$4,-0.3333333432674408,0.62717575
yzCHa2qchpg$_$0,0.3333333432674408,0.45170224
yzCHa2qchpg$_$2,1.3333333730697632,1.0974567
z0y1ZxH1f74$_$10,-0.6666666865348816,-0.055877056
z0y1ZxH1f74$_$14,-0.6666666865348816,-0.12633975
z0y1ZxH1f74$_$3,-0.6666666865348816,-0.9496171
z0y1ZxH1f74$_$2,-1.0,-0.29532936
z0y1ZxH1f74$_$5,-0.6666666865348816,-0.25230083
z0y1ZxH1f74$_$7,-1.3333333730697632,-0.49810234
z0y1ZxH1f74$_$6,-1.3333333730697632,-0.81810623
z441aDJvAcU$_$24,1.0,0.76110774
z441aDJvAcU$_$25,1.6666666269302368,1.0539085
z441aDJvAcU$_$13,-1.0,-0.018590126
z441aDJvAcU$_$12,0.0,0.31171256
z441aDJvAcU$_$20,1.0,0.97818494
z441aDJvAcU$_$21,0.3333333432674408,0.7054386
z441aDJvAcU$_$22,0.0,-0.010502528
z441aDJvAcU$_$23,1.3333333730697632,1.2162409
z441aDJvAcU$_$19,1.6666666269302368,0.87364465
z441aDJvAcU$_$1,0.0,0.621713
z441aDJvAcU$_$5,0.3333333432674408,0.53540003
z441aDJvAcU$_$4,0.0,0.70434946
z441aDJvAcU$_$6,1.3333333730697632,1.1208031
z441aDJvAcU$_$8,0.3333333432674408,0.6663181
zfZUOvZZTuk$_$11,-0.6666666865348816,0.20380819
zfZUOvZZTuk$_$10,0.0,0.13009171
zfZUOvZZTuk$_$13,0.0,0.16971622
zfZUOvZZTuk$_$12,-1.0,-0.5428075
zfZUOvZZTuk$_$15,0.0,0.31658524
zfZUOvZZTuk$_$14,0.0,-0.2426839
zfZUOvZZTuk$_$17,0.6666666865348816,0.35553914
zfZUOvZZTuk$_$16,0.0,0.0033568144
zfZUOvZZTuk$_$18,0.0,0.37190133
zfZUOvZZTuk$_$1,0.0,0.15534927
zfZUOvZZTuk$_$0,0.0,0.42894557
zfZUOvZZTuk$_$3,-1.0,-0.52760166
zfZUOvZZTuk$_$2,0.0,0.13218899
zfZUOvZZTuk$_$5,-0.3333333432674408,-0.30865833
zfZUOvZZTuk$_$4,0.0,-0.31495836
zfZUOvZZTuk$_$7,1.0,-0.22456051
zfZUOvZZTuk$_$6,-0.6666666865348816,-0.13820691
zfZUOvZZTuk$_$9,0.0,0.1251689
zfZUOvZZTuk$_$20,-0.3333333432674408,0.80606675
zfZUOvZZTuk$_$8,0.0,0.35939938
zhNksSReaQk$_$42,1.0,0.685857
zhNksSReaQk$_$43,1.3333333730697632,1.4872398
zhNksSReaQk$_$24,-0.6666666865348816,0.25961939
zhNksSReaQk$_$25,0.0,0.22612107
zhNksSReaQk$_$27,0.0,0.048878796
zhNksSReaQk$_$20,0.0,0.3262823
zhNksSReaQk$_$21,-0.6666666865348816,-0.23178752
zhNksSReaQk$_$22,0.0,0.4669935
zhNksSReaQk$_$46,0.6666666865348816,1.4435709
zhNksSReaQk$_$44,-1.0,0.7638423
zhNksSReaQk$_$45,-0.3333333432674408,0.9983199
zhNksSReaQk$_$28,-1.0,0.06432638
zhNksSReaQk$_$29,-2.0,-1.6416813
zhNksSReaQk$_$40,1.6666666269302368,0.37126043
zhNksSReaQk$_$41,-0.3333333432674408,0.6737786
zhNksSReaQk$_$1,0.0,0.72926503
zhNksSReaQk$_$3,0.3333333432674408,1.4230516
zhNksSReaQk$_$2,0.0,-0.17458588
zhNksSReaQk$_$4,-0.3333333432674408,-0.65380895
zhNksSReaQk$_$7,0.0,0.025205666
zhNksSReaQk$_$6,0.0,-0.27869526
zhNksSReaQk$_$9,0.3333333432674408,0.7615529
zhNksSReaQk$_$8,0.0,-0.07183413
zhNksSReaQk$_$10,0.0,0.6272128
zhNksSReaQk$_$39,-1.3333333730697632,-0.49376187
zhNksSReaQk$_$12,0.3333333432674408,0.37296137
zhNksSReaQk$_$15,0.0,0.09037213
zhNksSReaQk$_$14,1.0,-0.13600719
zhNksSReaQk$_$17,-0.3333333432674408,-0.21405287
zhNksSReaQk$_$19,-0.3333333432674408,0.119300425
zhNksSReaQk$_$18,0.0,0.5328702
zhNksSReaQk$_$31,0.0,0.44542417
zhNksSReaQk$_$30,-0.6666666865348816,-0.7744258
zhNksSReaQk$_$37,0.0,-0.093692616
zhNksSReaQk$_$36,0.0,-0.8848528
zhNksSReaQk$_$35,0.0,0.13269047
zhNksSReaQk$_$34,-2.0,-0.66195357
zhNksSReaQk$_$33,0.0,0.91014695
zvZd3V5D5Ik$_$3,1.0,1.382442
zvZd3V5D5Ik$_$2,1.6666666269302368,0.93265194
