segment_id,fusion_pred
-6rXp3zJ3kc$_$9,0.36563537
-6rXp3zJ3kc$_$8,-0.66545784
-6rXp3zJ3kc$_$3,0.36207286
-9y-fZ3swSY$_$1,0.9106381
-9y-fZ3swSY$_$0,1.089426
-9y-fZ3swSY$_$3,0.005752554
-9y-fZ3swSY$_$2,-0.027895935
-9y-fZ3swSY$_$4,-0.016046403
-9y-fZ3swSY$_$7,0.42314547
-9y-fZ3swSY$_$6,0.32746455
-9y-fZ3swSY$_$8,0.17535424
-AUZQgSxyPQ$_$2,1.3168669
-HeZS2-Prhc$_$1,0.8431175
-HeZS2-Prhc$_$8,-0.11413063
-HeZS2-Prhc$_$2,0.14707817
-HeZS2-Prhc$_$5,0.45897517
-MeTTeMJBNc$_$0,0.3444069
-MeTTeMJBNc$_$13,0.46447992
-MeTTeMJBNc$_$2,1.1621041
-MeTTeMJBNc$_$7,0.3449405
-RfYyzHpjk4$_$11,1.3026409
-RfYyzHpjk4$_$8,0.22176938
-RfYyzHpjk4$_$2,0.19144483
-RfYyzHpjk4$_$9,0.654554
-UUCSKoHeMA$_$9,0.13311285
-UUCSKoHeMA$_$10,0.19705981
-UUCSKoHeMA$_$2,0.26151463
-UUCSKoHeMA$_$0,0.3134
-cEhr0cQcDM$_$8,0.21555208
-cEhr0cQcDM$_$14,0.7737056
-ri04Z7vwnc$_$1,-0.035388887
-ri04Z7vwnc$_$0,-0.09393485
-ri04Z7vwnc$_$2,0.13581926
-ri04Z7vwnc$_$5,0.28487787
-ri04Z7vwnc$_$7,0.19036114
-ri04Z7vwnc$_$6,0.31683606
-rxZxtG0xmY$_$0,0.07971731
-rxZxtG0xmY$_$2,-0.25666356
-s9qJ7ATP7w$_$1,0.30123726
-s9qJ7ATP7w$_$0,-0.26792735
-s9qJ7ATP7w$_$3,0.61100334
-s9qJ7ATP7w$_$2,1.0608041
-s9qJ7ATP7w$_$5,-1.2405629
-s9qJ7ATP7w$_$4,-0.2023207
-s9qJ7ATP7w$_$7,0.4276032
-s9qJ7ATP7w$_$6,-0.054064848
-s9qJ7ATP7w$_$9,0.26335973
-s9qJ7ATP7w$_$8,0.19478266
-yRb-Jum7EQ$_$1,0.39454857
-yRb-Jum7EQ$_$3,-0.5261435
-yRb-Jum7EQ$_$5,-0.34279105
-yRb-Jum7EQ$_$4,0.14103955
-yRb-Jum7EQ$_$6,-0.9699917
0Fqav67TDEw$_$1,0.7921244
0JaYazphxfM$_$5,0.63361806
0JaYazphxfM$_$6,0.2618145
0K7dCp80n9c$_$13,-0.038288113
0K7dCp80n9c$_$12,0.61515415
0K7dCp80n9c$_$2,-0.025981724
0K7dCp80n9c$_$5,0.77353704
0K7dCp80n9c$_$4,-0.11377853
0K7dCp80n9c$_$7,0.2825373
0K7dCp80n9c$_$6,0.09027034
0K7dCp80n9c$_$8,0.20692961
0PlQc98SccA$_$0,0.08970745
0PlQc98SccA$_$3,0.6275389
0PlQc98SccA$_$2,0.11599615
0YiAKqU36KE$_$1,0.17963511
0YiAKqU36KE$_$0,-0.51117164
0YiAKqU36KE$_$3,0.08319955
0YiAKqU36KE$_$2,-0.71660024
0YiAKqU36KE$_$5,-0.30689588
0YiAKqU36KE$_$4,0.065648615
0YiAKqU36KE$_$7,1.0114934
0YiAKqU36KE$_$6,0.3667957
0YiAKqU36KE$_$8,0.1797427
0bxhZ-LIfZY$_$3,-0.34617394
0bxhZ-LIfZY$_$4,-0.15363848
0eTibWQdO5M$_$6,0.5420606
0uftSGdwo0Q$_$11,0.38426238
0uftSGdwo0Q$_$0,0.4970571
0uftSGdwo0Q$_$3,0.2552971
0uftSGdwo0Q$_$6,0.28024337
100178$_$11,-0.6572167
100178$_$10,-0.50053376
100178$_$13,0.38059577
100178$_$12,-0.23687312
100178$_$15,-0.5556441
100178$_$14,0.16510516
100178$_$17,-0.59340745
100178$_$16,0.37457782
100178$_$1,0.09839092
100178$_$0,0.50327814
100178$_$3,0.15689963
100178$_$2,0.1748029
100178$_$5,0.8314326
100178$_$4,0.206917
100178$_$7,0.10950816
100178$_$6,-1.499831
100178$_$9,-0.4494166
100178$_$8,-0.23204616
10219$_$11,0.24130502
10219$_$10,-0.14946175
10219$_$13,0.36377904
10219$_$12,0.17464933
10219$_$1,0.19121093
10219$_$0,0.22981527
10219$_$3,0.15090385
10219$_$2,1.2382627
10219$_$5,0.7776383
10219$_$4,0.1298905
10219$_$7,0.6019561
10219$_$6,0.40885863
10219$_$9,0.44056925
10219$_$8,0.894415
102213$_$11,-1.0698326
102213$_$10,0.098495245
102213$_$13,0.18430519
102213$_$12,-0.34924206
102213$_$1,-0.73116744
102213$_$0,0.006294949
102213$_$3,-1.0071949
102213$_$2,0.5563189
102213$_$5,-0.2952629
102213$_$4,0.057147816
102213$_$7,0.17804089
102213$_$6,0.07290107
102213$_$9,-0.6895833
102213$_$8,-0.8257152
102389$_$11,-0.5820739
102389$_$10,0.03033642
102389$_$13,-0.1527924
102389$_$12,-0.27327067
102389$_$14,0.5199305
102389$_$1,-1.5583979
102389$_$0,0.37462464
102389$_$3,0.06801977
102389$_$2,0.0907189
102389$_$5,-0.22095391
102389$_$4,0.06124214
102389$_$7,-0.61048114
102389$_$6,-0.103590176
102389$_$9,-0.105327636
102389$_$8,-0.82101816
104741$_$1,0.044421136
104741$_$0,0.35310516
104741$_$3,0.14537129
104741$_$2,-1.6873987
104741$_$5,-0.16295488
104741$_$4,-0.088739425
104741$_$7,-0.42715284
104741$_$6,-0.09659479
104741$_$9,0.79167175
104741$_$8,-0.7962202
107585$_$11,-0.67529815
107585$_$10,-1.1719731
107585$_$13,-0.2444129
107585$_$12,-0.8468224
107585$_$15,-0.31766638
107585$_$14,-1.0101466
107585$_$17,0.11148727
107585$_$16,-0.5416018
107585$_$19,-1.5533514
107585$_$18,-0.60399044
107585$_$1,0.72913694
107585$_$0,0.12328455
107585$_$3,-1.7257547
107585$_$2,-1.6928498
107585$_$5,-0.7980738
107585$_$4,-0.89924514
107585$_$7,-0.9806049
107585$_$6,-0.7290509
107585$_$9,-1.389147
107585$_$8,0.46807876
108146$_$11,0.1585316
108146$_$10,-0.17942153
108146$_$1,0.6685907
108146$_$0,0.17052734
108146$_$3,-1.0669119
108146$_$2,-0.10405857
108146$_$5,0.08022522
108146$_$4,-1.6902556
108146$_$7,-0.54405415
108146$_$6,0.33126447
108146$_$9,-1.3761466
108146$_$8,-0.522453
110565$_$1,0.80337906
110565$_$0,-1.66552
110565$_$3,-1.2284875
110565$_$2,-0.05458127
110565$_$5,0.5223683
110565$_$4,1.5013862
110565$_$7,-1.0349942
110565$_$6,-1.0110217
110565$_$8,-0.3613223
111881$_$11,-0.72465694
111881$_$10,-0.09570024
111881$_$13,-0.45309216
111881$_$12,-0.8404558
111881$_$15,0.0008137133
111881$_$14,-0.14853741
111881$_$17,0.26506844
111881$_$16,-0.03809902
111881$_$1,0.24103552
111881$_$0,0.09592427
111881$_$3,-0.6094158
111881$_$2,-1.1175771
111881$_$5,0.047943793
111881$_$4,0.27437928
111881$_$7,-0.36047843
111881$_$6,0.16477446
111881$_$9,-0.11071969
111881$_$8,0.6428993
112425$_$11,0.9138874
112425$_$10,0.17628595
112425$_$12,-0.09721884
112425$_$1,0.20077097
112425$_$0,0.083055064
112425$_$3,0.4000167
112425$_$2,0.75353885
112425$_$5,-0.72300875
112425$_$4,0.3823901
112425$_$7,1.6899087
112425$_$6,0.44190285
112425$_$9,0.46960357
112425$_$8,-0.30506733
112509$_$1,-1.4262332
112509$_$0,-0.13892397
112509$_$3,0.075466715
112509$_$2,-0.31834126
112509$_$5,0.56666064
112509$_$4,-0.6616148
116213$_$11,0.86944926
116213$_$10,0.28932795
116213$_$12,1.2509394
116213$_$1,0.91102016
116213$_$0,0.4392409
116213$_$3,-0.11377243
116213$_$2,1.4760324
116213$_$5,0.7134621
116213$_$4,-1.1214471
116213$_$7,0.24660966
116213$_$6,-0.18438219
116213$_$9,0.18580592
116213$_$8,0.20060717
11UtTaDYgII$_$11,1.2451155
11UtTaDYgII$_$0,1.2786233
11UtTaDYgII$_$3,0.75584865
11UtTaDYgII$_$2,1.0015676
11UtTaDYgII$_$4,0.9549015
11UtTaDYgII$_$7,0.079432204
11UtTaDYgII$_$8,1.3770645
121400$_$11,0.15763569
121400$_$10,0.040835015
121400$_$1,-1.9423288
121400$_$0,0.48645827
121400$_$3,-0.4687995
121400$_$2,-1.3753814
121400$_$5,0.6981424
121400$_$4,1.2844347
121400$_$7,-0.66977876
121400$_$6,0.5588708
121400$_$9,-0.07113729
121400$_$8,-0.1379098
126872$_$11,-0.37154445
126872$_$10,-0.26369944
126872$_$13,-0.40385827
126872$_$12,0.45686975
126872$_$14,-0.1617018
126872$_$1,-0.8481128
126872$_$0,-0.1849405
126872$_$3,-0.6406234
126872$_$2,-0.24627265
126872$_$5,-0.8600712
126872$_$4,-1.4172795
126872$_$7,-1.1919386
126872$_$6,-0.45659557
126872$_$9,-1.2913101
126872$_$8,-0.5738358
130366$_$11,-0.4945555
130366$_$10,-0.19220576
130366$_$1,0.2647227
130366$_$0,0.6252465
130366$_$3,0.05211556
130366$_$2,-0.30482465
130366$_$5,0.7735131
130366$_$4,-0.27490646
130366$_$7,-1.4362533
130366$_$6,-1.2393241
130366$_$9,-0.18298309
130366$_$8,0.1876022
132028$_$1,0.41968405
132028$_$0,0.08302605
132028$_$3,-0.24204552
132028$_$2,-1.3601663
132028$_$5,0.34906137
132028$_$4,0.7931113
132028$_$7,0.28471783
132028$_$6,1.0729617
135623$_$1,-0.7996539
135623$_$0,0.80151916
135623$_$3,-0.89745647
135623$_$2,-0.05230276
135623$_$5,-0.9310391
135623$_$4,0.06788733
135623$_$7,-1.1574249
135623$_$6,-0.40465075
135623$_$9,-0.19773313
135623$_$8,-0.23107976
136196$_$11,0.02154235
136196$_$10,-1.3573766
136196$_$13,-0.6406269
136196$_$12,-1.9124388
136196$_$14,-1.1899439
136196$_$1,-0.425161
136196$_$0,0.4414951
136196$_$3,-0.14997534
136196$_$2,-0.39970848
136196$_$5,0.33159798
136196$_$4,-1.0995684
136196$_$7,0.013949173
136196$_$6,-0.94042826
136196$_$9,-1.2424433
136196$_$8,-0.7815583
167521$_$11,-0.6967344
167521$_$10,0.22800657
167521$_$13,1.8092341
167521$_$12,0.13068083
167521$_$15,1.9676989
167521$_$14,0.92742085
167521$_$17,-0.23615038
167521$_$16,1.3290505
167521$_$1,1.1422212
167521$_$0,0.27512062
167521$_$3,0.067128465
167521$_$2,0.025190437
167521$_$5,-0.3055865
167521$_$4,0.31644127
167521$_$7,0.4152538
167521$_$6,1.6657414
167521$_$9,1.3200862
167521$_$8,0.21056351
173CpFb3clw$_$0,0.20110711
173CpFb3clw$_$3,0.6547291
173CpFb3clw$_$2,0.87014884
180971$_$1,0.20948893
180971$_$0,0.082926795
180971$_$3,-0.16802135
180971$_$2,0.77445596
180971$_$5,-1.0657678
180971$_$4,0.8408163
180971$_$6,0.7933124
190743$_$11,-0.31472084
190743$_$10,0.20521016
190743$_$13,-0.34119737
190743$_$12,-0.16455142
190743$_$15,-2.0800085
190743$_$14,-1.6144516
190743$_$17,-0.88946456
190743$_$16,-1.6932404
190743$_$18,-1.6878581
190743$_$1,0.12893116
190743$_$0,0.45953837
190743$_$3,-0.34250772
190743$_$2,0.13897218
190743$_$5,-1.8103316
190743$_$4,0.451201
190743$_$7,-0.28388226
190743$_$6,-0.40923843
190743$_$9,-0.101045676
190743$_$8,0.30149475
194299$_$11,-0.03693173
194299$_$10,-0.05593738
194299$_$13,0.20340285
194299$_$12,0.20621002
194299$_$15,-0.599195
194299$_$14,0.51719254
194299$_$16,-0.7778662
194299$_$1,0.81867963
194299$_$0,0.34112683
194299$_$3,0.3439015
194299$_$2,-0.27945
194299$_$5,-0.22304179
194299$_$4,-1.1105738
194299$_$7,1.2179517
194299$_$6,0.13376527
194299$_$9,0.0134816
194299$_$8,0.46389648
198112$_$11,0.25229388
198112$_$10,0.040312856
198112$_$12,1.3729191
198112$_$1,0.14195758
198112$_$0,0.5135349
198112$_$3,0.09051504
198112$_$2,0.15072396
198112$_$5,0.09864783
198112$_$4,1.3178322
198112$_$7,0.12381756
198112$_$6,0.5600218
198112$_$9,-0.54271996
198112$_$8,0.21722522
1Gp4l-ZTCVk$_$1,0.42470428
1Gp4l-ZTCVk$_$0,1.0044532
1HS2HcN2LDo$_$10,0.97888815
1HS2HcN2LDo$_$1,0.69683933
1HS2HcN2LDo$_$3,0.2955909
1HS2HcN2LDo$_$5,0.96123695
1HS2HcN2LDo$_$4,0.8264437
1HS2HcN2LDo$_$7,0.25835833
1HS2HcN2LDo$_$6,0.771596
1HS2HcN2LDo$_$9,0.5781766
1HS2HcN2LDo$_$8,1.2500591
1LkYxsqRPZM$_$1,1.6644943
1LkYxsqRPZM$_$0,1.2268097
1LkYxsqRPZM$_$2,0.7673104
1S6ji_d4OLI$_$9,0.13882938
1S6ji_d4OLI$_$5,0.26774266
1jogeKX0wGw$_$2,0.9483601
1jogeKX0wGw$_$5,0.7410597
1jogeKX0wGw$_$4,0.7985931
1pl2FVdQWj0$_$0,1.044407
1pl2FVdQWj0$_$2,0.9630739
1pl2FVdQWj0$_$5,0.22142541
1zXAYdPdzy8$_$2,0.7541342
200941$_$11,-0.40855375
200941$_$10,-1.7178401
200941$_$13,-0.027279932
200941$_$12,0.71529675
200941$_$15,0.4749107
200941$_$14,-0.07534605
200941$_$1,-0.79255927
200941$_$0,0.38104588
200941$_$3,-1.2571529
200941$_$2,0.3410777
200941$_$5,-1.1612892
200941$_$4,-0.19010866
200941$_$7,-0.44272354
200941$_$6,0.72334456
200941$_$9,-0.008191895
200941$_$8,-1.389949
201005$_$10,0.4436787
201005$_$1,0.4754152
201005$_$0,0.36495253
201005$_$3,-0.12326021
201005$_$2,0.47322473
201005$_$5,0.57206565
201005$_$4,-0.21018054
201005$_$7,0.038296133
201005$_$6,-0.59663844
201005$_$9,-0.045249194
201005$_$8,0.17647222
202826$_$11,0.6108104
202826$_$10,0.12643543
202826$_$13,0.23536521
202826$_$12,-0.8685353
202826$_$14,0.1254139
202826$_$1,0.22754708
202826$_$0,0.24572876
202826$_$3,-0.59808856
202826$_$2,-1.4793841
202826$_$5,-1.1826117
202826$_$4,0.14391848
202826$_$7,0.2798375
202826$_$6,-1.2502215
202826$_$9,-1.1711718
202826$_$8,0.021630397
206585$_$1,-0.6657816
206585$_$0,0.54707044
206585$_$3,0.68937683
206585$_$2,-0.3844168
206585$_$5,0.5243318
206585$_$4,1.1880289
208322$_$11,0.27995706
208322$_$10,0.27642485
208322$_$13,0.30329028
208322$_$12,1.3238806
208322$_$1,0.43577558
208322$_$0,0.3545027
208322$_$3,-1.443979
208322$_$2,-1.23546
208322$_$5,-0.21526098
208322$_$4,-0.066480964
208322$_$7,-0.3292256
208322$_$6,-0.02312493
208322$_$9,-1.498582
208322$_$8,-0.38741454
208592$_$10,-1.1444724
208592$_$1,0.26357645
208592$_$0,0.4559522
208592$_$3,-1.9492127
208592$_$2,0.23857951
208592$_$5,0.08427898
208592$_$4,-1.325074
208592$_$7,0.7449993
208592$_$6,0.33068973
208592$_$9,0.09306991
208592$_$8,0.086646505
209758$_$11,0.2786836
209758$_$10,0.1719437
209758$_$13,0.25952473
209758$_$12,1.3090852
209758$_$15,0.2226856
209758$_$14,0.32669988
209758$_$1,0.5275105
209758$_$0,1.1574905
209758$_$3,0.3892714
209758$_$2,0.03951273
209758$_$5,0.12836933
209758$_$4,0.05569817
209758$_$7,0.061711952
209758$_$6,1.4894764
209758$_$9,0.004840089
209758$_$8,0.349366
20LfN8ENbhM$_$1,0.7344096
20LfN8ENbhM$_$0,1.1431384
20LfN8ENbhM$_$2,0.52195114
20LfN8ENbhM$_$5,0.6909423
20LfN8ENbhM$_$4,0.7471149
20LfN8ENbhM$_$6,0.61131805
210259$_$11,-1.5525827
210259$_$10,-0.69288373
210259$_$13,-0.06375357
210259$_$12,-0.23527893
210259$_$15,0.032088004
210259$_$14,-0.269971
210259$_$17,-0.0672109
210259$_$16,-1.9696298
210259$_$1,1.1800144
210259$_$0,0.44773492
210259$_$3,0.12834617
210259$_$2,-0.21385124
210259$_$5,-0.061970033
210259$_$4,0.14310606
210259$_$7,-1.7254493
210259$_$6,-0.221147
210259$_$9,-0.3519726
210259$_$8,-1.4573228
210433$_$1,0.19807678
210433$_$0,0.19670069
210433$_$3,0.5023623
210433$_$2,-0.08715548
210433$_$5,-0.8826443
210433$_$4,0.15358956
210433$_$7,-1.294936
210433$_$6,-0.9693799
210433$_$8,-0.33547148
211875$_$11,-0.29525766
211875$_$10,-1.4220159
211875$_$1,0.36234656
211875$_$0,0.5066694
211875$_$3,0.21741605
211875$_$2,0.070678875
211875$_$5,-1.3441954
211875$_$4,0.6440226
211875$_$7,-1.3277223
211875$_$6,-1.92294
211875$_$9,-0.3459844
211875$_$8,-0.53264004
213327$_$10,-1.3353802
213327$_$1,0.39606813
213327$_$0,-0.033065207
213327$_$3,-0.1258309
213327$_$2,-0.880221
213327$_$5,0.2063235
213327$_$4,-0.14242433
213327$_$7,0.49949917
213327$_$6,0.03549304
213327$_$9,-1.7700773
213327$_$8,-0.3912225
215318$_$11,0.77753586
215318$_$10,0.14436753
215318$_$13,0.5024304
215318$_$12,0.028878095
215318$_$15,-1.416805
215318$_$14,0.2036291
215318$_$1,0.34359917
215318$_$0,0.08891708
215318$_$3,-0.7203691
215318$_$2,0.15569302
215318$_$5,-0.034075025
215318$_$4,-2.5508235
215318$_$7,0.5787375
215318$_$6,0.020293789
215318$_$9,0.14377089
215318$_$8,-1.971719
221137$_$1,0.12559332
221137$_$0,0.0830539
221137$_$3,-1.1632056
221137$_$2,0.25354046
221137$_$5,-0.6613462
221137$_$4,-0.010788551
221137$_$7,0.08841098
221137$_$6,0.013162771
221137$_$8,-1.5435607
221153$_$10,0.23957881
221153$_$13,-0.07859688
221153$_$15,-1.1597729
221153$_$14,-1.1947663
221153$_$17,0.2157926
221153$_$16,-0.35547474
221153$_$19,0.05392517
221153$_$18,0.13481794
221153$_$1,0.22606692
221153$_$0,0.38188556
221153$_$3,0.05088301
221153$_$2,0.0021426883
221153$_$5,0.25698444
221153$_$4,-0.052877225
221153$_$7,0.294224
221153$_$6,0.03386449
221153$_$9,-0.20355946
221153$_$20,0.18777403
221153$_$8,-0.012635477
221274$_$1,-0.68421984
221274$_$0,0.2687342
221274$_$3,0.10752612
221274$_$2,-0.1967605
221274$_$5,-0.54362386
221274$_$4,-0.46757504
221274$_$7,-0.35299584
221274$_$6,-1.3230786
221274$_$9,-0.20215023
221274$_$8,-1.0293787
222247$_$11,-0.9421126
222247$_$10,-0.5532596
222247$_$13,-1.4805377
222247$_$12,0.15141675
222247$_$14,-0.832317
222247$_$1,0.052921683
222247$_$0,0.08304849
222247$_$3,-0.11822058
222247$_$2,0.15932426
222247$_$5,-0.96578765
222247$_$4,0.05216048
222247$_$7,-1.6071347
222247$_$6,-0.9641004
222247$_$9,-1.3393662
222247$_$8,-1.3351555
22373$_$10,-1.5852268
22373$_$1,0.05786541
22373$_$0,0.42189053
22373$_$3,0.14522968
22373$_$2,-0.024801143
22373$_$5,-1.641977
22373$_$4,0.117259845
22373$_$7,-0.6545676
22373$_$6,-1.1147084
22373$_$9,-0.586596
22373$_$8,-0.4832075
224263$_$11,-2.0384037
224263$_$10,-1.0648134
224263$_$13,1.4833901
224263$_$12,0.33684108
224263$_$15,-0.71883655
224263$_$14,-1.1741934
224263$_$17,-1.5148028
224263$_$16,-0.67667526
224263$_$1,0.034568228
224263$_$0,0.20439324
224263$_$3,-1.5006938
224263$_$2,-0.19291823
224263$_$5,0.5816171
224263$_$4,-0.69625294
224263$_$7,-0.16080837
224263$_$6,-1.3403685
224263$_$9,-0.28884533
224263$_$8,-1.091947
224370$_$20,0.05741284
224370$_$21,-0.049198754
224370$_$22,1.0202705
224370$_$1,-0.16320844
224370$_$0,0.36022756
224370$_$3,-1.6911529
224370$_$2,-1.2898265
224370$_$5,-0.01576336
224370$_$4,-1.3622985
224370$_$7,0.14579962
224370$_$6,-0.6658734
224370$_$9,0.4523562
224370$_$8,-0.5721085
224370$_$11,0.13000937
224370$_$10,-0.12377593
224370$_$13,-0.20245442
224370$_$12,-0.15236531
224370$_$15,0.030978264
224370$_$14,-0.30734727
224370$_$17,-1.9321578
224370$_$16,-1.3932528
224370$_$19,0.05089251
224370$_$18,-1.201454
224631$_$11,0.37210968
224631$_$10,-0.24486935
224631$_$1,0.024098167
224631$_$0,0.3121008
224631$_$3,0.60948217
224631$_$2,-0.1205291
224631$_$5,0.6861025
224631$_$4,0.37531406
224631$_$7,0.054112077
224631$_$6,0.44459966
224631$_$9,-0.21298061
224631$_$8,0.2404466
226601$_$11,-0.8977678
226601$_$10,-0.46809283
226601$_$13,-0.87222576
226601$_$12,-1.2930465
226601$_$15,-0.15719254
226601$_$14,0.2667703
226601$_$17,0.13389793
226601$_$16,-0.6052922
226601$_$18,-1.0538177
226601$_$1,-0.19986513
226601$_$0,0.31453186
226601$_$3,0.016581627
226601$_$2,-0.19535492
226601$_$5,0.09884831
226601$_$4,-0.07952934
226601$_$7,-1.1068599
226601$_$6,0.26650906
226601$_$9,0.85021573
226601$_$8,-0.85805786
226640$_$1,0.07553582
226640$_$0,0.32822034
226640$_$3,0.09059815
226640$_$2,0.6433594
226640$_$5,-1.1433392
226640$_$4,-1.2116903
226640$_$7,0.11299321
226640$_$6,-0.8118324
226640$_$9,0.51669735
226640$_$8,-0.65223575
22689$_$11,-1.3317423
22689$_$10,-1.4681782
22689$_$1,-0.1740042
22689$_$0,0.5087148
22689$_$3,-0.13322575
22689$_$2,0.5754558
22689$_$5,-0.6794064
22689$_$4,-0.5622306
22689$_$7,-0.08296603
22689$_$6,-0.6728923
22689$_$9,-0.7640024
22689$_$8,0.09088868
233939$_$11,-0.07394969
233939$_$10,-1.0836351
233939$_$13,-0.6811756
233939$_$12,0.3303493
233939$_$15,-2.0186877
233939$_$14,-0.731284
233939$_$16,-0.0668856
233939$_$1,0.05233211
233939$_$0,0.17784607
233939$_$3,-1.271523
233939$_$2,-0.0218804
233939$_$5,-0.47128698
233939$_$4,-1.2119163
233939$_$7,-1.4494448
233939$_$6,-2.1125183
233939$_$9,-0.42760316
233939$_$8,-1.130991
234046$_$11,-1.5827572
234046$_$10,-0.37054834
234046$_$13,-1.3046777
234046$_$12,-1.6058815
234046$_$15,-0.42401108
234046$_$14,-0.7628271
234046$_$17,-0.6318377
234046$_$16,-1.4961272
234046$_$19,0.18811187
234046$_$18,-1.3257244
234046$_$1,-0.15978448
234046$_$0,0.18626362
234046$_$3,0.27697575
234046$_$2,0.5124132
234046$_$5,-0.23349616
234046$_$4,-0.09565156
234046$_$7,-1.098653
234046$_$6,-0.83290905
234046$_$9,-0.20576523
234046$_$8,0.10832879
236442$_$11,0.13528599
236442$_$10,0.15897787
236442$_$1,0.0803388
236442$_$0,0.27103898
236442$_$3,-0.26536798
236442$_$2,-0.9314497
236442$_$5,-0.8046761
236442$_$4,-0.32941198
236442$_$7,-0.09335159
236442$_$6,-1.5356026
236442$_$9,-0.694932
236442$_$8,-1.2917211
23656$_$20,0.17838159
23656$_$21,0.21675523
23656$_$1,0.22550046
23656$_$0,0.2056653
23656$_$3,0.42547578
23656$_$2,1.1534264
23656$_$5,0.1647695
23656$_$4,-0.24969718
23656$_$7,0.17856118
23656$_$6,-1.0838969
23656$_$9,-0.05259998
23656$_$8,-0.56178546
23656$_$11,0.22686622
23656$_$10,-0.530414
23656$_$13,-0.29270795
23656$_$12,-1.0904859
23656$_$15,0.76198995
23656$_$14,-0.5047638
23656$_$17,0.22711322
23656$_$16,0.5346098
23656$_$19,-0.94378716
23656$_$18,-2.0723464
237363$_$11,-0.7963094
237363$_$10,-0.13790135
237363$_$13,-0.9795861
237363$_$12,-1.041153
237363$_$1,0.72864634
237363$_$0,0.31289425
237363$_$3,-0.19911088
237363$_$2,-0.00289971
237363$_$5,-1.2473992
237363$_$4,-0.07084931
237363$_$7,0.14156854
237363$_$6,-1.3362694
237363$_$9,-0.62254906
237363$_$8,0.9846231
238063$_$11,-0.93152195
238063$_$10,-0.052760236
238063$_$13,-0.34699062
238063$_$12,-0.37792388
238063$_$15,-1.468358
238063$_$14,-0.14689997
238063$_$17,-1.0796527
238063$_$16,0.32294276
238063$_$1,0.22576776
238063$_$0,0.17220381
238063$_$3,-0.7371831
238063$_$2,0.13672066
238063$_$5,0.41201982
238063$_$4,0.6129347
238063$_$7,-0.47220263
238063$_$6,0.7028655
238063$_$9,0.34834442
238063$_$8,-0.10697534
24196$_$11,-0.22110087
24196$_$10,0.2516614
24196$_$13,0.4333934
24196$_$12,-0.47576928
24196$_$15,-0.6832495
24196$_$14,0.60011667
24196$_$17,-1.443066
24196$_$16,0.44475514
24196$_$1,0.20370159
24196$_$0,0.28832808
24196$_$3,-1.6858433
24196$_$2,-0.42394957
24196$_$5,0.73431396
24196$_$4,-0.10068293
24196$_$7,-1.1473291
24196$_$6,-0.21830137
24196$_$9,-0.79817843
24196$_$8,-1.353577
24351$_$11,0.24168247
24351$_$10,0.26737663
24351$_$12,1.4225669
24351$_$1,0.12139706
24351$_$0,0.41779262
24351$_$3,0.0058997516
24351$_$2,0.70953214
24351$_$5,0.31931403
24351$_$4,0.39935526
24351$_$7,1.1506789
24351$_$6,-0.005276343
24351$_$9,-0.59479475
24351$_$8,-0.1555507
243981$_$11,-0.15109544
243981$_$10,-0.61782897
243981$_$13,-0.33447668
243981$_$12,-1.1993904
243981$_$15,0.17816469
243981$_$14,-0.88741976
243981$_$17,-0.18775484
243981$_$16,0.059090808
243981$_$19,-0.7920135
243981$_$18,0.34533647
243981$_$1,0.5583677
243981$_$0,1.0552938
243981$_$3,0.024927424
243981$_$2,0.066235036
243981$_$5,-2.1378825
243981$_$4,-0.7219073
243981$_$7,-0.48837918
243981$_$6,-0.6726134
243981$_$9,-0.17371589
243981$_$8,-0.48089167
24504$_$11,0.6824958
24504$_$10,0.65620613
24504$_$1,-0.088146366
24504$_$0,0.71099234
24504$_$3,-0.4665687
24504$_$2,-1.315692
24504$_$5,0.51346135
24504$_$4,-0.1519702
24504$_$7,0.54895854
24504$_$6,0.13398996
24504$_$9,0.9481858
24504$_$8,-1.5547185
245582$_$11,-1.2187039
245582$_$10,-0.15295827
245582$_$13,-0.10266912
245582$_$12,-0.8709363
245582$_$15,-0.8928924
245582$_$14,-0.5753698
245582$_$17,0.016757725
245582$_$16,-1.2675267
245582$_$1,-1.2084966
245582$_$0,0.63766176
245582$_$3,-0.23503065
245582$_$2,-0.7403892
245582$_$5,-0.041084263
245582$_$4,-0.42606804
245582$_$7,-0.7626221
245582$_$6,-0.25414115
245582$_$9,0.15830731
245582$_$8,-0.16146004
252097$_$11,-0.028407507
252097$_$10,-0.53768456
252097$_$12,-1.4551187
252097$_$1,1.1502717
252097$_$0,0.54235
252097$_$3,0.2311596
252097$_$2,-1.5075471
252097$_$5,-0.48296568
252097$_$4,-1.4513991
252097$_$7,-0.4946546
252097$_$6,0.53900325
252097$_$9,-0.96816003
252097$_$8,-1.1936643
252912$_$11,0.19347964
252912$_$10,-1.9155068
252912$_$13,0.028550623
252912$_$12,0.079187326
252912$_$1,0.03258358
252912$_$0,0.2458486
252912$_$3,0.3684875
252912$_$2,-0.77732784
252912$_$5,-0.60808897
252912$_$4,0.1023155
252912$_$7,-1.191832
252912$_$6,0.0656036
252912$_$9,-0.42331755
252912$_$8,0.19388607
254427$_$0,0.4341027
255408$_$1,0.31085262
255408$_$0,0.4443974
255408$_$3,-0.32961228
255408$_$2,0.2634503
255408$_$5,0.30202737
255408$_$4,-0.9791206
255408$_$7,-0.10258302
255408$_$6,0.52572685
255408$_$9,-1.2305524
255408$_$8,-1.04093
25640$_$1,-0.008125579
25640$_$0,0.27367654
25640$_$3,-0.6225612
25640$_$2,1.1548791
25640$_$5,0.013418483
25640$_$4,-0.24459988
25640$_$7,-0.8564484
25640$_$6,-1.1563625
25640$_$8,-0.25707975
257277$_$11,-1.6843237
257277$_$10,-0.5796682
257277$_$13,0.3340669
257277$_$12,-0.039196126
257277$_$15,0.30743766
257277$_$14,0.12997597
257277$_$16,-1.5518949
257277$_$1,-0.21764086
257277$_$0,0.8569727
257277$_$3,-0.024860645
257277$_$2,-0.26431358
257277$_$5,-0.7369466
257277$_$4,-1.1772311
257277$_$7,0.6072464
257277$_$6,1.6111499
257277$_$9,-0.73704314
257277$_$8,-0.8240925
257534$_$11,-1.3257958
257534$_$10,-0.57878006
257534$_$13,-0.5174884
257534$_$12,-1.2533578
257534$_$15,-0.37511966
257534$_$14,-0.9272063
257534$_$16,-1.1034253
257534$_$1,0.16300562
257534$_$0,0.34430423
257534$_$3,-0.7054641
257534$_$2,-0.46973336
257534$_$5,-0.20129055
257534$_$4,0.021329792
257534$_$7,-0.059400693
257534$_$6,-1.2071668
257534$_$9,-0.3958489
257534$_$8,0.045792937
259470$_$10,0.7371278
259470$_$13,-1.6586678
259470$_$12,-0.35022613
259470$_$15,-0.6225917
259470$_$14,-0.5828446
259470$_$17,0.058288738
259470$_$16,-1.2314147
259470$_$19,-0.41709653
259470$_$18,0.5732691
259470$_$23,0.4175504
259470$_$0,0.5520836
259470$_$2,-0.0295359
259470$_$4,0.38663024
259470$_$7,-2.4840567
259470$_$6,0.28917792
259470$_$9,-0.39295417
259470$_$8,-1.4976237
259470$_$21,0.7953588
267466$_$28,-0.008555004
267466$_$29,-0.14570798
267466$_$24,-0.052130334
267466$_$25,-1.0775356
267466$_$26,-0.81878614
267466$_$27,-0.011759961
267466$_$20,0.10793926
267466$_$21,-0.11094463
267466$_$22,-1.1244665
267466$_$23,-0.7158779
267466$_$46,-1.5561683
267466$_$44,-1.1899767
267466$_$45,-1.8837006
267466$_$42,-0.58198726
267466$_$43,0.20340008
267466$_$40,-0.005236691
267466$_$41,1.3459384
267466$_$1,0.39129278
267466$_$0,0.3443402
267466$_$3,0.111011446
267466$_$2,-0.6392084
267466$_$5,-0.12817006
267466$_$4,0.14352614
267466$_$7,-1.3856273
267466$_$6,-0.8412702
267466$_$9,0.05918891
267466$_$8,-0.24465904
267466$_$13,0.0709749
267466$_$12,-1.4904301
267466$_$11,-0.060937844
267466$_$10,0.42375666
267466$_$39,-0.73555726
267466$_$38,-1.431594
267466$_$15,-0.28034487
267466$_$14,-0.48401177
267466$_$17,-0.10089749
267466$_$16,-1.0044862
267466$_$33,-0.23575144
267466$_$18,0.5065632
267466$_$31,-0.063609384
267466$_$30,-1.1598812
267466$_$37,-1.3213708
267466$_$36,-0.7906183
267466$_$35,-1.1148324
267466$_$34,-0.6925086
267466$_$19,0.087071314
267466$_$32,-0.40427235
267694$_$11,-0.8280126
267694$_$10,0.17528296
267694$_$13,-0.28231683
267694$_$12,-0.3379959
267694$_$15,-1.0422316
267694$_$14,-1.3423834
267694$_$17,-1.4495177
267694$_$16,-0.62255573
267694$_$19,0.051055968
267694$_$18,-0.7145971
267694$_$1,0.3988516
267694$_$0,0.20630403
267694$_$3,-1.5510938
267694$_$2,0.0660434
267694$_$5,0.13832313
267694$_$4,-0.18988958
267694$_$7,-1.2541295
267694$_$6,-1.3629816
267694$_$9,-0.41962525
267694$_$8,0.31948575
272838$_$11,-0.41422215
272838$_$10,-0.76739025
272838$_$13,-0.5148285
272838$_$12,0.2717634
272838$_$15,-1.4894005
272838$_$14,-0.89009786
272838$_$17,-0.26116064
272838$_$16,0.66129196
272838$_$1,0.005156474
272838$_$0,0.24569008
272838$_$3,-1.295043
272838$_$2,-0.12167548
272838$_$5,-0.13151874
272838$_$4,0.11856215
272838$_$7,-0.32262173
272838$_$6,-0.2227186
272838$_$9,0.016231941
272838$_$8,-0.22872171
273207$_$10,-1.0146337
273207$_$1,-0.26027423
273207$_$0,0.15779828
273207$_$3,-1.3647478
273207$_$2,0.23331004
273207$_$5,0.28677046
273207$_$4,0.06721924
273207$_$7,-0.79711014
273207$_$6,-0.30144072
273207$_$9,0.41834387
273207$_$8,-0.1155501
273250$_$24,-1.4047682
273250$_$25,0.0017748754
273250$_$26,-1.5904799
273250$_$27,-0.40159696
273250$_$20,0.073866025
273250$_$21,0.49485102
273250$_$22,-0.22648376
273250$_$23,-1.8163786
273250$_$1,0.3648906
273250$_$0,0.1672391
273250$_$3,-0.13084497
273250$_$2,-0.032221716
273250$_$5,0.27643058
273250$_$4,-0.43741313
273250$_$7,0.05735989
273250$_$6,0.008587213
273250$_$9,0.22562993
273250$_$8,0.5820348
273250$_$11,0.1135273
273250$_$10,-0.93171406
273250$_$13,-0.46663332
273250$_$12,0.11165348
273250$_$15,0.1066622
273250$_$14,-1.2733948
273250$_$17,-1.6123836
273250$_$16,0.09227036
273250$_$19,0.1788597
273250$_$18,-0.3791469
275267$_$11,-0.94140345
275267$_$10,-0.8799774
275267$_$13,-0.3516262
275267$_$12,-0.36979392
275267$_$15,-0.058229037
275267$_$14,-0.5222345
275267$_$1,-0.9006491
275267$_$0,0.5036752
275267$_$3,-0.15036672
275267$_$2,0.42315608
275267$_$5,-0.44583336
275267$_$4,-0.2246315
275267$_$7,-0.044476815
275267$_$6,-0.003306372
275267$_$9,0.3017439
275267$_$8,0.22586855
27v7Blr0vjw$_$0,-0.06780422
27v7Blr0vjw$_$3,0.29423812
27v7Blr0vjw$_$2,0.4729236
27v7Blr0vjw$_$5,1.073924
27v7Blr0vjw$_$4,0.9045141
28006$_$20,-2.0701911
28006$_$21,-0.23922765
28006$_$22,-0.108880475
28006$_$1,0.10482027
28006$_$0,0.33240464
28006$_$3,0.11640872
28006$_$2,-1.6298972
28006$_$5,-0.5921186
28006$_$4,-0.162595
28006$_$7,-1.1115359
28006$_$6,-0.80689746
28006$_$9,-1.1227291
28006$_$8,-0.4181283
28006$_$11,-1.8624556
28006$_$10,-0.24220505
28006$_$13,0.046791643
28006$_$12,-0.32525387
28006$_$15,-1.1543714
28006$_$14,-1.7960224
28006$_$17,0.02289773
28006$_$16,-0.016500268
28006$_$19,-1.1985003
28006$_$18,-1.1075642
283935$_$1,0.30904037
283935$_$0,0.12048805
283935$_$3,-0.38489345
283935$_$2,-0.12874947
283935$_$5,-1.3567808
283935$_$4,0.780788
286943$_$11,-0.1984919
286943$_$10,-1.2432146
286943$_$1,0.4512957
286943$_$0,0.28476185
286943$_$3,0.3834299
286943$_$2,1.0195907
286943$_$5,-0.8207242
286943$_$4,-0.19345027
286943$_$7,-0.54399353
286943$_$6,-1.1017118
286943$_$9,0.4428626
286943$_$8,0.33290115
29751$_$11,0.398567
29751$_$10,-0.21451464
29751$_$1,0.102775395
29751$_$0,0.6485991
29751$_$3,-1.8338304
29751$_$2,-0.2224126
29751$_$5,0.13527885
29751$_$4,-1.1148326
29751$_$7,-0.11155804
29751$_$6,0.43498957
29751$_$9,-0.04718454
29751$_$8,-0.65305144
2BuFtglEcaY$_$11,1.2043955
2BuFtglEcaY$_$10,1.0809228
2BuFtglEcaY$_$13,1.1499088
2BuFtglEcaY$_$12,1.4225285
2BuFtglEcaY$_$14,1.1392009
2BuFtglEcaY$_$1,1.4802494
2BuFtglEcaY$_$0,0.6073262
2BuFtglEcaY$_$3,0.60804963
2BuFtglEcaY$_$2,1.0758137
2BuFtglEcaY$_$5,1.2128034
2BuFtglEcaY$_$4,1.5661196
2BuFtglEcaY$_$7,1.186519
2BuFtglEcaY$_$6,0.6927416
2BuFtglEcaY$_$9,1.8683629
2BuFtglEcaY$_$8,1.5850253
2ItiGjefTRA$_$3,0.27029458
2ItiGjefTRA$_$4,-0.1518891
2Ky9DBSl49w$_$1,0.68412304
2QXHdu2zlQY$_$0,0.7109175
2QXHdu2zlQY$_$2,0.6028151
2QXHdu2zlQY$_$5,0.26213744
2QXHdu2zlQY$_$4,0.17341837
2QXHdu2zlQY$_$7,0.89273405
2QXHdu2zlQY$_$6,0.07944465
2QXHdu2zlQY$_$8,0.6584952
2W-U94hXuK0$_$1,0.96238166
2W-U94hXuK0$_$3,-0.16009621
2W-U94hXuK0$_$2,-0.13632007
2W-U94hXuK0$_$4,-0.58319044
2fbBrB1nJEQ$_$0,0.75764257
2m58ShI1QSI$_$0,0.7603215
2m58ShI1QSI$_$2,0.7073011
2o2ljA0QD7g$_$11,0.38636005
2o2ljA0QD7g$_$12,0.98629737
2o2ljA0QD7g$_$4,0.4102184
2vsgDSlJ9pU$_$0,0.3932577
2vsgDSlJ9pU$_$13,0.7570181
2vsgDSlJ9pU$_$12,0.5949906
2vsgDSlJ9pU$_$5,0.26536614
2ze94yo2aPo$_$1,1.3280416
2ze94yo2aPo$_$0,1.3558829
2ze94yo2aPo$_$5,0.43773165
2ze94yo2aPo$_$4,0.859408
34cU3HO_hEA$_$8,0.13580984
35694$_$11,-0.13449024
35694$_$10,-0.013112515
35694$_$13,-0.19235241
35694$_$12,-0.5334725
35694$_$15,-0.6239264
35694$_$14,-1.4137976
35694$_$17,0.48054597
35694$_$16,0.036672294
35694$_$1,-0.059816234
35694$_$0,0.49791965
35694$_$3,-1.3473198
35694$_$2,-0.9234046
35694$_$5,-0.07496135
35694$_$4,-0.6993688
35694$_$7,-0.032437105
35694$_$6,-0.2088341
35694$_$9,-0.05460368
35694$_$8,0.13892995
37NMbnd7r20$_$0,0.86399865
3At-BKm9eYk$_$1,0.11049749
3At-BKm9eYk$_$0,-0.95483065
3At-BKm9eYk$_$3,-0.9936525
3At-BKm9eYk$_$2,-0.47316256
3At-BKm9eYk$_$5,-0.27413374
3At-BKm9eYk$_$4,0.37204194
3At-BKm9eYk$_$7,0.059298255
3At-BKm9eYk$_$6,-0.010373475
3HyAaqre_Fk$_$3,0.12736642
3HyAaqre_Fk$_$2,0.24829054
3HyAaqre_Fk$_$6,1.058769
3IUVpwx23cY$_$9,0.11411601
3IUVpwx23cY$_$10,0.4214573
3IUVpwx23cY$_$31,0.14382362
3IUVpwx23cY$_$27,0.4059539
3IUVpwx23cY$_$23,0.37534156
3OYY5Tsz_2k$_$10,0.42295328
3OYY5Tsz_2k$_$14,0.7477098
3OYY5Tsz_2k$_$1,0.19435611
3OYY5Tsz_2k$_$2,0.33756408
3OYY5Tsz_2k$_$5,0.13338903
3OYY5Tsz_2k$_$7,0.22392097
3REPHw7oLWo$_$1,-0.32204762
3REPHw7oLWo$_$13,0.8781624
3REPHw7oLWo$_$4,0.047818266
3REPHw7oLWo$_$7,0.17126907
3UOqbf_B_Yc$_$1,0.98440194
3UOqbf_B_Yc$_$2,1.1275282
3UOqbf_B_Yc$_$5,1.341855
3UOqbf_B_Yc$_$6,1.0337396
3WZ6R9B0PcU$_$9,-0.27428466
3XShFTBsp_Q$_$2,0.6815634
3hOlJf_JQDs$_$1,1.5728991
3hOlJf_JQDs$_$3,1.4306908
3odZe3AGilc$_$0,0.8748598
3odZe3AGilc$_$3,1.0641408
3odZe3AGilc$_$2,0.37397245
3wHE78v9zr4$_$24,0.5774318
3wHE78v9zr4$_$25,1.2464395
3wHE78v9zr4$_$26,-0.7459363
3wHE78v9zr4$_$27,0.5707735
3wHE78v9zr4$_$20,0.1555054
3wHE78v9zr4$_$21,0.18011516
3wHE78v9zr4$_$22,0.6709299
3wHE78v9zr4$_$23,0.9291695
3wHE78v9zr4$_$1,0.09412188
3wHE78v9zr4$_$0,0.4341285
3wHE78v9zr4$_$3,1.1183553
3wHE78v9zr4$_$2,1.4974322
3wHE78v9zr4$_$5,0.17097364
3wHE78v9zr4$_$4,0.8444998
3wHE78v9zr4$_$7,0.69050044
3wHE78v9zr4$_$9,0.63333464
3wHE78v9zr4$_$8,0.15281795
3wHE78v9zr4$_$11,0.30151293
3wHE78v9zr4$_$10,-0.05510851
3wHE78v9zr4$_$13,0.66506535
3wHE78v9zr4$_$12,0.18065883
3wHE78v9zr4$_$15,0.19076025
3wHE78v9zr4$_$14,0.35406974
3wHE78v9zr4$_$17,-0.30530974
3wHE78v9zr4$_$16,0.38397834
3wHE78v9zr4$_$19,1.020034
3wHE78v9zr4$_$18,0.8624469
41381$_$10,-0.12150562
41381$_$1,0.24579257
41381$_$0,0.30673704
41381$_$3,-0.26287994
41381$_$2,-0.36849156
41381$_$5,-0.89907044
41381$_$4,-0.124629505
41381$_$7,0.036413454
41381$_$6,-0.7871469
41381$_$9,-0.41912147
41381$_$8,0.040190846
424SXFTCFsA$_$1,0.3547265
424SXFTCFsA$_$3,1.4540823
424SXFTCFsA$_$2,0.31536236
424SXFTCFsA$_$4,1.2357173
46495$_$1,0.033978492
46495$_$0,0.083023995
46495$_$3,-0.041304998
46495$_$2,0.2109946
46495$_$5,-0.6111032
46495$_$4,-0.012013591
46495$_$7,-0.41382006
46495$_$6,-1.9916593
46495$_$9,-1.4029064
46495$_$8,-0.6310134
46615$_$1,-0.1485697
46615$_$0,0.060096353
46615$_$3,0.08160579
46615$_$2,0.07678821
46615$_$5,-1.6239328
46615$_$4,0.13157022
46615$_$7,-0.6128402
46615$_$6,-1.3337834
46615$_$9,-0.5395912
46615$_$8,-1.3601246
4EDblUpJieU$_$1,0.60538626
4EDblUpJieU$_$3,0.2959139
4EDblUpJieU$_$7,1.0049248
4YfyP0uIqw0$_$6,0.30516595
4dAYMzRyndc$_$10,0.13037321
4dAYMzRyndc$_$13,0.24807379
4dAYMzRyndc$_$16,0.50680786
4dAYMzRyndc$_$0,0.95152354
4dAYMzRyndc$_$3,0.342155
4dAYMzRyndc$_$4,0.56241107
4dAYMzRyndc$_$9,-0.02486265
4o4ilPK9rl8$_$1,0.035364985
4t5k_yILGJM$_$3,0.18677929
4wLP4elp1uM$_$8,-0.098364644
4wLP4elp1uM$_$7,0.020133318
53609$_$11,0.3577571
53609$_$10,-1.724703
53609$_$13,-1.047581
53609$_$12,-1.1109828
53609$_$15,-0.30950326
53609$_$14,-0.7404079
53609$_$1,0.24228385
53609$_$0,0.106224775
53609$_$3,-0.10864417
53609$_$2,0.18032181
53609$_$5,-0.08340127
53609$_$4,-0.07444933
53609$_$7,-0.8085322
53609$_$6,0.23538724
53609$_$9,-0.9559367
53609$_$8,-1.1494573
53766$_$1,0.44575572
53766$_$0,0.26235232
53766$_$3,0.7890048
53766$_$2,0.21662027
53766$_$5,0.20941953
53766$_$4,0.5278443
53766$_$7,0.31610486
53766$_$6,0.5967792
53766$_$9,0.9127089
53766$_$8,0.19028585
56989$_$11,-2.3333762
56989$_$10,-0.829754
56989$_$13,0.12429117
56989$_$12,0.24757782
56989$_$1,-1.6090336
56989$_$0,0.2499027
56989$_$3,-1.8091822
56989$_$2,-0.6288402
56989$_$5,-1.9941194
56989$_$4,0.4908634
56989$_$7,0.95228744
56989$_$6,-0.6224139
56989$_$9,0.99649596
56989$_$8,0.0792865
59673$_$11,-0.44056073
59673$_$10,-0.73855615
59673$_$13,0.011827143
59673$_$12,-0.95314586
59673$_$1,0.09036767
59673$_$0,-0.04248637
59673$_$3,-1.7216172
59673$_$2,-0.168542
59673$_$5,0.16895789
59673$_$4,-0.088954695
59673$_$7,0.070487246
59673$_$6,-0.2035245
59673$_$9,-0.28293383
59673$_$8,-1.3378447
5eY4S1F62Z4$_$11,0.042807966
5eY4S1F62Z4$_$10,-0.0031430945
5eY4S1F62Z4$_$13,0.52644277
5eY4S1F62Z4$_$12,-0.29913327
5eY4S1F62Z4$_$15,0.34057537
5eY4S1F62Z4$_$14,0.3016638
5eY4S1F62Z4$_$17,0.33205724
5eY4S1F62Z4$_$16,0.95335114
5eY4S1F62Z4$_$0,0.6363466
5eY4S1F62Z4$_$3,0.6372665
5eY4S1F62Z4$_$2,0.81737113
5eY4S1F62Z4$_$5,0.71771413
5eY4S1F62Z4$_$4,0.7163097
5eY4S1F62Z4$_$7,0.20275867
5eY4S1F62Z4$_$6,0.3695716
5eY4S1F62Z4$_$9,0.36672807
5eY4S1F62Z4$_$8,0.22492105
5fKPJPFqPho$_$11,-0.14969447
5fKPJPFqPho$_$10,0.13980678
5fKPJPFqPho$_$1,-0.04444035
5fKPJPFqPho$_$3,0.054646775
5fKPJPFqPho$_$2,0.24387845
5fKPJPFqPho$_$5,0.21219525
5fKPJPFqPho$_$4,0.063906826
5fKPJPFqPho$_$7,0.010150699
5fKPJPFqPho$_$6,0.0031725
5fKPJPFqPho$_$9,0.011537546
5fKPJPFqPho$_$8,-0.08754199
5lrDS7LluCA$_$1,0.22436208
5lrDS7LluCA$_$0,-0.18919516
5lrDS7LluCA$_$3,0.28889555
5lrDS7LluCA$_$5,-0.37041292
5lrDS7LluCA$_$4,1.2946332
5lrDS7LluCA$_$7,0.5639888
5lrDS7LluCA$_$6,-0.72174877
5pxFqJ5hKMU$_$8,0.32790533
5pxFqJ5hKMU$_$2,0.68524796
5vwXp27bCLw$_$24,0.16505003
5vwXp27bCLw$_$10,-0.028211085
5vwXp27bCLw$_$13,0.04922679
5vwXp27bCLw$_$12,0.9239529
5vwXp27bCLw$_$14,0.021354964
5vwXp27bCLw$_$17,-0.037391406
5vwXp27bCLw$_$16,0.11958973
5vwXp27bCLw$_$3,-0.07322539
5vwXp27bCLw$_$27,0.33953306
5vwXp27bCLw$_$5,-0.10514787
5vwXp27bCLw$_$11,0.10215852
5vwXp27bCLw$_$8,0.65933514
5vwXp27bCLw$_$21,-0.8968919
5xa0Ac2krGs$_$2,0.0156155545
5xa0Ac2krGs$_$7,0.45265636
61531$_$11,0.93817914
61531$_$10,0.8929688
61531$_$13,-0.32308102
61531$_$12,-0.094739914
61531$_$15,0.23886293
61531$_$14,0.47535393
61531$_$16,1.2820768
61531$_$1,0.1977656
61531$_$0,0.08307151
61531$_$3,0.32555827
61531$_$2,0.2632862
61531$_$5,0.7291358
61531$_$4,0.6411244
61531$_$7,1.3593302
61531$_$6,1.6792419
61531$_$9,0.87125075
61531$_$8,1.2955577
63951$_$11,-1.5407226
63951$_$10,-1.0814905
63951$_$13,-1.5494165
63951$_$12,0.10420497
63951$_$15,0.046804547
63951$_$14,-0.557426
63951$_$1,0.27861145
63951$_$0,-0.09897399
63951$_$3,-0.12719168
63951$_$2,0.1579547
63951$_$5,0.038637802
63951$_$4,0.40456054
63951$_$7,-2.1837966
63951$_$6,-2.3886168
63951$_$9,-1.7661865
63951$_$8,-1.2599049
67uKYi7mslE$_$11,0.6120528
67uKYi7mslE$_$10,0.56252825
67uKYi7mslE$_$13,0.07916767
67uKYi7mslE$_$12,0.56220114
67uKYi7mslE$_$15,0.7125957
67uKYi7mslE$_$14,0.5400748
67uKYi7mslE$_$17,0.13856593
67uKYi7mslE$_$16,0.40523025
67uKYi7mslE$_$18,-0.055656657
67uKYi7mslE$_$1,0.29856965
67uKYi7mslE$_$0,0.5779358
67uKYi7mslE$_$3,0.3355829
67uKYi7mslE$_$2,-0.20245457
67uKYi7mslE$_$5,0.16939855
67uKYi7mslE$_$4,0.12996183
67uKYi7mslE$_$7,0.16983442
67uKYi7mslE$_$6,0.54648256
67uKYi7mslE$_$9,0.76189244
67uKYi7mslE$_$8,0.027971083
69824$_$1,-0.4506618
69824$_$0,0.9380187
69824$_$3,-0.84775347
69824$_$2,0.40110156
69824$_$5,-1.0510315
69824$_$4,0.77091
69824$_$7,-0.37181562
69824$_$6,-0.16022658
69824$_$8,-0.8071455
6EDoVEm16fU$_$10,-0.054425918
6EDoVEm16fU$_$13,1.1723266
6EDoVEm16fU$_$12,0.8561543
6EDoVEm16fU$_$14,1.7075819
6EDoVEm16fU$_$1,1.3478897
6EDoVEm16fU$_$2,1.0625103
6EDoVEm16fU$_$4,0.9804213
6EDoVEm16fU$_$6,0.53320825
6EDoVEm16fU$_$9,1.2062807
6EJHA6IDLNk$_$9,0.74941415
6EJHA6IDLNk$_$3,0.43516526
6EJHA6IDLNk$_$4,0.4179708
6RFVsOWK1m4$_$1,-0.4927415
6RFVsOWK1m4$_$0,-0.28735805
6RFVsOWK1m4$_$2,0.60313284
6RFVsOWK1m4$_$5,0.13835451
6RFVsOWK1m4$_$4,0.041020557
6RFVsOWK1m4$_$7,-0.41241875
6RFVsOWK1m4$_$9,0.6700766
6RFVsOWK1m4$_$8,0.482393
6brtMLkjjYk$_$0,0.34550527
6brtMLkjjYk$_$3,1.0080019
6brtMLkjjYk$_$2,0.7194782
6gtfeIqGasE$_$1,0.18548048
6gtfeIqGasE$_$0,1.1043694
6gtfeIqGasE$_$2,0.24235997
6gtfeIqGasE$_$4,1.3772527
6gtfeIqGasE$_$6,0.9531052
6uoM8-9d0zA$_$4,0.6791658
79356$_$11,-0.3917397
79356$_$10,-0.25347796
79356$_$12,0.09203834
79356$_$1,0.59739196
79356$_$0,0.17188445
79356$_$3,0.17879303
79356$_$2,0.44823274
79356$_$5,-0.6522548
79356$_$4,-0.09234063
79356$_$7,1.02385
79356$_$6,-0.2313352
79356$_$9,0.0033312682
79356$_$8,-0.13331042
7IxmlIwqigw$_$13,0.32467607
7IxmlIwqigw$_$20,0.29879257
7IxmlIwqigw$_$14,0.3316602
7IxmlIwqigw$_$16,0.5918919
7IxmlIwqigw$_$32,0.59276414
7IxmlIwqigw$_$31,0.62664974
7IxmlIwqigw$_$23,0.06312242
7IxmlIwqigw$_$5,0.5934899
7IxmlIwqigw$_$7,0.55099016
7IxmlIwqigw$_$9,0.24936679
7deoh0NoMs4$_$1,1.3864291
7deoh0NoMs4$_$0,0.77713656
7f3ndBCx_JE$_$11,0.6211074
7f3ndBCx_JE$_$19,0.46538457
7f3ndBCx_JE$_$1,0.6863191
7idU7rR77Ss$_$0,-0.25855425
7idU7rR77Ss$_$3,0.25211614
7idU7rR77Ss$_$2,-0.5763806
7idU7rR77Ss$_$5,0.29357818
7idU7rR77Ss$_$4,0.17200103
7mb8Y2AhXIY$_$0,0.8829576
7mb8Y2AhXIY$_$4,0.12570378
7mb8Y2AhXIY$_$10,-0.14293832
7mb8Y2AhXIY$_$6,0.53097945
7npCA0zoQ8Q$_$1,0.7576772
7npCA0zoQ8Q$_$0,1.1485283
7npCA0zoQ8Q$_$3,1.3821647
83400$_$10,-0.29729903
83400$_$1,-0.24863404
83400$_$0,-0.32084277
83400$_$3,0.016762028
83400$_$2,0.013752347
83400$_$5,-0.18676656
83400$_$4,-0.20622927
83400$_$7,0.0474682
83400$_$6,0.24053124
83400$_$9,-1.5201492
83400$_$8,-0.10343921
86c2OkQ3_U8$_$13,-1.3359505
86c2OkQ3_U8$_$14,-0.4826806
86c2OkQ3_U8$_$22,0.84855807
86c2OkQ3_U8$_$16,0.18775913
86c2OkQ3_U8$_$19,-1.2661817
86c2OkQ3_U8$_$18,0.29648083
86c2OkQ3_U8$_$0,0.733491
86c2OkQ3_U8$_$3,0.25062618
86c2OkQ3_U8$_$2,0.1619916
86c2OkQ3_U8$_$5,-0.8620901
86c2OkQ3_U8$_$9,0.2671201
88791$_$11,-1.6608961
88791$_$10,-1.288268
88791$_$13,-0.20814212
88791$_$12,-0.11928442
88791$_$15,0.14417462
88791$_$14,0.014588522
88791$_$1,0.07871303
88791$_$0,0.3541201
88791$_$3,0.23081869
88791$_$2,-0.12677209
88791$_$5,0.25720358
88791$_$4,-0.14332768
88791$_$7,0.22674862
88791$_$6,-1.9888556
88791$_$9,-0.25073498
88791$_$8,-0.33035704
89ZmOPOilu4$_$0,0.29834482
89ZmOPOilu4$_$7,-1.8736832
8NPaDkOiXw4$_$1,0.4421157
8NPaDkOiXw4$_$0,0.22247234
8NPaDkOiXw4$_$3,-0.23927236
8NPaDkOiXw4$_$2,0.14608419
8TDAP0KNIIw$_$1,0.2713286
8TDAP0KNIIw$_$0,0.12621963
8VhVf0TbjDA$_$1,1.5083435
8VhVf0TbjDA$_$2,0.9490557
8XZszYrUSCQ$_$1,1.079161
8XZszYrUSCQ$_$0,0.6381922
8XZszYrUSCQ$_$3,0.86339927
8XZszYrUSCQ$_$2,0.70546305
8i7u3fl-hP8$_$1,0.29137155
8i7u3fl-hP8$_$0,0.29180047
8i7u3fl-hP8$_$2,0.17909217
8jY_RhOS89o$_$3,0.80864936
8jY_RhOS89o$_$5,1.2462661
8jY_RhOS89o$_$4,0.8808664
8jY_RhOS89o$_$7,1.2784681
8lfS97s2AKc$_$1,0.7641012
8lfS97s2AKc$_$0,-0.21485102
8lfS97s2AKc$_$3,-1.2315558
8lfS97s2AKc$_$2,1.1235039
8lfS97s2AKc$_$5,-0.43882632
8lfS97s2AKc$_$4,0.15440747
8lfS97s2AKc$_$7,0.20903867
8lfS97s2AKc$_$6,-0.69647115
8wNr-NQImFg$_$10,-0.109015845
8wNr-NQImFg$_$13,-0.28514344
8wNr-NQImFg$_$12,-0.064762965
8wNr-NQImFg$_$1,0.05394137
8wNr-NQImFg$_$0,0.09084853
8wNr-NQImFg$_$7,0.31924787
8wNr-NQImFg$_$6,0.8690511
8wNr-NQImFg$_$8,0.59185064
8wQhzezNcUY$_$11,1.1038882
8wQhzezNcUY$_$13,1.1487826
8wQhzezNcUY$_$12,0.99264276
8wQhzezNcUY$_$1,1.34093
8wQhzezNcUY$_$2,0.8669549
8wQhzezNcUY$_$9,0.18017478
8wQhzezNcUY$_$8,-0.5499345
91844$_$11,-0.67512393
91844$_$10,-0.083304696
91844$_$13,0.18301907
91844$_$12,-0.45872757
91844$_$1,-0.25318974
91844$_$0,0.6576797
91844$_$3,0.83720994
91844$_$2,0.30115852
91844$_$5,-0.24263462
91844$_$4,-0.20788547
91844$_$7,0.13497938
91844$_$6,-0.24277724
91844$_$9,0.21725678
91844$_$8,0.5048089
92291$_$1,0.65224385
92291$_$0,0.8042852
92291$_$3,-0.94857347
92291$_$2,0.42975825
92291$_$5,-0.5298803
92291$_$4,-1.0197937
92291$_$7,-1.5176431
92291$_$6,-1.2242585
92496$_$1,-0.7063234
92496$_$0,-0.14994878
92496$_$3,-1.218604
92496$_$2,0.17816508
92496$_$5,-2.0968769
92496$_$4,-1.1553669
93iGT5oueTA$_$10,0.21941873
93iGT5oueTA$_$12,-1.1155894
93iGT5oueTA$_$0,0.38149294
93iGT5oueTA$_$3,0.5756748
93iGT5oueTA$_$2,1.4167752
93iGT5oueTA$_$5,0.01536431
93iGT5oueTA$_$4,0.42690313
93iGT5oueTA$_$7,-0.30050552
93iGT5oueTA$_$6,0.11747062
93iGT5oueTA$_$9,-0.93897617
93iGT5oueTA$_$8,-1.0258486
94481$_$11,0.4629158
94481$_$10,0.18968803
94481$_$1,0.24746388
94481$_$0,-0.09385498
94481$_$3,1.2457012
94481$_$2,0.72006285
94481$_$5,1.4002007
94481$_$4,0.47478232
94481$_$7,0.47818092
94481$_$6,0.92919075
94481$_$9,0.49928287
94481$_$8,0.9941422
97ENTofrmNo$_$1,0.78607416
97ENTofrmNo$_$0,1.1219409
97ENTofrmNo$_$2,1.1393368
97ENTofrmNo$_$4,1.0497315
9GzFQBljNIY$_$1,-0.0110327955
9GzFQBljNIY$_$0,0.16735822
9GzFQBljNIY$_$3,-0.13224292
9GzFQBljNIY$_$2,-0.5012773
9GzFQBljNIY$_$5,0.52009904
9GzFQBljNIY$_$4,-0.11249651
9Lr4i7bIB6w$_$11,0.977805
9Lr4i7bIB6w$_$13,0.28401777
9Lr4i7bIB6w$_$12,1.3992573
9Lr4i7bIB6w$_$15,0.7050402
9Lr4i7bIB6w$_$14,0.80765045
9Lr4i7bIB6w$_$0,1.4246951
9Lr4i7bIB6w$_$3,0.62737036
9Lr4i7bIB6w$_$2,0.98302233
9Lr4i7bIB6w$_$6,0.71762526
9Lr4i7bIB6w$_$8,0.5779776
9PzZSheh10U$_$24,0.56373495
9PzZSheh10U$_$25,0.5518968
9PzZSheh10U$_$26,0.44410995
9PzZSheh10U$_$27,0.64922667
9PzZSheh10U$_$20,0.611758
9PzZSheh10U$_$21,-0.03453933
9PzZSheh10U$_$22,0.2204985
9PzZSheh10U$_$23,0.63507295
9PzZSheh10U$_$28,1.3596749
9PzZSheh10U$_$29,1.4277291
9PzZSheh10U$_$1,0.938129
9PzZSheh10U$_$0,0.73182356
9PzZSheh10U$_$3,0.6420239
9PzZSheh10U$_$2,0.8153923
9PzZSheh10U$_$5,1.0164604
9PzZSheh10U$_$4,0.82204556
9PzZSheh10U$_$7,0.31914023
9PzZSheh10U$_$6,0.37082368
9PzZSheh10U$_$9,0.1343776
9PzZSheh10U$_$8,0.55026793
9PzZSheh10U$_$11,-0.004281951
9PzZSheh10U$_$10,0.28685138
9PzZSheh10U$_$13,0.8155411
9PzZSheh10U$_$12,1.2999144
9PzZSheh10U$_$15,0.37445244
9PzZSheh10U$_$14,0.14865118
9PzZSheh10U$_$17,0.3066611
9PzZSheh10U$_$16,1.3744965
9PzZSheh10U$_$19,0.26619267
9PzZSheh10U$_$18,0.327646
9PzZSheh10U$_$30,1.2565863
9TAGpMywQyE$_$0,0.39803013
9cYNT_YSo8o$_$1,0.18391234
9cYNT_YSo8o$_$2,-0.9574106
9orb0lQnVW4$_$0,-0.034608986
A1lFJXUpxZo$_$1,1.1527991
A1lFJXUpxZo$_$8,0.935399
A1lFJXUpxZo$_$5,0.4703169
A1lFJXUpxZo$_$7,1.1860073
A1lFJXUpxZo$_$0,1.1946192
AB1PbMaW03s$_$13,-0.040971685
AB1PbMaW03s$_$20,0.6124129
AB1PbMaW03s$_$14,0.15080579
AB1PbMaW03s$_$16,0.50800323
AB1PbMaW03s$_$19,1.3640507
AB1PbMaW03s$_$18,0.3817222
AB1PbMaW03s$_$15,-0.16584662
AB1PbMaW03s$_$3,0.4125557
AB1PbMaW03s$_$4,0.7112833
AB1PbMaW03s$_$9,0.220525
AB1PbMaW03s$_$8,0.14187872
AHiA9hohKr8$_$1,0.28418556
AHiA9hohKr8$_$0,0.42400852
AHiA9hohKr8$_$3,-0.09182541
AHiA9hohKr8$_$2,0.7603422
AHiA9hohKr8$_$5,0.33184618
AHiA9hohKr8$_$7,0.8506316
AHiA9hohKr8$_$6,0.30171654
AHiA9hohKr8$_$8,0.51853895
AQ4Pktv4-Gc$_$4,0.57081485
AgH84SNRx5s$_$1,1.0689386
AgH84SNRx5s$_$4,0.40655077
AlJX3Jw3xKk$_$3,0.06916646
AlJX3Jw3xKk$_$6,0.42595315
An8x4UfwZ7k$_$3,0.58147365
An8x4UfwZ7k$_$4,0.9908948
B9oeT0K92wU$_$2,0.4743298
BJS5KCSowgU$_$2,1.1114023
BJS5KCSowgU$_$4,1.3960571
BJS5KCSowgU$_$7,0.8228521
BR2pkk3TK-0$_$0,0.97861683
BR2pkk3TK-0$_$2,0.9166197
BRSyH6yfDLk$_$1,0.02161407
BRSyH6yfDLk$_$0,0.3035768
BRSyH6yfDLk$_$3,-0.42431217
BRSyH6yfDLk$_$2,0.081000425
BRSyH6yfDLk$_$4,0.23997295
BTjV5dU_rfY$_$1,1.1509414
Bpy61RdLAvo$_$5,-0.19826728
C5-cY1nPQ20$_$11,0.16139352
C5-cY1nPQ20$_$10,0.62609315
C5-cY1nPQ20$_$1,0.512939
C5-cY1nPQ20$_$0,0.53724134
C5-cY1nPQ20$_$3,0.20995146
C5-cY1nPQ20$_$5,0.24043548
C5-cY1nPQ20$_$4,0.27134904
C5-cY1nPQ20$_$7,0.29255202
C5-cY1nPQ20$_$9,0.12990968
C5-cY1nPQ20$_$8,0.7245077
CKqDDh50gcU$_$14,0.6097171
CKqDDh50gcU$_$1,0.17277697
CKqDDh50gcU$_$3,1.0667653
CKqDDh50gcU$_$7,0.5139619
CKqDDh50gcU$_$6,0.76879174
CKqDDh50gcU$_$9,0.46810505
CO2YoTZbUr0$_$1,-0.027193662
CO2YoTZbUr0$_$0,-0.6591199
CO2YoTZbUr0$_$3,0.09611389
CO2YoTZbUr0$_$2,-0.1450038
CO2YoTZbUr0$_$5,0.03856828
CO2YoTZbUr0$_$4,0.08772673
CO2YoTZbUr0$_$7,-0.038052592
CO2YoTZbUr0$_$6,0.21134154
CO2YoTZbUr0$_$9,0.2157932
CO2YoTZbUr0$_$8,0.1091519
CO6n-skQJss$_$1,0.33948636
CO6n-skQJss$_$0,0.8627603
CO6n-skQJss$_$3,0.896332
CO6n-skQJss$_$2,0.17563027
CU6U-gS76K4$_$9,1.0984564
CU6U-gS76K4$_$0,1.1537365
CU6U-gS76K4$_$2,0.3718721
CU6U-gS76K4$_$20,1.1179214
CU6U-gS76K4$_$23,0.061324716
CbRexsp1HKw$_$3,0.10298078
CbRexsp1HKw$_$5,0.15686141
CbRexsp1HKw$_$4,0.3928353
CbRexsp1HKw$_$7,0.28363824
CbRexsp1HKw$_$6,0.32103598
CbRexsp1HKw$_$8,0.0426493
ChhZna-aBK4$_$11,0.41932616
ChhZna-aBK4$_$10,0.4215043
ChhZna-aBK4$_$12,0.9540491
ChhZna-aBK4$_$15,0.053844765
ChhZna-aBK4$_$14,1.3285154
ChhZna-aBK4$_$17,1.8020972
ChhZna-aBK4$_$16,0.18757796
ChhZna-aBK4$_$1,0.21879114
ChhZna-aBK4$_$0,0.9349649
ChhZna-aBK4$_$3,0.43253285
ChhZna-aBK4$_$2,0.7409781
ChhZna-aBK4$_$5,0.7536106
ChhZna-aBK4$_$4,0.31023696
ChhZna-aBK4$_$7,-0.027826369
ChhZna-aBK4$_$9,0.58657074
ChhZna-aBK4$_$8,1.0553136
CwF97vXPYX4$_$1,-0.707332
CwF97vXPYX4$_$4,0.27279428
DMtFQjrY7Hg$_$0,0.21255603
DMtFQjrY7Hg$_$2,0.25724098
DR65no1jCbg$_$1,0.9350539
DR65no1jCbg$_$0,1.2340906
DR65no1jCbg$_$3,1.5277047
DVAY-u_cJWU$_$1,0.24944499
DVAY-u_cJWU$_$2,0.32791978
DVAY-u_cJWU$_$5,1.0301081
DebbnL-_rnI$_$1,1.3016404
DebbnL-_rnI$_$0,1.6204468
DjcZrtcBZi4$_$10,0.56535107
DjcZrtcBZi4$_$1,0.7390299
DjcZrtcBZi4$_$0,0.123123944
DjcZrtcBZi4$_$2,0.31743446
DjcZrtcBZi4$_$5,0.833125
DjcZrtcBZi4$_$4,0.62479764
DjcZrtcBZi4$_$7,0.69708514
DjcZrtcBZi4$_$6,0.44996908
DjcZrtcBZi4$_$8,0.62218267
DlX-WyVe-D0$_$8,0.92190206
DlX-WyVe-D0$_$2,1.883859
Dm8AL84e11w$_$1,0.85199296
Dm8AL84e11w$_$5,0.45664454
Dm8AL84e11w$_$4,0.23023486
DnBHq5I52LM$_$10,-0.059078395
DnBHq5I52LM$_$0,0.10916509
DnBHq5I52LM$_$3,0.023612859
DnBHq5I52LM$_$2,0.16284202
DnBHq5I52LM$_$5,-0.023153631
DnBHq5I52LM$_$4,0.24049172
DnBHq5I52LM$_$7,0.46502283
DnBHq5I52LM$_$6,0.41242144
DnBHq5I52LM$_$9,0.9303268
DnBHq5I52LM$_$8,0.2590732
DtbT85s3i94$_$1,0.15921174
DtbT85s3i94$_$0,0.27683833
DtbT85s3i94$_$2,0.10993661
DtbT85s3i94$_$5,0.27417573
DtbT85s3i94$_$4,0.35456184
DzdPl68gV5o$_$1,-0.02302579
DzdPl68gV5o$_$3,-0.44420013
E1r0FrFyNTw$_$0,0.18753466
E1r0FrFyNTw$_$2,1.2197901
E1r0FrFyNTw$_$5,0.65639484
EMS14J0odIE$_$10,0.14005768
EMS14J0odIE$_$21,1.0578759
EMS14J0odIE$_$17,0.7075176
EMS14J0odIE$_$16,0.1051254
EO_5o9Gup6g$_$11,0.47676858
EO_5o9Gup6g$_$10,-0.22686031
EO_5o9Gup6g$_$13,-0.0065057147
EO_5o9Gup6g$_$12,-0.8892596
EO_5o9Gup6g$_$15,-0.47420874
EO_5o9Gup6g$_$22,1.2111925
EO_5o9Gup6g$_$17,-0.46409267
EO_5o9Gup6g$_$16,0.16931929
EO_5o9Gup6g$_$19,0.22447225
EO_5o9Gup6g$_$1,-0.2670104
EO_5o9Gup6g$_$0,0.35652438
EO_5o9Gup6g$_$3,-0.22471073
EO_5o9Gup6g$_$2,-0.49069965
EO_5o9Gup6g$_$4,-0.34243727
EO_5o9Gup6g$_$7,0.16652471
EO_5o9Gup6g$_$6,0.3435292
EO_5o9Gup6g$_$9,-0.14931364
EO_5o9Gup6g$_$20,0.69418895
EO_5o9Gup6g$_$8,0.19957809
EujJ0SwiCRE$_$2,0.13129449
EyoMU2yoJPY$_$11,0.71087277
EyoMU2yoJPY$_$10,0.24752295
EyoMU2yoJPY$_$13,0.54472864
EyoMU2yoJPY$_$7,0.29843244
F2hc2FLOdhI$_$1,-0.21321985
F2hc2FLOdhI$_$0,1.0110977
F2hc2FLOdhI$_$3,-0.22919783
F2hc2FLOdhI$_$2,0.2668834
F2hc2FLOdhI$_$5,0.11832398
F2hc2FLOdhI$_$4,-0.069968306
F2hc2FLOdhI$_$6,0.21668941
F7zQPzwFToE$_$1,-0.011109177
F7zQPzwFToE$_$3,-0.050149024
F7zQPzwFToE$_$5,-0.0012168065
F7zQPzwFToE$_$6,-0.30573186
F8eQI8E-6q4$_$10,0.8213692
F8eQI8E-6q4$_$3,-0.62098473
F8eQI8E-6q4$_$8,-1.0613718
FHDVQkU-nGI$_$1,1.2951238
FHDVQkU-nGI$_$0,0.19026333
FHDVQkU-nGI$_$3,0.84738344
FHDVQkU-nGI$_$2,0.8436891
FHDVQkU-nGI$_$5,1.2767825
FHDVQkU-nGI$_$7,1.113729
FHDVQkU-nGI$_$6,1.0947441
FHDVQkU-nGI$_$8,0.7098415
FMenDv3y8jc$_$1,0.35623857
FMenDv3y8jc$_$0,0.6566562
FMenDv3y8jc$_$3,0.26385435
FMenDv3y8jc$_$2,0.92731965
FMenDv3y8jc$_$5,0.38586602
FMenDv3y8jc$_$4,0.31616798
F_YaG_pvZrA$_$1,0.909521
F_YaG_pvZrA$_$8,0.58789825
F_YaG_pvZrA$_$3,0.43405795
F_YaG_pvZrA$_$10,1.3971497
F_YaG_pvZrA$_$11,1.0791273
FqEekswKPWE$_$1,0.9330513
FqEekswKPWE$_$11,0.2721202
FqEekswKPWE$_$0,0.37922937
FqEekswKPWE$_$7,0.0610011
FqEekswKPWE$_$6,0.23514968
GAVpYuhMZAw$_$10,0.66784436
GAVpYuhMZAw$_$13,1.0820149
GAVpYuhMZAw$_$12,0.14316389
GAVpYuhMZAw$_$1,0.3469556
GAVpYuhMZAw$_$2,0.6544644
GAVpYuhMZAw$_$5,-0.17187995
GAVpYuhMZAw$_$4,0.12506032
GAVpYuhMZAw$_$7,-0.12456442
GAVpYuhMZAw$_$6,-0.11617227
GK-Pprzh0t0$_$1,-0.634127
GK-Pprzh0t0$_$5,-0.6504592
GK-Pprzh0t0$_$7,0.06283102
GK-Pprzh0t0$_$6,-0.6309528
GKsjv42t284$_$1,0.70883524
GKsjv42t284$_$0,0.45515183
GKsjv42t284$_$3,0.74980605
GKsjv42t284$_$2,-0.35418546
GKsjv42t284$_$4,0.8260113
GMa0cIAltnw$_$0,-0.48967385
GMa0cIAltnw$_$3,0.3776795
GMa0cIAltnw$_$5,-1.0583192
GMa0cIAltnw$_$6,-0.67393184
GNP0PFas12Y$_$24,0.43628857
GNP0PFas12Y$_$21,0.5511034
GNP0PFas12Y$_$17,-0.059973836
GNP0PFas12Y$_$4,0.05616474
GNP0PFas12Y$_$7,0.28126547
GNP0PFas12Y$_$6,0.71180546
GNP0PFas12Y$_$14,1.1990135
GO0V4ZGSF28$_$4,0.22325215
GXIfrEUJ5d4$_$0,0.07389516
GXIfrEUJ5d4$_$2,0.1522702
Gc_zIjqqUys$_$1,0.26143804
Gc_zIjqqUys$_$0,0.53236854
Gc_zIjqqUys$_$7,0.43202657
GlShH_ua_GU$_$4,0.34965324
GmpDbIstUdc$_$10,0.719801
GmpDbIstUdc$_$13,0.87196434
GmpDbIstUdc$_$6,0.68475807
H-74k5vclCU$_$3,0.27058178
H-74k5vclCU$_$2,0.15302157
H-74k5vclCU$_$6,0.8442197
H9BNzzxlscA$_$1,0.22677708
H9BNzzxlscA$_$0,0.5273384
H9BNzzxlscA$_$3,0.29365212
H9BNzzxlscA$_$5,-0.11493272
H9BNzzxlscA$_$6,0.2017407
HA2AiTz-qxc$_$3,0.5176876
HA2AiTz-qxc$_$2,0.13918565
HA2AiTz-qxc$_$7,0.08643357
HAnQVHOd3hg$_$1,-0.21503404
HAnQVHOd3hg$_$8,0.774959
HAnQVHOd3hg$_$6,-0.10859452
HFPGeaEPy9o$_$1,-0.9647757
HFPGeaEPy9o$_$0,-0.31176797
HFPGeaEPy9o$_$2,-0.1901061
HFPGeaEPy9o$_$4,-0.048067674
HJTxq72GuMs$_$1,1.121609
HJTxq72GuMs$_$9,0.48854753
HJTxq72GuMs$_$6,-0.27783135
HJTxq72GuMs$_$14,0.48736563
HJTxq72GuMs$_$10,0.8446478
HMRqR-P68Ws$_$12,0.49967048
HMRqR-P68Ws$_$15,0.22803476
HMRqR-P68Ws$_$16,-0.7871818
HMRqR-P68Ws$_$0,0.07604638
HMRqR-P68Ws$_$3,-0.3608071
HMRqR-P68Ws$_$5,0.24059185
HMRqR-P68Ws$_$7,0.14507666
HMRqR-P68Ws$_$6,-0.2995592
HMRqR-P68Ws$_$9,0.17320186
HR18U0yAlTc$_$10,0.98441565
HR18U0yAlTc$_$12,-0.24168222
HR18U0yAlTc$_$5,0.36493194
HR18U0yAlTc$_$4,0.33081532
HR18U0yAlTc$_$9,0.6714702
HR18U0yAlTc$_$8,1.0865383
H_x5O9GdknI$_$1,-0.19600965
H_x5O9GdknI$_$0,-0.07444631
HbaycY0VuZk$_$0,0.4506769
HbaycY0VuZk$_$3,1.2447186
HbaycY0VuZk$_$4,1.2067649
Hq3cHc6X8BM$_$0,0.6728182
I9iV9q3ePhI$_$12,0.9548454
I9iV9q3ePhI$_$5,0.38538453
I9iV9q3ePhI$_$7,0.3428675
IHp8hd1jm6k$_$24,0.311425
IHp8hd1jm6k$_$25,0.562086
IHp8hd1jm6k$_$26,0.3979682
IHp8hd1jm6k$_$27,0.4480388
IHp8hd1jm6k$_$20,0.86242807
IHp8hd1jm6k$_$21,0.52646625
IHp8hd1jm6k$_$22,0.14410783
IHp8hd1jm6k$_$23,1.305182
IHp8hd1jm6k$_$28,0.53983164
IHp8hd1jm6k$_$29,0.93558896
IHp8hd1jm6k$_$1,0.3001291
IHp8hd1jm6k$_$0,0.8541285
IHp8hd1jm6k$_$3,0.12062329
IHp8hd1jm6k$_$2,0.95495224
IHp8hd1jm6k$_$5,0.55566204
IHp8hd1jm6k$_$4,0.5843855
IHp8hd1jm6k$_$7,-0.34926346
IHp8hd1jm6k$_$6,0.58488363
IHp8hd1jm6k$_$9,0.25901988
IHp8hd1jm6k$_$8,0.60610044
IHp8hd1jm6k$_$11,0.29242024
IHp8hd1jm6k$_$10,0.37643984
IHp8hd1jm6k$_$13,0.0189081
IHp8hd1jm6k$_$12,0.049162306
IHp8hd1jm6k$_$15,0.8468678
IHp8hd1jm6k$_$14,0.47473994
IHp8hd1jm6k$_$17,-0.010083029
IHp8hd1jm6k$_$16,0.10999891
IHp8hd1jm6k$_$19,0.4688112
IHp8hd1jm6k$_$18,0.23960117
IHp8hd1jm6k$_$30,0.24693888
IIPYcCii7Sg$_$1,0.23959532
IIPYcCii7Sg$_$3,0.08364547
IIPYcCii7Sg$_$2,-0.09247084
IIPYcCii7Sg$_$5,0.086653024
IIPYcCii7Sg$_$4,0.16986015
IIPYcCii7Sg$_$7,-0.08103792
IOpWjKAHG8Q$_$1,0.62190646
IOpWjKAHG8Q$_$0,1.2454867
IOpWjKAHG8Q$_$3,0.2844886
IOpWjKAHG8Q$_$2,0.45474443
IOpWjKAHG8Q$_$5,0.3729932
IOpWjKAHG8Q$_$4,0.15141635
IRSxo_XXArg$_$11,1.2148519
IRSxo_XXArg$_$12,1.2241042
IRSxo_XXArg$_$0,0.8707081
IRSxo_XXArg$_$3,1.3308744
IRSxo_XXArg$_$2,1.1890476
IRSxo_XXArg$_$5,1.1182094
IRSxo_XXArg$_$7,1.3650093
IRSxo_XXArg$_$9,0.7151132
Ie6sDptjAsU$_$3,0.15993421
Iemw8vqt-54$_$10,1.2710521
Iemw8vqt-54$_$13,0.22805992
Iemw8vqt-54$_$12,0.9099114
Iemw8vqt-54$_$1,1.2231886
Iemw8vqt-54$_$0,1.2568656
Iemw8vqt-54$_$9,0.4003249
Iemw8vqt-54$_$8,1.0290966
JATMzuV6sUE$_$0,0.3035621
JHJOK6cdW-0$_$1,0.10718268
JHJOK6cdW-0$_$8,0.813455
JHJOK6cdW-0$_$5,0.31985995
JHJOK6cdW-0$_$7,0.44948673
JHJOK6cdW-0$_$0,0.6977371
JKueLneBoik$_$1,0.9085591
JKueLneBoik$_$0,0.8817234
JKueLneBoik$_$3,0.5451039
JKueLneBoik$_$2,0.06912939
JKueLneBoik$_$5,0.674417
JKueLneBoik$_$4,0.16236463
JNhqI4JtPXA$_$1,1.585475
JNhqI4JtPXA$_$0,0.29810518
JNhqI4JtPXA$_$3,1.4757147
JNhqI4JtPXA$_$4,0.1686223
JNhqI4JtPXA$_$7,0.17682517
JXYot3NDQn0$_$1,0.70259786
JXYot3NDQn0$_$2,0.9626925
JXYot3NDQn0$_$7,1.3755269
Jz1oMq6l-ZM$_$10,-0.42635444
Jz1oMq6l-ZM$_$12,1.0548123
Jz1oMq6l-ZM$_$1,0.0038833078
Jz1oMq6l-ZM$_$0,0.36569586
Jz1oMq6l-ZM$_$3,-0.23027694
Jz1oMq6l-ZM$_$2,-0.15371767
Jz1oMq6l-ZM$_$5,0.22935745
Jz1oMq6l-ZM$_$7,-0.54599255
Jz1oMq6l-ZM$_$6,0.25504676
KB5hSnV1emg$_$13,0.18080434
KB5hSnV1emg$_$12,0.09739468
KB5hSnV1emg$_$1,0.334424
KB5hSnV1emg$_$0,0.47143254
KB5hSnV1emg$_$3,-0.016389187
KB5hSnV1emg$_$2,0.71139616
KB5hSnV1emg$_$4,0.20587721
KB5hSnV1emg$_$7,0.2243151
KB5hSnV1emg$_$6,0.05560337
KB5hSnV1emg$_$9,0.19385704
KRje7su4I5U$_$1,0.25095394
KRje7su4I5U$_$2,0.94091135
KRje7su4I5U$_$5,0.43603128
KRje7su4I5U$_$4,0.19274008
KRje7su4I5U$_$7,1.2570888
KRje7su4I5U$_$6,1.4606183
KRje7su4I5U$_$8,0.6184003
KXsjl0DKgL0$_$5,0.91295063
KYQTwFVBzME$_$2,-0.039835908
KZzFCrEyKF0$_$11,0.8158314
KZzFCrEyKF0$_$8,0.21674415
KZzFCrEyKF0$_$4,0.05060178
KZzFCrEyKF0$_$6,0.054675296
KanWhGY33Hk$_$8,0.6254469
KanWhGY33Hk$_$15,-0.17536494
KanWhGY33Hk$_$6,0.25275826
Kn5eKHlPD0k$_$12,0.30277082
Kn5eKHlPD0k$_$1,-0.033047594
Kn5eKHlPD0k$_$0,0.055316478
Kn5eKHlPD0k$_$2,-0.13273251
Kn5eKHlPD0k$_$5,0.44369867
Kn5eKHlPD0k$_$7,0.12556115
Kn5eKHlPD0k$_$6,0.24409068
Kn99u05vlpA$_$3,1.0575802
Kn99u05vlpA$_$2,0.60303295
Kn99u05vlpA$_$5,0.48609504
Kn99u05vlpA$_$6,0.39521697
KrmVX-HANew$_$8,0.6208023
KrmVX-HANew$_$5,0.2562053
KrmVX-HANew$_$6,0.2423065
Kyz32PTyP4I$_$1,1.0766468
Kyz32PTyP4I$_$0,0.98694336
Kyz32PTyP4I$_$2,0.82406795
Kyz32PTyP4I$_$5,0.62716365
Kyz32PTyP4I$_$6,0.35905358
L-7oRnbi9-w$_$3,0.34644696
L-7oRnbi9-w$_$5,0.7586217
L-7oRnbi9-w$_$4,0.09347829
L-a4Sh6iAcw$_$11,0.23498401
L-a4Sh6iAcw$_$3,0.3994659
L-a4Sh6iAcw$_$5,0.15857989
L-a4Sh6iAcw$_$4,0.8327085
L-a4Sh6iAcw$_$7,0.36174878
L-a4Sh6iAcw$_$9,0.5561531
LD3HYOwk1Bc$_$1,-0.33374807
LD3HYOwk1Bc$_$0,0.37452838
LDKWr94J0wM$_$11,0.20736131
LDKWr94J0wM$_$14,1.0859921
LDKWr94J0wM$_$3,0.30584842
LDKWr94J0wM$_$2,0.47412583
LDKWr94J0wM$_$5,0.6449392
LDKWr94J0wM$_$4,0.9880569
LDKWr94J0wM$_$8,1.0253167
LFOwCSiGOvw$_$1,-0.28379244
LFOwCSiGOvw$_$2,-0.26091495
LFOwCSiGOvw$_$4,0.0054097157
LJGL2sGvSS0$_$20,0.89195395
LJGL2sGvSS0$_$21,1.0513918
LJGL2sGvSS0$_$22,1.0698602
LJGL2sGvSS0$_$1,0.31100553
LJGL2sGvSS0$_$0,0.2520407
LJGL2sGvSS0$_$3,0.6185508
LJGL2sGvSS0$_$2,0.2533392
LJGL2sGvSS0$_$5,0.8360182
LJGL2sGvSS0$_$4,0.7774544
LJGL2sGvSS0$_$7,0.40468517
LJGL2sGvSS0$_$6,-0.31909785
LJGL2sGvSS0$_$9,0.92117035
LJGL2sGvSS0$_$8,0.8345896
LJGL2sGvSS0$_$11,1.1683974
LJGL2sGvSS0$_$10,0.78686476
LJGL2sGvSS0$_$13,1.1140866
LJGL2sGvSS0$_$12,1.2323947
LJGL2sGvSS0$_$15,0.11234078
LJGL2sGvSS0$_$14,1.374506
LJGL2sGvSS0$_$17,1.1325393
LJGL2sGvSS0$_$16,0.53663176
LJGL2sGvSS0$_$19,0.16945311
LJGL2sGvSS0$_$18,1.1891218
LcfubBagG6Q$_$11,0.6287611
LcfubBagG6Q$_$10,0.7245892
LcfubBagG6Q$_$13,0.30691954
LcfubBagG6Q$_$14,0.60282576
LcfubBagG6Q$_$1,0.42679462
LcfubBagG6Q$_$0,0.30512437
LcfubBagG6Q$_$3,0.027392691
LcfubBagG6Q$_$2,0.25459146
LcfubBagG6Q$_$5,0.678126
LcfubBagG6Q$_$4,-0.41283366
LcfubBagG6Q$_$7,1.1964264
LcfubBagG6Q$_$6,0.41266784
LcfubBagG6Q$_$9,0.24116471
LcfubBagG6Q$_$8,1.0288585
LpTbjgELALo$_$1,-0.0014888365
LpTbjgELALo$_$2,0.40121618
LtlL-03S79Q$_$2,1.1750011
LtlL-03S79Q$_$5,0.1218687
LtlL-03S79Q$_$4,0.18186338
LtlL-03S79Q$_$7,0.61594516
LtlL-03S79Q$_$6,1.1722215
LtlL-03S79Q$_$9,0.72427815
LueQT0vY1zI$_$0,0.30300102
LyOq9mOEPuk$_$8,-0.17128494
LyOq9mOEPuk$_$3,0.5725629
LyOq9mOEPuk$_$13,-1.1583496
M6HKUzJNlsE$_$1,0.95706517
M6HKUzJNlsE$_$0,0.48609522
M6HKUzJNlsE$_$3,0.32387826
M6HKUzJNlsE$_$2,-0.03028923
M6HKUzJNlsE$_$5,0.56213045
M6HKUzJNlsE$_$4,0.79092836
MHVrwCEWLPI$_$1,0.5477133
MHVrwCEWLPI$_$5,1.1466658
MHVrwCEWLPI$_$4,0.6455078
MHVrwCEWLPI$_$6,0.056760967
MHyW857u_X8$_$13,0.72024626
MHyW857u_X8$_$20,-0.019203883
MHyW857u_X8$_$22,1.5123925
MHyW857u_X8$_$17,0.53679144
MHyW857u_X8$_$18,0.70179355
MHyW857u_X8$_$2,0.30623615
MHyW857u_X8$_$5,0.3406112
MHyW857u_X8$_$7,1.2708721
MLegxOZBGUc$_$9,1.6321403
MM2qPdnRmQ8$_$0,0.5249077
MM2qPdnRmQ8$_$6,0.4379337
MSHBEntSDjU$_$9,0.8058295
MYEyQUpMe3k$_$1,0.55201924
MYEyQUpMe3k$_$2,0.07641096
MYEyQUpMe3k$_$5,0.241113
MYEyQUpMe3k$_$4,0.313548
MYEyQUpMe3k$_$7,0.31061098
MYEyQUpMe3k$_$6,0.18181714
MYEyQUpMe3k$_$9,0.42826077
MYEyQUpMe3k$_$8,0.23526028
MZUr1DfYNNw$_$1,0.6108985
MZUr1DfYNNw$_$0,0.55387187
MZUr1DfYNNw$_$2,1.1403401
MtIklGnIMGo$_$5,0.68175673
MvEw24PU2Ac$_$9,0.011059033
MvEw24PU2Ac$_$15,-0.4050927
MvEw24PU2Ac$_$6,0.19655553
N-NnCI6U52c$_$2,1.4799953
N-NnCI6U52c$_$5,1.6648929
N0d2JL7JC1s$_$0,0.605332
N2nCB34Am-E$_$10,0.37292138
N2nCB34Am-E$_$6,0.4079652
NIpuKcoJhGM$_$0,0.39629498
NIpuKcoJhGM$_$5,0.7432538
NIpuKcoJhGM$_$4,1.034699
NOGhjdK-rDI$_$0,-0.39723969
NVLPURuAVLU$_$2,0.13108972
NVLPURuAVLU$_$4,0.3056415
NVLPURuAVLU$_$7,0.45033628
NaWmaHwjElo$_$13,0.7614707
NaWmaHwjElo$_$5,0.24380949
NgENhhXf0LE$_$2,1.3690541
NiAjz4ciA60$_$1,1.5989228
NiAjz4ciA60$_$3,0.35874087
NiAjz4ciA60$_$2,0.42459226
NiAjz4ciA60$_$6,0.18089435
NlrCjfHELLE$_$0,1.1409514
NoOt0oU843M$_$8,1.0250736
NoOt0oU843M$_$3,0.4226301
NoOt0oU843M$_$2,0.5573908
NoOt0oU843M$_$5,0.3447838
NoOt0oU843M$_$6,1.1469547
NocexkPXja8$_$13,-0.17208491
NocexkPXja8$_$15,-0.38149753
NocexkPXja8$_$16,-1.2674415
NocexkPXja8$_$1,-0.684794
NocexkPXja8$_$3,-0.3385614
NocexkPXja8$_$5,-0.02669837
NocexkPXja8$_$4,-1.3284303
NocexkPXja8$_$6,-0.115091585
O-b3DQg0QmA$_$1,0.41902813
O-b3DQg0QmA$_$0,0.41854185
O-b3DQg0QmA$_$2,1.3739158
O2ShYliS3CU$_$8,0.909905
O2ShYliS3CU$_$2,0.36964616
O4UkHVJlIs8$_$10,-0.24092713
O4UkHVJlIs8$_$3,0.7509985
O4UkHVJlIs8$_$2,0.6485838
OFia3dWgaoI$_$1,0.13240081
OFia3dWgaoI$_$0,-0.14677271
OFia3dWgaoI$_$3,-0.13865703
OFia3dWgaoI$_$5,-0.12556933
OFia3dWgaoI$_$4,-0.5812394
OFia3dWgaoI$_$6,-0.2250983
OFia3dWgaoI$_$8,0.5981652
OKJPFisBoPY$_$1,0.6120558
OKJPFisBoPY$_$0,0.99444234
OORklkFql3k$_$11,0.007511588
OORklkFql3k$_$10,-0.07305738
OORklkFql3k$_$15,-0.3636327
OORklkFql3k$_$14,-0.53462
OORklkFql3k$_$19,-0.881141
OORklkFql3k$_$1,-0.7079342
OORklkFql3k$_$3,-0.06181121
OORklkFql3k$_$2,-0.376026
OORklkFql3k$_$4,0.22914174
OORklkFql3k$_$7,0.3212568
OORklkFql3k$_$6,-0.5155035
OORklkFql3k$_$8,-0.28894475
OWWHjP3pX9o$_$1,0.121720195
OWWHjP3pX9o$_$0,-0.05656755
OWWHjP3pX9o$_$3,0.22204156
OWWHjP3pX9o$_$2,0.29985312
OWWHjP3pX9o$_$5,0.99666345
OWWHjP3pX9o$_$4,0.3905885
OWWHjP3pX9o$_$7,0.6572314
OWWHjP3pX9o$_$6,0.82321733
OWWHjP3pX9o$_$9,0.9582802
OWWHjP3pX9o$_$8,-0.811145
OXsTIPdytiw$_$10,-0.20655712
OXsTIPdytiw$_$13,0.14627108
OXsTIPdytiw$_$12,0.38883168
OXsTIPdytiw$_$0,0.09325416
OXsTIPdytiw$_$2,-0.10639475
OXsTIPdytiw$_$4,0.32221982
OXsTIPdytiw$_$7,0.47290424
Oa2xVjzAMFc$_$3,0.18870814
Oa2xVjzAMFc$_$5,0.6845292
Oa2xVjzAMFc$_$4,0.0076429304
Oa2xVjzAMFc$_$6,1.0467371
Oa2xVjzAMFc$_$9,0.1282651
Oa2xVjzAMFc$_$8,0.6863732
OaWYjsS02fk$_$0,0.34237337
OaWYjsS02fk$_$2,0.34320286
OaWYjsS02fk$_$5,0.41080353
OaWYjsS02fk$_$4,0.41619244
OaWYjsS02fk$_$6,0.6995115
OctOcfI4KSs$_$13,0.8697726
OctOcfI4KSs$_$1,-0.063937925
OctOcfI4KSs$_$3,0.108128235
OctOcfI4KSs$_$2,0.00062228553
OctOcfI4KSs$_$4,0.08114515
OctOcfI4KSs$_$7,0.1460917
OctOcfI4KSs$_$6,0.003215151
OctOcfI4KSs$_$8,0.32283112
OyK86reBnJE$_$2,1.0098549
P0UHzR4CmYg$_$20,0.89432836
P0UHzR4CmYg$_$22,0.16040412
P0UHzR4CmYg$_$1,0.58047247
P0UHzR4CmYg$_$0,1.2862635
P0UHzR4CmYg$_$3,0.9358735
P0UHzR4CmYg$_$2,1.0503623
P0UHzR4CmYg$_$5,0.573611
P0UHzR4CmYg$_$4,1.260794
P0UHzR4CmYg$_$7,0.7368445
P0UHzR4CmYg$_$6,0.5773225
P0UHzR4CmYg$_$9,0.32169414
P0UHzR4CmYg$_$8,0.29162145
P0UHzR4CmYg$_$11,0.019969584
P0UHzR4CmYg$_$10,0.8433993
P0UHzR4CmYg$_$13,0.6403629
P0UHzR4CmYg$_$12,0.46711466
P0UHzR4CmYg$_$15,-0.6849724
P0UHzR4CmYg$_$14,0.17181183
P0UHzR4CmYg$_$17,0.41964245
P0UHzR4CmYg$_$16,-1.2778462
P0UHzR4CmYg$_$19,0.25861683
P0UHzR4CmYg$_$18,0.46394095
P17tYiqMGRU$_$0,0.3728017
PHZIx22aFhU$_$0,0.3567107
Pbu6oAKFCvo$_$0,1.1881453
Pbu6oAKFCvo$_$3,0.85172963
Pbu6oAKFCvo$_$5,0.68870753
PcqKFt1p3UQ$_$9,0.062078618
PcqKFt1p3UQ$_$10,0.020245733
PcqKFt1p3UQ$_$2,0.21587959
PexNiFbPTYM$_$11,0.4991326
PexNiFbPTYM$_$10,0.96502626
PexNiFbPTYM$_$13,0.19387716
PexNiFbPTYM$_$12,0.20499322
PexNiFbPTYM$_$15,-0.034514032
PexNiFbPTYM$_$14,0.4313445
PexNiFbPTYM$_$17,-0.023849182
PexNiFbPTYM$_$16,0.39643216
PexNiFbPTYM$_$19,-0.0529626
PexNiFbPTYM$_$18,0.36981386
PexNiFbPTYM$_$1,1.2084615
PexNiFbPTYM$_$3,0.28051978
PexNiFbPTYM$_$2,0.32907954
PexNiFbPTYM$_$5,0.028278803
PexNiFbPTYM$_$4,-0.45634642
PexNiFbPTYM$_$7,0.26604536
PexNiFbPTYM$_$6,-0.32976153
PexNiFbPTYM$_$9,0.6380463
PexNiFbPTYM$_$20,0.3249537
PexNiFbPTYM$_$8,0.46047607
PexNiFbPTYM$_$21,0.8119843
PzI6yY9Y2xQ$_$10,1.2669071
PzI6yY9Y2xQ$_$12,1.2726829
PzI6yY9Y2xQ$_$1,0.89697075
PzI6yY9Y2xQ$_$0,1.150831
PzI6yY9Y2xQ$_$2,0.45184144
PzI6yY9Y2xQ$_$4,0.5012499
QBc7X5jj8oA$_$3,0.15296602
QBc7X5jj8oA$_$2,-0.14023751
QBc7X5jj8oA$_$4,0.37151507
QCR7uyowjhM$_$10,0.27090368
QCR7uyowjhM$_$1,0.00035434775
QCR7uyowjhM$_$0,0.16450125
QCR7uyowjhM$_$2,-0.5527767
QCR7uyowjhM$_$5,0.76751566
QCR7uyowjhM$_$4,-0.30077782
QCR7uyowjhM$_$7,-0.21360031
QCR7uyowjhM$_$6,1.4151397
QCR7uyowjhM$_$9,-0.06409733
QCR7uyowjhM$_$8,-0.24888417
QIonRUsCqBs$_$1,0.9087702
QIonRUsCqBs$_$0,0.7151245
QIonRUsCqBs$_$3,1.2565382
QIonRUsCqBs$_$2,0.43271396
QJBQIOmG1CA$_$1,0.24131066
QLI-OnegxFM$_$17,-0.025260434
QLI-OnegxFM$_$7,-0.2676449
QVyxySAaehE$_$11,0.31457356
QVyxySAaehE$_$10,1.2100748
QVyxySAaehE$_$3,1.077691
QVyxySAaehE$_$9,1.206471
QWll4lS1qqI$_$12,1.3361545
QWll4lS1qqI$_$14,-0.23685566
QWll4lS1qqI$_$16,1.3203441
QXXexH-ow_k$_$5,0.21878704
Qfa1fY_07bQ$_$1,0.3176311
Qfa1fY_07bQ$_$0,0.5710133
Qfa1fY_07bQ$_$2,0.31096283
Qfa1fY_07bQ$_$5,0.34794733
Qfa1fY_07bQ$_$4,0.11936922
Qfa1fY_07bQ$_$7,1.3825067
Qfa1fY_07bQ$_$6,1.0059502
QnYlpSeVOYo$_$1,0.32316974
R9xTBw3MCWI$_$11,0.9098245
R9xTBw3MCWI$_$10,-0.030270267
R9xTBw3MCWI$_$13,0.6603105
R9xTBw3MCWI$_$12,1.0855772
R9xTBw3MCWI$_$15,1.4057467
R9xTBw3MCWI$_$14,0.36379
R9xTBw3MCWI$_$17,0.3361366
R9xTBw3MCWI$_$16,0.6320003
R9xTBw3MCWI$_$19,0.41146287
R9xTBw3MCWI$_$18,0.6655131
R9xTBw3MCWI$_$1,0.6451287
R9xTBw3MCWI$_$0,0.64579344
R9xTBw3MCWI$_$3,0.5238692
R9xTBw3MCWI$_$2,0.2763339
R9xTBw3MCWI$_$5,1.3079376
R9xTBw3MCWI$_$4,1.0813935
R9xTBw3MCWI$_$7,0.49584088
R9xTBw3MCWI$_$6,0.939996
R9xTBw3MCWI$_$9,0.3569144
R9xTBw3MCWI$_$8,0.42129564
RB3HA-ZMtFw$_$1,0.65045184
RChkXDS8ulE$_$1,0.8587402
RChkXDS8ulE$_$3,1.0750047
RChkXDS8ulE$_$5,0.8500555
RChkXDS8ulE$_$4,0.3438722
ROC2YI3tDsk$_$11,1.09728
ROC2YI3tDsk$_$10,0.4685321
ROC2YI3tDsk$_$13,1.2306395
ROC2YI3tDsk$_$12,1.1081114
ROC2YI3tDsk$_$14,1.4076926
ROC2YI3tDsk$_$0,0.9756224
ROC2YI3tDsk$_$3,0.42848602
ROC2YI3tDsk$_$2,0.54795533
ROC2YI3tDsk$_$5,0.3934079
ROC2YI3tDsk$_$4,0.78670216
ROC2YI3tDsk$_$6,1.0016356
ROC2YI3tDsk$_$9,1.1705388
ROC2YI3tDsk$_$8,1.1439099
RVC8l5hf2Eg$_$11,0.3246505
RVC8l5hf2Eg$_$10,0.37238404
RVC8l5hf2Eg$_$13,0.29141662
RVC8l5hf2Eg$_$12,0.26699516
RVC8l5hf2Eg$_$14,0.71495295
RVC8l5hf2Eg$_$17,0.99727345
RVC8l5hf2Eg$_$1,1.0697798
RVC8l5hf2Eg$_$0,0.35697785
RVC8l5hf2Eg$_$3,0.8219403
RVC8l5hf2Eg$_$2,0.22602117
RVC8l5hf2Eg$_$5,0.26755363
RVC8l5hf2Eg$_$4,0.77388036
RVC8l5hf2Eg$_$7,0.25990224
RVC8l5hf2Eg$_$6,0.36271808
RVC8l5hf2Eg$_$8,0.19788946
Rb1uzHNcYcA$_$1,1.1573417
Rb1uzHNcYcA$_$3,-1.4713713
Rb1uzHNcYcA$_$2,-0.03429825
Rb1uzHNcYcA$_$5,1.3084373
Rb1uzHNcYcA$_$4,0.9894973
Rb1uzHNcYcA$_$6,0.063433714
Rb1uzHNcYcA$_$8,0.4481447
RmX9t_HY_dU$_$1,0.95003426
RmX9t_HY_dU$_$0,0.5634755
RsE2gYghZ2s$_$1,0.16238454
RsE2gYghZ2s$_$2,0.3744968
RvmTZVNAAuQ$_$2,0.5672218
RvmTZVNAAuQ$_$10,0.7704026
RvmTZVNAAuQ$_$12,1.3615866
RvmTZVNAAuQ$_$4,0.18737984
RvmTZVNAAuQ$_$7,0.9692897
SBFnCNzlynQ$_$1,-0.13506368
SBFnCNzlynQ$_$0,0.21787113
SD6wphlw72U$_$0,0.767272
SD6wphlw72U$_$3,1.3103724
SD6wphlw72U$_$2,0.89650375
SH0OYx3fR7s$_$9,0.79694974
SH0OYx3fR7s$_$0,0.12172559
SH0OYx3fR7s$_$26,-0.23061734
SH0OYx3fR7s$_$5,0.016563969
SH0OYx3fR7s$_$7,0.22075516
SKTyBOhDX6U$_$11,1.2151543
SKTyBOhDX6U$_$10,0.37934676
SKTyBOhDX6U$_$12,-0.03437609
SKTyBOhDX6U$_$1,-0.027248163
SKTyBOhDX6U$_$5,0.3166915
SKTyBOhDX6U$_$4,0.32979503
SKTyBOhDX6U$_$7,0.10829063
SKTyBOhDX6U$_$6,0.9484323
SKTyBOhDX6U$_$9,0.9029015
SKTyBOhDX6U$_$8,-0.3934653
SYQ_zv8dWng$_$1,0.19161561
SYQ_zv8dWng$_$0,0.46711525
SYQ_zv8dWng$_$3,-0.06655439
SYQ_zv8dWng$_$2,0.41621074
SYQ_zv8dWng$_$5,0.3574682
SYQ_zv8dWng$_$4,-0.02251822
SYQ_zv8dWng$_$7,0.16762584
SYQ_zv8dWng$_$6,0.35382196
SYQ_zv8dWng$_$9,0.22258624
SYQ_zv8dWng$_$8,0.2179786
SZ7HK5ns6mE$_$11,0.46620154
SZ7HK5ns6mE$_$1,0.8373529
SZ7HK5ns6mE$_$0,1.0860372
SZ7HK5ns6mE$_$3,0.34754625
SZ7HK5ns6mE$_$5,0.8356652
SZ7HK5ns6mE$_$4,0.4359435
SZ7HK5ns6mE$_$7,0.6895144
SZ7HK5ns6mE$_$8,-0.3213295
Sb6ftNgzz9M$_$3,0.6049559
Sb6ftNgzz9M$_$2,0.45349392
Sb6ftNgzz9M$_$7,0.53328365
Sb6ftNgzz9M$_$6,-0.3202013
Sq6DIhFxPqQ$_$1,0.39718002
Sq6DIhFxPqQ$_$0,1.043644
Sq6DIhFxPqQ$_$2,0.6763894
Sq6DIhFxPqQ$_$4,0.060342446
SqAiJrvHXNA$_$11,1.2315605
SqAiJrvHXNA$_$10,0.1331904
SqAiJrvHXNA$_$1,0.95515907
SqAiJrvHXNA$_$0,1.0733854
SqAiJrvHXNA$_$3,0.7196945
SqAiJrvHXNA$_$2,1.0573187
SqAiJrvHXNA$_$5,0.10830626
SqAiJrvHXNA$_$4,0.38955334
SqAiJrvHXNA$_$7,0.42391604
SqAiJrvHXNA$_$6,1.0462022
SqAiJrvHXNA$_$9,1.3938682
SqAiJrvHXNA$_$8,0.75246024
SqofxdeEcjg$_$1,-0.09737177
SqofxdeEcjg$_$9,1.024796
SqofxdeEcjg$_$2,1.063386
SqofxdeEcjg$_$5,0.6235709
SqofxdeEcjg$_$4,0.75734866
SwT0gh0V8fI$_$11,0.17195866
SwT0gh0V8fI$_$10,-0.19540472
SwT0gh0V8fI$_$13,0.49994633
SwT0gh0V8fI$_$20,0.42143664
SwT0gh0V8fI$_$21,0.22268873
SwT0gh0V8fI$_$17,-0.1195087
SwT0gh0V8fI$_$16,-0.41332814
SwT0gh0V8fI$_$19,0.33536828
SwT0gh0V8fI$_$18,0.46659353
SwT0gh0V8fI$_$23,-0.18322067
SwT0gh0V8fI$_$1,0.33108315
SwT0gh0V8fI$_$2,0.7805928
SwT0gh0V8fI$_$5,-0.5190987
SwT0gh0V8fI$_$15,0.45301378
TLPlduck5II$_$1,-0.13391411
TLPlduck5II$_$0,0.07187299
TLPlduck5II$_$3,0.3632524
TLPlduck5II$_$5,0.3601977
TLPlduck5II$_$4,0.7082806
TLPlduck5II$_$6,0.8507259
TXiOSZdaLJ8$_$3,0.5152676
TXiOSZdaLJ8$_$2,0.7057842
TXiOSZdaLJ8$_$4,1.0077689
TcTGCIh6e5s$_$1,0.14590327
TcTGCIh6e5s$_$0,0.37861633
TcTGCIh6e5s$_$3,0.13453466
TcTGCIh6e5s$_$5,0.3154384
TcTGCIh6e5s$_$4,0.10704549
TcTGCIh6e5s$_$7,0.36352882
TcTGCIh6e5s$_$6,0.3115993
TqQgIxR7thU$_$0,0.2337974
TsfyeZ8hgwE$_$1,0.84404844
TsfyeZ8hgwE$_$3,1.4316202
TsfyeZ8hgwE$_$2,1.2498207
TtAyUQtmTLk$_$3,0.47565296
TtAyUQtmTLk$_$2,0.3773487
TtAyUQtmTLk$_$4,0.4005994
TtAyUQtmTLk$_$7,0.9118998
TtAyUQtmTLk$_$6,0.4204665
TxRtSItpGMo$_$0,0.783167
TxRtSItpGMo$_$2,1.237087
TxRtSItpGMo$_$4,0.98292756
TxRtSItpGMo$_$7,1.6468332
TxRtSItpGMo$_$6,1.4286542
U-KihZeIfKI$_$24,0.51088476
U-KihZeIfKI$_$25,1.3794246
U-KihZeIfKI$_$20,0.383545
U-KihZeIfKI$_$21,0.747163
U-KihZeIfKI$_$22,0.51216406
U-KihZeIfKI$_$23,0.13854834
U-KihZeIfKI$_$1,0.12661971
U-KihZeIfKI$_$0,0.8375463
U-KihZeIfKI$_$2,-0.029914072
U-KihZeIfKI$_$5,-0.40215033
U-KihZeIfKI$_$7,1.1641607
U-KihZeIfKI$_$6,-0.3834444
U-KihZeIfKI$_$9,1.0408844
U-KihZeIfKI$_$8,0.74462867
U-KihZeIfKI$_$11,0.22817633
U-KihZeIfKI$_$10,1.0640091
U-KihZeIfKI$_$13,-0.048340715
U-KihZeIfKI$_$12,-0.7854261
U-KihZeIfKI$_$15,0.36958787
U-KihZeIfKI$_$14,-0.65118074
U-KihZeIfKI$_$17,-0.021353545
U-KihZeIfKI$_$16,0.40331164
U-KihZeIfKI$_$19,1.4669287
U-KihZeIfKI$_$18,1.1252002
U6IqFbpM-VM$_$0,0.3922978
U6IqFbpM-VM$_$2,0.46918628
U8VYG_g6yVE$_$10,0.9201045
U8VYG_g6yVE$_$3,1.0294418
U8VYG_g6yVE$_$5,0.9956448
U8VYG_g6yVE$_$9,1.3852117
UNLD7eYPzfQ$_$10,0.52643365
UNLD7eYPzfQ$_$7,-0.092652686
USkMa4Evv7U$_$2,-0.24820955
USkMa4Evv7U$_$7,0.90238893
USkMa4Evv7U$_$6,0.563648
UTErYLpdAY0$_$1,0.82774526
UcV-bpksJi0$_$3,0.21266659
UcV-bpksJi0$_$5,-0.023188092
UcV-bpksJi0$_$4,0.6553319
UiurP5k-f1A$_$1,0.72121894
UiurP5k-f1A$_$2,0.78249586
UiurP5k-f1A$_$4,1.054218
UjqA6KVW2m8$_$11,0.4222061
UjqA6KVW2m8$_$10,0.050034493
UjqA6KVW2m8$_$0,-0.12946038
UjqA6KVW2m8$_$3,-0.015800992
UjqA6KVW2m8$_$2,-0.25941122
UjqA6KVW2m8$_$5,0.43180528
UjqA6KVW2m8$_$4,0.82726777
UjqA6KVW2m8$_$7,-0.08631019
UjqA6KVW2m8$_$9,1.1596603
UjqA6KVW2m8$_$8,0.71963674
Uu_XyXyKHAk$_$10,-0.8435178
UweZVaFqruU$_$1,0.44775108
UweZVaFqruU$_$3,0.36197385
UweZVaFqruU$_$2,0.4432594
UweZVaFqruU$_$5,0.44709307
UweZVaFqruU$_$4,0.5612239
UweZVaFqruU$_$7,0.79826665
UweZVaFqruU$_$6,0.22890192
UweZVaFqruU$_$9,0.8606554
UweZVaFqruU$_$8,0.8563632
V0SvSPkiJUY$_$10,-0.1843582
V0SvSPkiJUY$_$12,0.06370672
V0SvSPkiJUY$_$1,-0.006488206
V0SvSPkiJUY$_$0,0.20739853
V0SvSPkiJUY$_$3,-0.04992213
V0SvSPkiJUY$_$2,-1.0648305
V0SvSPkiJUY$_$5,0.053550996
V0SvSPkiJUY$_$4,-0.99725366
V0SvSPkiJUY$_$9,-0.0635772
V27mmEkN80g$_$0,0.44461393
V2X1NU5RkwY$_$1,0.4534474
V2X1NU5RkwY$_$0,0.17948818
V2X1NU5RkwY$_$3,0.112469316
V2X1NU5RkwY$_$2,0.05949139
V2X1NU5RkwY$_$5,0.4675014
V2X1NU5RkwY$_$7,0.46967965
V2X1NU5RkwY$_$6,0.27731588
V7OFSHYcQD0$_$8,-0.3081376
VDkBM0ZG4q8$_$10,0.20080343
VDkBM0ZG4q8$_$1,0.34320787
VDkBM0ZG4q8$_$0,0.009089505
VDkBM0ZG4q8$_$3,0.6183244
VDkBM0ZG4q8$_$2,-0.14001204
VDkBM0ZG4q8$_$5,0.40656695
VDkBM0ZG4q8$_$4,0.20496276
VDkBM0ZG4q8$_$7,0.4699426
VDkBM0ZG4q8$_$6,0.25734773
VIVkYG31Oas$_$0,0.3374241
VLQgw-88v4Q$_$11,1.2558255
VLQgw-88v4Q$_$10,0.99583113
VLQgw-88v4Q$_$0,1.0591743
VLQgw-88v4Q$_$3,0.83430976
VLQgw-88v4Q$_$2,1.1579045
VLQgw-88v4Q$_$7,1.270117
VLQgw-88v4Q$_$6,1.1703777
VLQgw-88v4Q$_$9,0.9446595
VLQgw-88v4Q$_$8,0.8902235
VS7xSvno7NA$_$11,0.56406593
VS7xSvno7NA$_$13,0.40463027
VS7xSvno7NA$_$12,0.642171
VS7xSvno7NA$_$1,0.21833235
VS7xSvno7NA$_$5,-0.019117944
VS7xSvno7NA$_$7,0.09541422
VS7xSvno7NA$_$6,0.23814294
VS7xSvno7NA$_$9,0.13792548
VVtx4IDsHZA$_$2,0.035809994
VXy21GwGs8o$_$0,0.18177426
VXy21GwGs8o$_$2,1.1781225
Vdf1McvE9ao$_$11,0.12796372
Vdf1McvE9ao$_$10,-0.015035831
Vdf1McvE9ao$_$15,-0.14014567
Vdf1McvE9ao$_$14,-0.0062442906
Vdf1McvE9ao$_$17,0.21718845
Vdf1McvE9ao$_$16,-0.16817257
Vdf1McvE9ao$_$19,-0.516815
Vdf1McvE9ao$_$18,0.060039088
Vdf1McvE9ao$_$0,0.8193983
Vdf1McvE9ao$_$2,0.5448334
Vdf1McvE9ao$_$5,0.7540711
Vdf1McvE9ao$_$7,0.2317498
Vdf1McvE9ao$_$9,-0.23881781
Vlas-mPydcg$_$11,1.0086069
Vlas-mPydcg$_$17,0.16690432
Vlas-mPydcg$_$19,0.119671896
Vlas-mPydcg$_$3,0.8693776
Vlas-mPydcg$_$5,0.2135947
Vlas-mPydcg$_$4,1.253423
VsXGwSZazwA$_$10,-0.11258388
VsXGwSZazwA$_$1,0.058374494
VsXGwSZazwA$_$0,0.24902919
VsXGwSZazwA$_$2,0.33627865
VsXGwSZazwA$_$4,0.113280445
VsXGwSZazwA$_$7,0.29479805
VsXGwSZazwA$_$6,0.2509062
VsXGwSZazwA$_$8,0.21767391
VwGPIUNayKM$_$1,0.41496077
VwGPIUNayKM$_$0,0.17332183
VwGPIUNayKM$_$3,0.6171018
VwGPIUNayKM$_$2,0.38319418
VwGPIUNayKM$_$5,0.17486534
VwGPIUNayKM$_$4,0.20794946
VwGPIUNayKM$_$7,0.19148698
VwGPIUNayKM$_$6,0.5972618
VwGPIUNayKM$_$8,0.82784235
W1CWpktWtTs$_$10,1.1924846
W1CWpktWtTs$_$1,0.6414538
W1CWpktWtTs$_$0,0.023797596
W1CWpktWtTs$_$3,0.26000646
W1CWpktWtTs$_$2,-0.90250516
W1CWpktWtTs$_$5,0.9004382
W1CWpktWtTs$_$4,0.706377
W1CWpktWtTs$_$7,0.7544862
W1CWpktWtTs$_$9,0.63477814
W1CWpktWtTs$_$8,0.25369403
WBA79Q3e_PU$_$0,0.47518322
WJM8u2I2rQ4$_$13,0.6029058
WJM8u2I2rQ4$_$5,0.4628641
WJM8u2I2rQ4$_$3,0.42582795
WQFRctNL8AA$_$0,0.040095255
WQFRctNL8AA$_$2,0.3336815
WbtsuXkaGeg$_$1,0.9115609
WbtsuXkaGeg$_$12,0.3354734
WfNiQBXmPw8$_$1,0.22999579
WfNiQBXmPw8$_$0,0.07967319
WfNiQBXmPw8$_$3,-0.096073285
WfNiQBXmPw8$_$2,0.36581028
WfNiQBXmPw8$_$5,-0.0007335227
WfNiQBXmPw8$_$4,-0.1555669
WfNiQBXmPw8$_$7,-0.10830771
WfNiQBXmPw8$_$6,0.07824038
WfNiQBXmPw8$_$9,0.1815431
WfNiQBXmPw8$_$8,0.08738526
WgI8IbJtXHw$_$0,1.1589546
WgI8IbJtXHw$_$3,0.86216724
Wmhif6hmPTQ$_$3,0.10444552
Wmhif6hmPTQ$_$13,0.53374195
Wmhif6hmPTQ$_$16,0.6697948
WoL4fCxGd8Q$_$11,-0.0033174064
WoL4fCxGd8Q$_$10,0.3072751
WoL4fCxGd8Q$_$13,0.46208814
WoL4fCxGd8Q$_$12,0.60830355
WoL4fCxGd8Q$_$15,0.2578164
WoL4fCxGd8Q$_$14,0.13271692
WoL4fCxGd8Q$_$17,0.7886431
WoL4fCxGd8Q$_$1,0.8462334
WoL4fCxGd8Q$_$0,0.61517304
WoL4fCxGd8Q$_$2,0.7377932
WoL4fCxGd8Q$_$5,0.40342364
WoL4fCxGd8Q$_$7,-1.1282369
WoL4fCxGd8Q$_$8,1.034292
Wu-wQTmxRgo$_$2,0.67058384
Wu-wQTmxRgo$_$4,0.5626458
WuaoxGAKue0$_$7,-0.2676907
X2Hs89fZ2-c$_$13,0.1727211
X2Hs89fZ2-c$_$27,0.20005065
X2Hs89fZ2-c$_$20,0.3007461
X2Hs89fZ2-c$_$21,0.70903736
X2Hs89fZ2-c$_$22,0.394618
X2Hs89fZ2-c$_$16,0.3576502
X2Hs89fZ2-c$_$19,0.5895678
X2Hs89fZ2-c$_$32,0.47677907
X2Hs89fZ2-c$_$31,0.28803724
X2Hs89fZ2-c$_$30,0.44501445
X2Hs89fZ2-c$_$28,0.31205988
X2Hs89fZ2-c$_$1,0.41962117
X2Hs89fZ2-c$_$0,0.3166566
X2Hs89fZ2-c$_$3,0.35186264
X2Hs89fZ2-c$_$2,0.20042981
X2Hs89fZ2-c$_$5,0.5405333
X2Hs89fZ2-c$_$4,0.31500772
X2Hs89fZ2-c$_$7,0.29790142
X2Hs89fZ2-c$_$6,0.4993628
X2Hs89fZ2-c$_$9,0.34243986
X2Hs89fZ2-c$_$14,0.54506046
X6N7UEFJLNY$_$0,0.21021736
X6N7UEFJLNY$_$3,0.34966287
X6N7UEFJLNY$_$2,0.12398921
X6N7UEFJLNY$_$5,1.440522
X6N7UEFJLNY$_$4,0.35955086
XDVit9ASVUg$_$3,-0.16151275
XDVit9ASVUg$_$2,0.17349193
XKyumlBmix8$_$0,0.18605898
XKyumlBmix8$_$2,0.12657553
XKyumlBmix8$_$5,0.31811056
XKyumlBmix8$_$4,0.08391929
XKyumlBmix8$_$9,0.08568742
XKyumlBmix8$_$8,-0.33786947
XLjpZUsFEXo$_$11,0.0897357
XLjpZUsFEXo$_$10,0.77384174
XLjpZUsFEXo$_$12,0.64581597
XLjpZUsFEXo$_$5,0.87175936
XLjpZUsFEXo$_$7,0.5615193
XVWiAArXYpE$_$11,-0.2779357
XVWiAArXYpE$_$13,0.11963774
XVWiAArXYpE$_$12,0.08380319
XVWiAArXYpE$_$0,-0.092114516
XVWiAArXYpE$_$3,0.016196532
XVWiAArXYpE$_$2,-0.45832002
XVWiAArXYpE$_$5,-0.004098935
XVWiAArXYpE$_$4,-0.37724683
XVWiAArXYpE$_$6,-0.2063643
XVWiAArXYpE$_$9,-0.0011608731
XWIp0zH3qDM$_$1,0.09120416
X_TusmBIlC0$_$9,0.32843307
X_TusmBIlC0$_$5,0.11954109
Xa086gxLJ3Y$_$12,0.21445835
Xa086gxLJ3Y$_$2,0.5240078
Xa086gxLJ3Y$_$4,0.13079068
XadAy93f1P8$_$0,0.4555634
XbkYA-iXUwA$_$1,0.4106855
XbkYA-iXUwA$_$0,0.34393087
XbkYA-iXUwA$_$2,0.6309898
XbkYA-iXUwA$_$5,0.38357338
XbkYA-iXUwA$_$4,-0.61613363
XlTYSOaZ_vM$_$1,0.848316
XlTYSOaZ_vM$_$0,0.939768
XrNaL-MTjXg$_$3,-0.11316398
XrNaL-MTjXg$_$2,0.20899369
XrNaL-MTjXg$_$4,0.37472898
XrNaL-MTjXg$_$7,-0.2070452
XrNaL-MTjXg$_$6,1.271817
Xy57UpKRNEo$_$0,0.2805479
Xy57UpKRNEo$_$2,0.6045574
Xy57UpKRNEo$_$5,0.73402494
Xy57UpKRNEo$_$4,0.1548928
Xy57UpKRNEo$_$7,0.074668586
Xy57UpKRNEo$_$6,0.21456994
Y2F51I-dzAg$_$1,0.0454814
Y2F51I-dzAg$_$0,-0.18613002
Y2F51I-dzAg$_$3,-0.0005681049
Y2F51I-dzAg$_$5,0.10234046
Y2F51I-dzAg$_$4,0.16204786
Y2F51I-dzAg$_$6,0.10678266
Y8dI1GTWCk4$_$10,0.12902121
Y8dI1GTWCk4$_$1,-0.07932919
Y8dI1GTWCk4$_$2,0.05346428
Y8dI1GTWCk4$_$5,0.5809741
Y8dI1GTWCk4$_$4,0.46259555
Y8dI1GTWCk4$_$7,0.05886908
Y8dI1GTWCk4$_$6,0.47469005
Y8dI1GTWCk4$_$8,0.22641662
YCEllKyaCrc$_$11,-0.70813555
YCEllKyaCrc$_$10,-0.1733632
YCEllKyaCrc$_$6,0.02966105
YCI-ZzclIPQ$_$2,0.3577834
YLK58srjhNI$_$1,-0.20571797
YLK58srjhNI$_$8,-0.29088372
YLK58srjhNI$_$3,0.73342437
YLK58srjhNI$_$2,0.15261571
YLK58srjhNI$_$4,1.1236799
YQZPnHZRp1w$_$1,0.36417133
YUNxD04EvfE$_$11,0.25308752
YUNxD04EvfE$_$10,0.54945564
YUNxD04EvfE$_$15,0.7529123
YUNxD04EvfE$_$14,0.58400404
YUNxD04EvfE$_$1,0.2583131
YUNxD04EvfE$_$0,0.7073525
YUNxD04EvfE$_$2,0.7369964
YUNxD04EvfE$_$4,0.2027236
YUNxD04EvfE$_$6,0.0058082957
YUNxD04EvfE$_$9,0.8263733
YgyeyooSz0g$_$4,0.7651675
YsMM_1R1vtw$_$10,-0.2828204
YsMM_1R1vtw$_$2,0.73931336
YsMM_1R1vtw$_$0,0.43271875
YsMM_1R1vtw$_$4,0.8556634
YsMM_1R1vtw$_$6,0.7175095
Z4iYSMMMycQ$_$0,0.22106795
Z4iYSMMMycQ$_$4,0.78172904
ZHUFlEgKk-w$_$1,0.21617848
ZHUFlEgKk-w$_$0,-0.060026057
ZHUFlEgKk-w$_$3,1.0334456
ZHUFlEgKk-w$_$4,0.93306935
ZKErPftd--w$_$11,0.80233514
ZKErPftd--w$_$10,0.7551234
ZKErPftd--w$_$1,0.13607605
ZKErPftd--w$_$0,-0.1120528
ZKErPftd--w$_$3,0.15583262
ZKErPftd--w$_$5,0.10497907
ZKErPftd--w$_$4,0.29731646
ZKErPftd--w$_$7,-0.051102422
ZKErPftd--w$_$6,1.2420896
ZKErPftd--w$_$9,-0.37619594
ZKKNd0zR8Io$_$5,-0.038529336
ZKZ8UjaQQT4$_$8,0.6879997
ZKZ8UjaQQT4$_$7,0.5069516
ZS1Nb0OWYNE$_$11,0.98439455
ZS1Nb0OWYNE$_$10,1.3749563
ZS1Nb0OWYNE$_$13,1.141882
ZS1Nb0OWYNE$_$12,1.3334037
ZS1Nb0OWYNE$_$15,1.434473
ZS1Nb0OWYNE$_$14,1.0289943
ZS1Nb0OWYNE$_$16,1.5112872
ZS1Nb0OWYNE$_$1,0.4683893
ZS1Nb0OWYNE$_$0,0.48219308
ZS1Nb0OWYNE$_$3,0.5078796
ZS1Nb0OWYNE$_$2,1.0558445
ZS1Nb0OWYNE$_$5,-0.0871921
ZS1Nb0OWYNE$_$4,0.72882766
ZS1Nb0OWYNE$_$7,0.8339263
ZS1Nb0OWYNE$_$9,1.2523947
ZS1Nb0OWYNE$_$8,0.52295345
Zb7bdrjWyEY$_$3,-0.31829268
ZcFzcd4ZoMg$_$10,0.2809959
ZcFzcd4ZoMg$_$0,0.7194793
ZcFzcd4ZoMg$_$3,0.036217846
ZcFzcd4ZoMg$_$5,0.3974026
ZcFzcd4ZoMg$_$4,0.07646958
ZcFzcd4ZoMg$_$7,1.4032071
ZcFzcd4ZoMg$_$6,0.3445159
ZcFzcd4ZoMg$_$8,0.32257888
ZeH7gZw94k0$_$1,0.77736574
ZsLrKF7_Oos$_$1,-0.031302333
ZsLrKF7_Oos$_$0,0.7981354
ZtocGyL3Tfc$_$11,0.49463913
ZtocGyL3Tfc$_$24,0.59976935
ZtocGyL3Tfc$_$13,0.34712845
ZtocGyL3Tfc$_$12,0.30185863
ZtocGyL3Tfc$_$20,0.12643698
ZtocGyL3Tfc$_$14,0.28154096
ZtocGyL3Tfc$_$17,0.14177155
ZtocGyL3Tfc$_$10,0.47313365
ZtocGyL3Tfc$_$1,1.035429
ZtocGyL3Tfc$_$3,0.77697504
ZtocGyL3Tfc$_$2,0.01045231
ZtocGyL3Tfc$_$7,0.24072322
ZtocGyL3Tfc$_$6,0.86630225
ZtocGyL3Tfc$_$9,0.7671086
ZtocGyL3Tfc$_$8,0.73678505
ZznoGQVwTtw$_$1,-0.59030205
ZznoGQVwTtw$_$3,0.987911
ZznoGQVwTtw$_$2,1.0458189
ZznoGQVwTtw$_$5,0.4626046
ZznoGQVwTtw$_$4,0.6501435
ZznoGQVwTtw$_$7,0.854516
ZznoGQVwTtw$_$6,1.0067906
ZznoGQVwTtw$_$8,0.042070232
_0efYOjQYRc$_$3,0.6620234
_0efYOjQYRc$_$4,0.53149855
_1nvuNk7EFY$_$11,0.48089656
_1nvuNk7EFY$_$10,-0.19509795
_1nvuNk7EFY$_$13,0.34489182
_1nvuNk7EFY$_$12,0.73789066
_1nvuNk7EFY$_$20,0.5647616
_1nvuNk7EFY$_$21,0.21319373
_1nvuNk7EFY$_$16,0.43639222
_1nvuNk7EFY$_$19,0.20945537
_1nvuNk7EFY$_$18,-0.04222584
_1nvuNk7EFY$_$5,0.33688462
_1nvuNk7EFY$_$17,-0.12568735
_1nvuNk7EFY$_$6,-0.22527084
_1nvuNk7EFY$_$8,0.6931859
_OmWVs0-6UM$_$0,0.22757253
_OmWVs0-6UM$_$3,0.9980614
_OmWVs0-6UM$_$2,1.0467308
_OmWVs0-6UM$_$5,0.9816191
_WA0HtVEe8U$_$0,0.3305109
_aJghSQmxD8$_$12,0.23046806
_aJghSQmxD8$_$7,0.112585306
_aJghSQmxD8$_$6,0.26818076
_on_E-ZWy0I$_$20,-0.2915922
_on_E-ZWy0I$_$21,1.0921814
_on_E-ZWy0I$_$22,0.84718263
_on_E-ZWy0I$_$1,0.03662558
_on_E-ZWy0I$_$0,-0.5353815
_on_E-ZWy0I$_$3,0.17397888
_on_E-ZWy0I$_$2,0.44868192
_on_E-ZWy0I$_$5,-0.2570293
_on_E-ZWy0I$_$4,0.21524915
_on_E-ZWy0I$_$7,0.4090082
_on_E-ZWy0I$_$6,0.19345994
_on_E-ZWy0I$_$9,0.5794884
_on_E-ZWy0I$_$8,0.2179256
_on_E-ZWy0I$_$11,0.052018598
_on_E-ZWy0I$_$10,0.10520597
_on_E-ZWy0I$_$13,-0.23200032
_on_E-ZWy0I$_$12,0.6826256
_on_E-ZWy0I$_$15,0.33057532
_on_E-ZWy0I$_$14,0.12480833
_on_E-ZWy0I$_$17,0.490463
_on_E-ZWy0I$_$16,0.37108633
_on_E-ZWy0I$_$19,0.09361229
_on_E-ZWy0I$_$18,0.2910936
_q7DM8WkzAQ$_$15,1.3002839
_q7DM8WkzAQ$_$17,0.83342427
_q7DM8WkzAQ$_$3,0.52423906
_q7DM8WkzAQ$_$2,-0.1270159
_q7DM8WkzAQ$_$4,0.6628009
_q7DM8WkzAQ$_$9,0.4875469
a4PHWxILDp0$_$11,-0.02950248
a4PHWxILDp0$_$10,-0.9152689
a4PHWxILDp0$_$13,0.300213
a4PHWxILDp0$_$15,-0.34473506
a4PHWxILDp0$_$17,0.2681673
a4PHWxILDp0$_$16,0.2616267
a4PHWxILDp0$_$19,-0.3670416
a4PHWxILDp0$_$0,-0.00070482865
a4PHWxILDp0$_$2,-0.22392651
a4PHWxILDp0$_$4,0.6791065
a4PHWxILDp0$_$7,0.012851888
a4PHWxILDp0$_$6,0.18876031
a4PHWxILDp0$_$9,0.21157643
a4PHWxILDp0$_$8,-0.13526501
a8UMRrUjavI$_$10,0.34258094
a8UMRrUjavI$_$3,0.12833011
a8UMRrUjavI$_$2,-0.0066059455
a8UMRrUjavI$_$5,-0.6238805
a8UMRrUjavI$_$9,0.31510153
a8UMRrUjavI$_$8,0.1265889
aa0J1AXSseY$_$1,1.121911
aa0J1AXSseY$_$0,0.5632613
aa0J1AXSseY$_$3,1.2794788
aa0J1AXSseY$_$2,1.4017584
absh1hsZeF0$_$2,0.20749451
absh1hsZeF0$_$5,0.79549396
absh1hsZeF0$_$4,0.5086063
absh1hsZeF0$_$7,1.1694578
absh1hsZeF0$_$6,0.43791175
ahG9c_uaf8s$_$1,1.0667161
ahG9c_uaf8s$_$0,1.0168078
ahG9c_uaf8s$_$3,0.65012836
ahG9c_uaf8s$_$4,0.5563383
an_GzG40hcE$_$0,0.89302516
an_GzG40hcE$_$13,1.406508
an_GzG40hcE$_$2,1.133214
an_GzG40hcE$_$15,1.1959648
an_GzG40hcE$_$7,-0.2532116
b86B3hP8ARM$_$11,0.21574202
b86B3hP8ARM$_$5,0.38661572
b92iw0OAnI4$_$1,-0.44029954
b92iw0OAnI4$_$3,0.30979547
b92iw0OAnI4$_$7,0.68704414
bCBMKwafZKY$_$1,0.8385581
bNQOeiAotbk$_$10,1.5745322
bNQOeiAotbk$_$1,0.5186087
bNQOeiAotbk$_$0,1.2954997
bNQOeiAotbk$_$3,1.0472965
bNQOeiAotbk$_$2,1.3774488
bNQOeiAotbk$_$5,0.62899745
bNQOeiAotbk$_$4,0.40639552
bNQOeiAotbk$_$7,0.3602552
bNQOeiAotbk$_$6,1.018426
bNQOeiAotbk$_$9,1.0446109
bNQOeiAotbk$_$8,0.242167
bWmrrWQOVCM$_$10,0.76162934
bWmrrWQOVCM$_$13,0.510218
bWmrrWQOVCM$_$2,0.3031596
bdFCD-3BCRg$_$24,1.1938267
bdFCD-3BCRg$_$25,1.4510572
bdFCD-3BCRg$_$20,0.3265747
bdFCD-3BCRg$_$21,0.5431733
bdFCD-3BCRg$_$22,0.8836876
bdFCD-3BCRg$_$23,0.6340599
bdFCD-3BCRg$_$1,0.8078724
bdFCD-3BCRg$_$0,1.4201145
bdFCD-3BCRg$_$3,1.3834274
bdFCD-3BCRg$_$2,1.1035554
bdFCD-3BCRg$_$5,0.58528733
bdFCD-3BCRg$_$4,0.48135325
bdFCD-3BCRg$_$7,0.4036906
bdFCD-3BCRg$_$6,0.6345289
bdFCD-3BCRg$_$9,0.40796828
bdFCD-3BCRg$_$8,0.27818295
bdFCD-3BCRg$_$11,0.67821
bdFCD-3BCRg$_$10,0.51183236
bdFCD-3BCRg$_$13,0.63235235
bdFCD-3BCRg$_$12,0.5335016
bdFCD-3BCRg$_$15,0.680628
bdFCD-3BCRg$_$14,0.62262404
bdFCD-3BCRg$_$17,0.9358602
bdFCD-3BCRg$_$16,0.13178748
bdFCD-3BCRg$_$19,0.5367707
bdFCD-3BCRg$_$18,0.5779176
bkX5FOX22Tw$_$1,0.42573375
bkX5FOX22Tw$_$0,0.22462326
bkX5FOX22Tw$_$2,0.22849074
bkX5FOX22Tw$_$5,0.04648465
bkX5FOX22Tw$_$4,0.5934162
bkX5FOX22Tw$_$7,0.19424725
bkX5FOX22Tw$_$6,0.44347504
bnzVR2ETQQ8$_$0,-0.18335879
bnzVR2ETQQ8$_$3,0.9032856
bnzVR2ETQQ8$_$2,0.39527488
bvycs3BXtx0$_$3,0.8939731
bvycs3BXtx0$_$2,0.33776286
c5VEvmutmVg$_$11,0.471482
c5VEvmutmVg$_$10,0.35135454
c5VEvmutmVg$_$13,0.27210116
c5VEvmutmVg$_$12,0.47313234
c5VEvmutmVg$_$15,0.2671922
c5VEvmutmVg$_$14,-0.04609674
c5VEvmutmVg$_$17,0.30153748
c5VEvmutmVg$_$16,0.2257931
c5VEvmutmVg$_$19,0.26539987
c5VEvmutmVg$_$18,0.31593478
c5VEvmutmVg$_$1,1.1758854
c5VEvmutmVg$_$0,0.9116839
c5VEvmutmVg$_$3,0.03907142
c5VEvmutmVg$_$2,0.28710023
c5VEvmutmVg$_$5,0.7865955
c5VEvmutmVg$_$4,1.3387699
c5VEvmutmVg$_$7,1.1287637
c5VEvmutmVg$_$6,0.99790883
c5VEvmutmVg$_$9,1.0476992
c5VEvmutmVg$_$8,1.6287485
c5zxqITn3ZM$_$1,0.5749958
c5zxqITn3ZM$_$3,0.3847421
c5zxqITn3ZM$_$5,-0.05623664
c5zxqITn3ZM$_$4,1.0849786
c5zxqITn3ZM$_$6,1.0992488
c5zxqITn3ZM$_$9,0.56613314
c5zxqITn3ZM$_$8,0.6350222
c9hE1ghElrM$_$1,0.71637905
c9hE1ghElrM$_$0,0.005904941
c9hE1ghElrM$_$3,-0.8146969
c9hE1ghElrM$_$2,-0.0055371076
c9hE1ghElrM$_$4,0.09959376
cW-aX4dPVfk$_$24,1.0099733
cW-aX4dPVfk$_$25,0.049764052
cW-aX4dPVfk$_$26,1.9095984
cW-aX4dPVfk$_$27,0.5016842
cW-aX4dPVfk$_$20,-0.25842214
cW-aX4dPVfk$_$21,0.7089895
cW-aX4dPVfk$_$22,1.8229309
cW-aX4dPVfk$_$23,0.087192155
cW-aX4dPVfk$_$29,-0.8710197
cW-aX4dPVfk$_$40,0.6716633
cW-aX4dPVfk$_$41,0.2857889
cW-aX4dPVfk$_$1,-0.38873813
cW-aX4dPVfk$_$0,0.47489998
cW-aX4dPVfk$_$3,0.43752977
cW-aX4dPVfk$_$2,0.16779877
cW-aX4dPVfk$_$5,0.1091083
cW-aX4dPVfk$_$4,0.31874695
cW-aX4dPVfk$_$7,0.2822377
cW-aX4dPVfk$_$6,0.12309399
cW-aX4dPVfk$_$9,-1.031476
cW-aX4dPVfk$_$8,0.5024091
cW-aX4dPVfk$_$39,0.42605808
cW-aX4dPVfk$_$38,0.79597616
cW-aX4dPVfk$_$11,0.55485386
cW-aX4dPVfk$_$10,-0.3507915
cW-aX4dPVfk$_$13,0.6053436
cW-aX4dPVfk$_$12,0.3822774
cW-aX4dPVfk$_$15,-0.66097045
cW-aX4dPVfk$_$14,0.102920055
cW-aX4dPVfk$_$19,0.28648752
cW-aX4dPVfk$_$32,0.9087018
cW-aX4dPVfk$_$31,0.067062855
cW-aX4dPVfk$_$30,1.486106
cW-aX4dPVfk$_$37,0.9545052
cW-aX4dPVfk$_$36,-0.17984897
cW-aX4dPVfk$_$35,0.5361476
cW-aX4dPVfk$_$34,-0.40461007
cW-aX4dPVfk$_$33,1.2529893
cX8FScpsfLE$_$1,-0.0016324446
cX8FScpsfLE$_$0,0.6452294
cY8DcaHXNNs$_$9,0.77792025
cY8DcaHXNNs$_$5,0.91695076
cY8DcaHXNNs$_$4,0.9246083
cia8OM3Oe7Q$_$0,1.2281284
cml9rShionM$_$11,0.35148957
cml9rShionM$_$10,0.1945699
cml9rShionM$_$14,0.7144021
cml9rShionM$_$3,1.2035474
cml9rShionM$_$5,0.17903732
cml9rShionM$_$7,0.4761245
cml9rShionM$_$8,0.38097066
cn0WZ8-0Z1Y$_$10,-0.25795808
cn0WZ8-0Z1Y$_$3,0.20133698
cn0WZ8-0Z1Y$_$2,-0.113481954
cn0WZ8-0Z1Y$_$5,-0.12691674
cn0WZ8-0Z1Y$_$4,-0.06745608
cn0WZ8-0Z1Y$_$7,0.16336647
cn0WZ8-0Z1Y$_$6,-0.047891498
cn0WZ8-0Z1Y$_$9,-0.23808739
cn0WZ8-0Z1Y$_$8,0.12906957
ctAZf4sMBUQ$_$1,0.54450345
ctAZf4sMBUQ$_$8,0.9235412
ctAZf4sMBUQ$_$0,0.9907174
d-Uw_uZyUys$_$1,0.7593868
d-Uw_uZyUys$_$0,-0.010008914
d-Uw_uZyUys$_$2,0.6759213
d-Uw_uZyUys$_$7,0.5062417
d-Uw_uZyUys$_$6,0.290265
d1CDP6sMuLA$_$11,0.53554654
d1CDP6sMuLA$_$10,-0.4078078
d1CDP6sMuLA$_$12,0.26556072
d1CDP6sMuLA$_$15,0.9022691
d1CDP6sMuLA$_$14,0.347397
d1CDP6sMuLA$_$19,1.5083456
d1CDP6sMuLA$_$18,1.3975322
d1CDP6sMuLA$_$1,0.72661924
d1CDP6sMuLA$_$3,1.6617007
d1CDP6sMuLA$_$4,1.3861812
d1CDP6sMuLA$_$6,0.20558575
d1CDP6sMuLA$_$9,-0.21753918
d1CDP6sMuLA$_$8,-0.13192731
dHk--ExZbHs$_$0,0.8324467
dHk--ExZbHs$_$7,0.9430758
dHk--ExZbHs$_$6,0.9662505
dHk--ExZbHs$_$8,0.60264045
dR68gbeOWOc$_$1,0.5359067
dR68gbeOWOc$_$3,0.53422654
dTcz1am1eUw$_$0,0.9688072
dTcz1am1eUw$_$3,0.7153079
dTcz1am1eUw$_$2,1.1403227
ddWHTdJz2O8$_$1,0.7559489
ddWHTdJz2O8$_$0,0.9389094
ddWHTdJz2O8$_$2,0.6717572
dlE05KC95uk$_$11,0.14304341
dlE05KC95uk$_$12,0.24526146
dlE05KC95uk$_$15,1.1141645
dlE05KC95uk$_$14,1.2738718
dlE05KC95uk$_$17,-0.022745416
dlE05KC95uk$_$18,0.46062765
dlE05KC95uk$_$2,0.23994768
dlE05KC95uk$_$5,0.36907777
dlE05KC95uk$_$9,0.1543181
dxsPkcG-Q30$_$0,0.41692796
dxsPkcG-Q30$_$3,0.9870745
eD5cScqaf6c$_$1,0.8867339
eD5cScqaf6c$_$0,0.9963181
eD5cScqaf6c$_$3,0.81755114
eE8Qr9fOvVA$_$3,0.9966823
eE8Qr9fOvVA$_$2,0.06540317
eE8Qr9fOvVA$_$5,0.23277113
eE8Qr9fOvVA$_$7,-0.26783776
eFV7iFPYZB4$_$10,0.12878153
eFV7iFPYZB4$_$13,0.45056286
eFV7iFPYZB4$_$12,0.46990073
eFV7iFPYZB4$_$14,0.2206308
eFV7iFPYZB4$_$1,0.3846443
eFV7iFPYZB4$_$3,0.13110211
eFV7iFPYZB4$_$5,0.7776867
eFV7iFPYZB4$_$4,1.2411581
eFV7iFPYZB4$_$7,0.77018034
eFV7iFPYZB4$_$6,0.451546
eFV7iFPYZB4$_$9,0.15104675
eFV7iFPYZB4$_$8,-0.09703666
eJfT7-dDqzA$_$3,0.30431864
eJfT7-dDqzA$_$2,0.81982386
eJfT7-dDqzA$_$5,0.58109736
eJfT7-dDqzA$_$4,-0.1170973
eJfT7-dDqzA$_$7,0.68058354
eJfT7-dDqzA$_$6,0.20953321
eJfT7-dDqzA$_$8,0.2818711
eKQKEi2-0Ws$_$0,0.106575534
eQc5uI7FKCU$_$1,0.19054487
eQc5uI7FKCU$_$0,0.2624285
eQc5uI7FKCU$_$3,0.13841724
eQc5uI7FKCU$_$5,0.48764512
eQc5uI7FKCU$_$4,0.31218472
eQc5uI7FKCU$_$6,0.47738048
eREud0qYR3s$_$5,0.9972278
eREud0qYR3s$_$7,0.89086545
eUwbRLhV1vs$_$0,0.26219648
ehZrOdw6PhA$_$1,0.47127745
ehZrOdw6PhA$_$0,0.09697495
ehZrOdw6PhA$_$4,-0.04372085
ex-dKshlXoY$_$11,0.022655377
ex-dKshlXoY$_$8,0.6726197
ex-dKshlXoY$_$6,-0.018595507
ey1lr8wFFDc$_$1,0.45061907
ey1lr8wFFDc$_$0,0.58772564
ey1lr8wFFDc$_$3,0.2734011
ey1lr8wFFDc$_$2,0.2620543
ezuWKsxPRSM$_$1,1.5526192
ezuWKsxPRSM$_$0,0.7117096
ezuWKsxPRSM$_$2,0.29754695
ezuWKsxPRSM$_$6,0.4428464
f-VdKweez2U$_$8,1.0859952
f-VdKweez2U$_$2,1.1254363
f-VdKweez2U$_$4,0.8882524
f-VdKweez2U$_$7,0.38885078
f-VdKweez2U$_$0,0.7990124
f8Puta8k8fU$_$1,-0.5788252
fT6SrlsWV7M$_$11,0.15093496
fT6SrlsWV7M$_$10,0.25506684
fT6SrlsWV7M$_$13,-0.5264876
fT6SrlsWV7M$_$12,0.35892025
fT6SrlsWV7M$_$1,-0.19112265
fT6SrlsWV7M$_$0,0.13978487
fT6SrlsWV7M$_$3,0.11627644
fT6SrlsWV7M$_$2,0.028897235
fT6SrlsWV7M$_$4,0.252337
fT6SrlsWV7M$_$7,-0.058088385
fT6SrlsWV7M$_$6,0.052125067
fU5AYkq0m9k$_$1,0.60764486
fU5AYkq0m9k$_$0,0.4781638
fU5AYkq0m9k$_$3,-0.08812637
fU5AYkq0m9k$_$4,-0.10800149
fVCDn6SdtVM$_$3,0.38716033
fVCDn6SdtVM$_$2,0.36918885
fVCDn6SdtVM$_$5,0.5489329
fWAKek8jA5M$_$0,-1.0051874
fWAKek8jA5M$_$3,0.084864885
fWAKek8jA5M$_$5,-0.03234253
fWAKek8jA5M$_$4,-0.05623778
fWAKek8jA5M$_$7,0.15499097
fWAKek8jA5M$_$6,0.9347257
fWAKek8jA5M$_$9,-0.12767766
fWAKek8jA5M$_$8,0.15110667
faUvT7zfsyk$_$3,0.86867213
faUvT7zfsyk$_$2,0.1549077
faUvT7zfsyk$_$6,0.6656323
fcxbB7ybUfs$_$9,0.37693363
fcxbB7ybUfs$_$3,0.8469363
fcxbB7ybUfs$_$5,0.5590825
fdc7iyzKvFQ$_$0,0.43983135
fdc7iyzKvFQ$_$3,0.0067615155
fdc7iyzKvFQ$_$2,0.7696949
fhADeWE5VgU$_$1,1.0380654
fhADeWE5VgU$_$3,0.17735532
fhADeWE5VgU$_$2,0.16075262
fhADeWE5VgU$_$5,0.97327876
frCWtiam4tE$_$1,0.5529578
frCWtiam4tE$_$0,0.27689192
frCWtiam4tE$_$2,0.8176187
frCWtiam4tE$_$6,0.0053001475
fsBzpr4k3rY$_$0,-0.09008831
fsd1qPLA3kY$_$1,0.65939075
fsd1qPLA3kY$_$8,0.41091987
fsd1qPLA3kY$_$16,0.49987206
fz-MzQcOBwQ$_$11,0.115144596
fz-MzQcOBwQ$_$10,1.2006917
fz-MzQcOBwQ$_$12,1.0259665
fz-MzQcOBwQ$_$1,0.8039478
fz-MzQcOBwQ$_$0,1.0071986
fz-MzQcOBwQ$_$3,0.38324508
fz-MzQcOBwQ$_$2,0.6922859
fz-MzQcOBwQ$_$5,0.37367424
fz-MzQcOBwQ$_$4,-0.666126
fz-MzQcOBwQ$_$7,0.90386766
fz-MzQcOBwQ$_$6,0.82027555
fz-MzQcOBwQ$_$9,0.08531483
fz-MzQcOBwQ$_$8,0.31316724
g6VJg6ycUk0$_$1,0.50681424
gE7kUqMqQ9g$_$3,0.17078501
gE7kUqMqQ9g$_$2,-0.38118532
gJjkCPO7iXg$_$1,1.0242268
gJjkCPO7iXg$_$0,0.44631785
gJjkCPO7iXg$_$3,0.9743931
gJjkCPO7iXg$_$2,0.52426976
gKojBrXHhUc$_$12,0.3551165
gKojBrXHhUc$_$14,0.7523372
gL8h7lOPv1Q$_$11,0.13509108
gL8h7lOPv1Q$_$10,0.27039486
gL8h7lOPv1Q$_$13,0.22115304
gL8h7lOPv1Q$_$15,-0.064993195
gL8h7lOPv1Q$_$14,0.022753397
gL8h7lOPv1Q$_$28,-0.0043087434
gL8h7lOPv1Q$_$2,0.21802628
gL8h7lOPv1Q$_$7,0.1343477
gL8h7lOPv1Q$_$9,0.1982069
gL8h7lOPv1Q$_$8,0.6760973
gLTxaEcx41E$_$11,0.39670184
gLTxaEcx41E$_$10,0.015669404
gLTxaEcx41E$_$12,0.39484543
gLTxaEcx41E$_$1,0.22615993
gLTxaEcx41E$_$3,0.95385385
gLTxaEcx41E$_$2,0.14408913
gLTxaEcx41E$_$5,0.5822653
gLTxaEcx41E$_$4,0.016505739
gLTxaEcx41E$_$7,0.7447387
gLTxaEcx41E$_$6,0.81023854
gLTxaEcx41E$_$9,0.564234
gLTxaEcx41E$_$8,0.38184017
gR3igiwaeyc$_$10,0.3762554
gR3igiwaeyc$_$1,0.8030848
gR3igiwaeyc$_$0,0.5441377
gR3igiwaeyc$_$3,0.09038075
gR3igiwaeyc$_$2,0.27520043
gR3igiwaeyc$_$4,-0.0021607596
gR3igiwaeyc$_$7,0.65022963
gR3igiwaeyc$_$6,0.31815818
gR3igiwaeyc$_$9,0.16403365
gcFECfN4BCU$_$24,1.1647744
gcFECfN4BCU$_$20,0.27299747
gcFECfN4BCU$_$21,0.88442624
gcFECfN4BCU$_$22,1.8653123
gcFECfN4BCU$_$23,1.1031215
gcFECfN4BCU$_$1,0.5423404
gcFECfN4BCU$_$0,0.78919137
gcFECfN4BCU$_$3,0.6171603
gcFECfN4BCU$_$5,0.38712448
gcFECfN4BCU$_$4,0.64949524
gcFECfN4BCU$_$7,1.2440546
gcFECfN4BCU$_$6,0.21442065
gcFECfN4BCU$_$9,1.0357091
gcFECfN4BCU$_$8,1.1834098
gcFECfN4BCU$_$11,0.22432333
gcFECfN4BCU$_$10,1.0745697
gcFECfN4BCU$_$13,1.0850291
gcFECfN4BCU$_$12,0.47817376
gcFECfN4BCU$_$15,0.6965248
gcFECfN4BCU$_$14,0.24759772
gcFECfN4BCU$_$17,0.6482219
gcFECfN4BCU$_$16,0.5228925
gcFECfN4BCU$_$19,0.5714736
gcFECfN4BCU$_$18,1.4233778
gpn71-aKWwQ$_$1,0.70650685
gpn71-aKWwQ$_$0,0.72146237
gpn71-aKWwQ$_$2,0.68445706
grsV1YN1z5s$_$6,0.33006138
h1ZZHUU4j0k$_$20,0.25278598
h1ZZHUU4j0k$_$21,0.087419115
h1ZZHUU4j0k$_$22,0.69442064
h1ZZHUU4j0k$_$23,0.3089727
h1ZZHUU4j0k$_$0,1.0744507
h1ZZHUU4j0k$_$3,0.88051516
h1ZZHUU4j0k$_$2,0.14356358
h1ZZHUU4j0k$_$5,0.13996135
h1ZZHUU4j0k$_$4,-0.04809696
h1ZZHUU4j0k$_$6,0.62711996
h1ZZHUU4j0k$_$9,0.17509866
h1ZZHUU4j0k$_$8,0.3896455
h1ZZHUU4j0k$_$11,0.4649394
h1ZZHUU4j0k$_$10,0.3519403
h1ZZHUU4j0k$_$13,0.0868758
h1ZZHUU4j0k$_$12,0.90985984
h1ZZHUU4j0k$_$15,0.1660888
h1ZZHUU4j0k$_$14,0.14245823
h1ZZHUU4j0k$_$17,0.6306871
h1ZZHUU4j0k$_$16,0.08062304
h1ZZHUU4j0k$_$19,0.76258975
h1ZZHUU4j0k$_$18,1.0885646
hBzw4r0kfjA$_$8,-0.7654403
hBzw4r0kfjA$_$3,-0.11831592
hE-sA5umuCk$_$0,0.63907695
hE-sA5umuCk$_$2,1.3820901
hI7ObFqn9Bg$_$7,0.5394771
hbJfSyJKBEA$_$4,0.7631794
huzEsVEJPaY$_$10,0.27241528
iFxFTtCQ6zA$_$3,0.35534534
iFxFTtCQ6zA$_$6,0.77490157
iPPp6MCythU$_$11,0.100332424
iPPp6MCythU$_$10,0.53096867
iPPp6MCythU$_$16,0.5510965
iPPp6MCythU$_$1,1.1362724
iPPp6MCythU$_$0,0.28719023
iPPp6MCythU$_$3,-0.004088016
iPPp6MCythU$_$7,0.5017837
iPPp6MCythU$_$6,-0.20753399
iQDB_OkAQWs$_$4,0.020677486
iXiMifHNKPI$_$10,0.74700725
iXiMifHNKPI$_$13,-0.19278386
iXiMifHNKPI$_$14,0.51383257
iXiMifHNKPI$_$0,0.6848314
iXiMifHNKPI$_$3,0.3144853
iXiMifHNKPI$_$5,0.78839004
iXiMifHNKPI$_$7,0.2986326
iXiMifHNKPI$_$9,0.53459895
iXiMifHNKPI$_$8,0.30132946
ihPjsliqz5o$_$9,0.86378896
ihPjsliqz5o$_$2,0.85324645
ihPjsliqz5o$_$4,0.16034034
ihPjsliqz5o$_$7,0.0840271
j1m6ctAgjsM$_$42,0.402634
j1m6ctAgjsM$_$22,0.43201536
j1m6ctAgjsM$_$43,0.8320453
j1m6ctAgjsM$_$23,0.22912112
j1m6ctAgjsM$_$24,0.23868662
j1m6ctAgjsM$_$25,0.37616584
j1m6ctAgjsM$_$26,0.11300409
j1m6ctAgjsM$_$27,1.0022948
j1m6ctAgjsM$_$20,0.14829552
j1m6ctAgjsM$_$21,0.12838277
j1m6ctAgjsM$_$48,1.2049217
j1m6ctAgjsM$_$49,0.6565061
j1m6ctAgjsM$_$46,-0.14811967
j1m6ctAgjsM$_$47,0.9760021
j1m6ctAgjsM$_$44,-0.61357385
j1m6ctAgjsM$_$45,0.6816439
j1m6ctAgjsM$_$28,0.9773767
j1m6ctAgjsM$_$29,0.73809206
j1m6ctAgjsM$_$40,0.24261943
j1m6ctAgjsM$_$41,0.48733708
j1m6ctAgjsM$_$1,0.9168509
j1m6ctAgjsM$_$0,0.43415347
j1m6ctAgjsM$_$3,0.74743557
j1m6ctAgjsM$_$2,0.6883805
j1m6ctAgjsM$_$5,0.8119663
j1m6ctAgjsM$_$4,0.57212144
j1m6ctAgjsM$_$7,-0.4038008
j1m6ctAgjsM$_$6,0.13710588
j1m6ctAgjsM$_$9,-0.062082164
j1m6ctAgjsM$_$8,0.5425596
j1m6ctAgjsM$_$39,0.79329705
j1m6ctAgjsM$_$38,0.7574284
j1m6ctAgjsM$_$11,1.2405074
j1m6ctAgjsM$_$10,0.51710063
j1m6ctAgjsM$_$13,0.1437268
j1m6ctAgjsM$_$12,0.32166696
j1m6ctAgjsM$_$15,0.04388001
j1m6ctAgjsM$_$14,0.15356165
j1m6ctAgjsM$_$17,0.82335734
j1m6ctAgjsM$_$16,-0.015295537
j1m6ctAgjsM$_$19,0.28475586
j1m6ctAgjsM$_$18,-0.012831502
j1m6ctAgjsM$_$31,0.4983655
j1m6ctAgjsM$_$30,0.122899085
j1m6ctAgjsM$_$51,1.6122843
j1m6ctAgjsM$_$36,0.5701194
j1m6ctAgjsM$_$35,0.42627206
j1m6ctAgjsM$_$34,1.4533021
j1m6ctAgjsM$_$33,0.2584636
j1m6ctAgjsM$_$37,0.23357204
j1m6ctAgjsM$_$32,0.61662346
j1m6ctAgjsM$_$50,0.46452168
jE3gYsxr_5s$_$9,0.8668532
jE3gYsxr_5s$_$0,0.63673615
jE3gYsxr_5s$_$15,0.9284878
jLN6B0aSrW0$_$1,0.21106273
jLN6B0aSrW0$_$0,0.37668326
jLN6B0aSrW0$_$3,0.6541949
jLN6B0aSrW0$_$2,0.3836712
jLN6B0aSrW0$_$5,0.32483092
jPtaz1rN6lc$_$11,0.21761803
jPtaz1rN6lc$_$15,0.1975867
jPtaz1rN6lc$_$16,0.00856551
jPtaz1rN6lc$_$0,0.57151294
jXQmVFcOiUI$_$0,1.103607
jXQmVFcOiUI$_$3,-0.030999374
jXQmVFcOiUI$_$6,0.2793959
jZe-2w7pkd8$_$19,0.8610995
jZe-2w7pkd8$_$4,0.0265913
jZe-2w7pkd8$_$14,-0.65864986
jZe-2w7pkd8$_$16,0.03046825
jj8aSNPHMw8$_$13,-0.26846838
jj8aSNPHMw8$_$12,0.13052428
jj8aSNPHMw8$_$14,0.0017307792
jj8aSNPHMw8$_$17,1.395193
jj8aSNPHMw8$_$16,1.0831606
jj8aSNPHMw8$_$1,0.45218006
jj8aSNPHMw8$_$0,0.7483996
jj8aSNPHMw8$_$3,1.2033849
jj8aSNPHMw8$_$5,0.23953328
jj8aSNPHMw8$_$4,0.6750787
jj8aSNPHMw8$_$9,0.59926856
jj8aSNPHMw8$_$8,-0.13716674
jqutn5ou8_0$_$3,0.6011226
jqutn5ou8_0$_$2,1.0227697
jqutn5ou8_0$_$5,0.5690831
jqutn5ou8_0$_$7,1.4905431
jqutn5ou8_0$_$6,0.89422905
jqutn5ou8_0$_$8,1.0172935
jscKL5jS-SQ$_$24,0.7919117
jscKL5jS-SQ$_$10,-0.485312
jscKL5jS-SQ$_$13,-0.07979162
jscKL5jS-SQ$_$27,0.13364452
jscKL5jS-SQ$_$15,0.3427983
jscKL5jS-SQ$_$17,0.17798756
jscKL5jS-SQ$_$19,0.85403013
jscKL5jS-SQ$_$30,0.079564825
jscKL5jS-SQ$_$1,-0.25624168
jscKL5jS-SQ$_$0,0.37105215
jscKL5jS-SQ$_$5,-0.20369802
jscKL5jS-SQ$_$4,-0.10791172
jscKL5jS-SQ$_$6,0.019584792
k1BrzX5bc7U$_$1,0.090918556
k1BrzX5bc7U$_$3,0.5722631
k1BrzX5bc7U$_$4,0.36735222
k8yDywC4gt8$_$1,0.3199775
k8yDywC4gt8$_$3,1.1996621
k8yDywC4gt8$_$2,0.057419255
k8yDywC4gt8$_$4,0.946808
kI6jzM_aLGs$_$3,0.5885532
kI6jzM_aLGs$_$2,0.7251375
kLAXmTx2xOA$_$1,-0.100679636
kLAXmTx2xOA$_$4,0.38381153
kXhJ3hHK9hQ$_$10,0.40307453
kXhJ3hHK9hQ$_$0,0.14329022
kXhJ3hHK9hQ$_$3,0.119968414
kXhJ3hHK9hQ$_$4,0.14763674
kXhJ3hHK9hQ$_$7,0.06734322
kXhJ3hHK9hQ$_$6,0.044210225
kXiBdruxTvE$_$3,0.33011535
kXiBdruxTvE$_$2,0.72218406
kXiBdruxTvE$_$5,0.5799978
kXiBdruxTvE$_$4,1.1069413
kXiBdruxTvE$_$6,0.9504136
kaudsLIvYC8$_$1,0.62050503
kaudsLIvYC8$_$0,0.7157514
kaudsLIvYC8$_$3,0.8897307
kaudsLIvYC8$_$2,0.050461024
kbRtSmJM5aU$_$9,0.83853114
kbRtSmJM5aU$_$11,0.62563646
kg-W6-hP2Do$_$10,0.22234747
kg-W6-hP2Do$_$13,0.6378011
kg-W6-hP2Do$_$12,0.21148458
kg-W6-hP2Do$_$17,0.2206518
kg-W6-hP2Do$_$16,1.0344126
kg-W6-hP2Do$_$3,0.28033087
kg-W6-hP2Do$_$4,0.41462132
kg-W6-hP2Do$_$8,0.69014883
kld9r0iFkWM$_$1,0.4382267
kld9r0iFkWM$_$3,0.23301318
kld9r0iFkWM$_$2,0.22036183
kld9r0iFkWM$_$5,0.8132175
kmgsC68hIL8$_$11,-0.22683337
kmgsC68hIL8$_$1,1.0494184
kmgsC68hIL8$_$0,0.5286802
kmgsC68hIL8$_$3,0.13691051
kmgsC68hIL8$_$4,0.13467899
kmgsC68hIL8$_$9,0.26580116
kmgsC68hIL8$_$8,-0.45799753
kpS4BXif_Sw$_$11,-0.21119612
kpS4BXif_Sw$_$10,-0.19618806
kpS4BXif_Sw$_$13,0.13573952
kpS4BXif_Sw$_$12,-0.52430105
kpS4BXif_Sw$_$15,0.43558335
kpS4BXif_Sw$_$14,-0.50426525
kpS4BXif_Sw$_$17,0.59864795
kpS4BXif_Sw$_$16,-1.1375432
kpS4BXif_Sw$_$19,0.020375693
kpS4BXif_Sw$_$18,0.2219215
kpS4BXif_Sw$_$1,-0.33615267
kpS4BXif_Sw$_$0,0.62816596
kpS4BXif_Sw$_$3,0.63548017
kpS4BXif_Sw$_$2,0.45385733
kpS4BXif_Sw$_$5,-0.5216047
kpS4BXif_Sw$_$4,0.8384922
kpS4BXif_Sw$_$7,-1.3339199
kpS4BXif_Sw$_$6,0.42438844
kpS4BXif_Sw$_$9,-0.23198405
kpS4BXif_Sw$_$20,0.5096309
kpS4BXif_Sw$_$8,-0.17106165
ktblaVOnFVE$_$0,1.0182118
ktblaVOnFVE$_$3,0.3909449
ktblaVOnFVE$_$2,0.7324014
ktblaVOnFVE$_$5,0.41136107
ktblaVOnFVE$_$4,0.23565957
l0vCKpk6Aes$_$24,1.361711
l0vCKpk6Aes$_$13,-0.42484266
l0vCKpk6Aes$_$12,0.96661705
l0vCKpk6Aes$_$15,0.007629281
l0vCKpk6Aes$_$14,0.0774902
l0vCKpk6Aes$_$19,0.1276325
l0vCKpk6Aes$_$18,0.5079776
l0vCKpk6Aes$_$2,0.050654694
l0vCKpk6Aes$_$7,0.17473027
l0vCKpk6Aes$_$20,0.3427893
l1jW3OMXUzs$_$0,-0.010117872
l4oMbKDuW3Y$_$1,-0.46941584
l4oMbKDuW3Y$_$9,1.1095442
l4oMbKDuW3Y$_$3,-0.6919168
l4oMbKDuW3Y$_$5,0.14401898
l4oMbKDuW3Y$_$4,-0.12143524
lD4xtQ6NpDY$_$11,0.5904169
lD4xtQ6NpDY$_$10,0.67614913
lD4xtQ6NpDY$_$1,-1.2934972
lD4xtQ6NpDY$_$0,0.08562426
lD4xtQ6NpDY$_$3,-0.45816103
lD4xtQ6NpDY$_$2,-0.02474367
lD4xtQ6NpDY$_$5,0.026649276
lD4xtQ6NpDY$_$4,0.3936898
lD4xtQ6NpDY$_$7,0.8306593
lD4xtQ6NpDY$_$6,0.92141855
lD4xtQ6NpDY$_$9,0.62000424
lD4xtQ6NpDY$_$8,1.0142456
lO6N9dyvPTA$_$2,0.5989672
lYwgLa4R5XQ$_$10,-0.12474845
lYwgLa4R5XQ$_$1,0.21923608
lYwgLa4R5XQ$_$0,-0.042005304
lYwgLa4R5XQ$_$3,-0.15763095
lYwgLa4R5XQ$_$5,0.36465403
lYwgLa4R5XQ$_$4,0.26360473
lYwgLa4R5XQ$_$7,0.061087042
lYwgLa4R5XQ$_$6,0.89883566
lYwgLa4R5XQ$_$9,-0.38983396
lYwgLa4R5XQ$_$8,-0.46967086
lc5bSoGlQwY$_$1,0.13474888
lc5bSoGlQwY$_$8,0.5209537
lc5bSoGlQwY$_$9,-0.21284156
lc5bSoGlQwY$_$5,0.2678947
lc5bSoGlQwY$_$7,0.102348864
lkIe41StoGI$_$11,0.31374624
lkIe41StoGI$_$10,0.12065609
lkIe41StoGI$_$1,0.41771093
lkIe41StoGI$_$0,0.2854993
lkIe41StoGI$_$3,0.36180648
lkIe41StoGI$_$2,0.14247121
lkIe41StoGI$_$4,0.13064641
lkIe41StoGI$_$6,-0.18893489
lkIe41StoGI$_$9,0.8220127
lkIe41StoGI$_$8,0.09307204
lkeVfgI0eEk$_$1,-0.11481449
lkeVfgI0eEk$_$0,0.19754654
lkeVfgI0eEk$_$3,-0.75700605
lkeVfgI0eEk$_$2,-0.08266429
lkeVfgI0eEk$_$5,-0.2968627
lkeVfgI0eEk$_$4,0.89673036
lkeVfgI0eEk$_$7,-0.8155067
lkeVfgI0eEk$_$9,-0.19865972
lkeVfgI0eEk$_$8,-0.13450067
lrjm6F3JJgg$_$5,1.0181887
lwL4hjhkid4$_$1,0.27236834
lwL4hjhkid4$_$0,-0.007398447
lwL4hjhkid4$_$3,0.48566446
lwL4hjhkid4$_$5,-0.04157114
lwL4hjhkid4$_$6,0.34973136
lxBKEPIUSgc$_$1,-0.631905
lxBKEPIUSgc$_$2,0.008498909
m-7yRWZLwLY$_$1,0.73736644
m-7yRWZLwLY$_$0,0.14241558
m-7yRWZLwLY$_$3,0.7922999
m-7yRWZLwLY$_$2,0.14511034
mRqqH_gx7Q0$_$0,1.0528316
mRqqH_gx7Q0$_$2,1.1080382
mVnqP-vLpuo$_$10,0.11205092
mVnqP-vLpuo$_$1,0.25563508
mVnqP-vLpuo$_$0,0.68685615
mVnqP-vLpuo$_$3,0.21951908
mVnqP-vLpuo$_$2,0.051890783
mVnqP-vLpuo$_$5,0.98126054
mVnqP-vLpuo$_$4,0.31504527
mVnqP-vLpuo$_$7,0.1413313
mVnqP-vLpuo$_$6,0.41159973
mVnqP-vLpuo$_$9,0.35211042
mVnqP-vLpuo$_$8,0.96145535
mZ_8em_-CGc$_$4,0.29092202
mZ_8em_-CGc$_$7,0.3757632
mfpR4CN9LZo$_$24,0.42397854
mfpR4CN9LZo$_$20,0.6635626
mfpR4CN9LZo$_$23,0.58084583
mfpR4CN9LZo$_$16,0.07978964
mfpR4CN9LZo$_$0,0.03548389
mfpR4CN9LZo$_$4,0.16328695
mgsvwAVQAQo$_$1,0.10735494
mgsvwAVQAQo$_$0,0.004447339
mgsvwAVQAQo$_$3,-0.3980442
mgsvwAVQAQo$_$5,1.3752776
mgsvwAVQAQo$_$4,0.099428535
mmg_eTDHjkk$_$20,0.10098061
mmg_eTDHjkk$_$21,0.9354373
mmg_eTDHjkk$_$22,0.30412468
mmg_eTDHjkk$_$1,1.1085486
mmg_eTDHjkk$_$0,1.5368189
mmg_eTDHjkk$_$3,0.56873834
mmg_eTDHjkk$_$2,1.4365187
mmg_eTDHjkk$_$5,0.24136168
mmg_eTDHjkk$_$4,1.721874
mmg_eTDHjkk$_$7,0.4012672
mmg_eTDHjkk$_$6,0.63667214
mmg_eTDHjkk$_$9,0.17028
mmg_eTDHjkk$_$8,0.23531225
mmg_eTDHjkk$_$11,-1.3330485
mmg_eTDHjkk$_$10,1.1152776
mmg_eTDHjkk$_$13,0.28200147
mmg_eTDHjkk$_$12,0.12519656
mmg_eTDHjkk$_$15,0.4920486
mmg_eTDHjkk$_$14,1.1271976
mmg_eTDHjkk$_$17,0.18659022
mmg_eTDHjkk$_$16,0.28209075
mmg_eTDHjkk$_$19,1.3169918
mmg_eTDHjkk$_$18,0.8758582
mzAu5gxjE-w$_$1,0.9632213
mzAu5gxjE-w$_$0,1.0424247
mzAu5gxjE-w$_$2,1.2669457
mzAu5gxjE-w$_$5,1.3236166
nFTo-Lz4Fr8$_$1,0.86180246
nFTo-Lz4Fr8$_$3,0.5861021
nTZSH0EwpnY$_$13,0.9055135
nTZSH0EwpnY$_$14,0.5105015
nTZSH0EwpnY$_$17,0.5333396
nTZSH0EwpnY$_$0,0.32444748
nTZSH0EwpnY$_$2,0.13830687
nTZSH0EwpnY$_$5,0.13731983
nTZSH0EwpnY$_$4,0.11833224
nTZSH0EwpnY$_$7,-0.007407857
nTZSH0EwpnY$_$8,-0.41380432
nXWNHVZtV9A$_$5,0.3427596
nZFPKP9kBkw$_$1,1.4297771
nZFPKP9kBkw$_$3,1.3565216
nZFPKP9kBkw$_$2,0.857321
nZFPKP9kBkw$_$4,1.4053514
nZFPKP9kBkw$_$7,1.1389934
naZi9AusrW4$_$1,-0.003781451
naZi9AusrW4$_$4,0.2872031
namehdJxRIM$_$1,0.34702417
namehdJxRIM$_$0,0.23307785
namehdJxRIM$_$2,0.35998705
namehdJxRIM$_$5,0.35740614
namehdJxRIM$_$4,0.20008244
nbru7qLot04$_$10,0.016773587
nbru7qLot04$_$12,0.11201857
nbru7qLot04$_$15,0.6198476
nbru7qLot04$_$16,0.27260867
nbru7qLot04$_$0,0.55401576
nbru7qLot04$_$3,0.5686078
nbru7qLot04$_$2,1.5143881
nbru7qLot04$_$4,0.70462334
nbru7qLot04$_$7,0.058995977
nbru7qLot04$_$6,0.4053962
nbru7qLot04$_$9,0.1424236
nbru7qLot04$_$8,0.30797192
o2XbNJDpOlc$_$11,-0.14153329
o2XbNJDpOlc$_$10,-0.17405277
o2XbNJDpOlc$_$13,0.81172925
o2XbNJDpOlc$_$17,-0.0010514874
o2XbNJDpOlc$_$6,0.3854063
o2XbNJDpOlc$_$9,-0.18398274
oBS-IW-BO00$_$9,1.3425802
oBS-IW-BO00$_$3,0.23862651
oBS-IW-BO00$_$2,0.4584205
oBS-IW-BO00$_$7,0.08627071
oGFDE-6nd7Q$_$1,0.4244263
oGFDE-6nd7Q$_$0,0.34546176
oGFDE-6nd7Q$_$3,0.37635535
oGFDE-6nd7Q$_$2,0.31369784
oGFDE-6nd7Q$_$5,0.5473325
oGFDE-6nd7Q$_$6,-0.05411832
oH9fMma8jiQ$_$8,1.3143471
oHff2W51wZ8$_$1,1.3215773
oHff2W51wZ8$_$3,0.97426534
oHff2W51wZ8$_$2,1.2680432
oHff2W51wZ8$_$5,0.8075525
oHff2W51wZ8$_$4,1.0194559
oHff2W51wZ8$_$7,0.99070835
oHff2W51wZ8$_$6,0.81582975
oPlnhc0DkcU$_$1,0.4810047
oPlnhc0DkcU$_$0,0.53985476
oPlnhc0DkcU$_$3,-0.16679196
oPlnhc0DkcU$_$2,0.8147046
oPlnhc0DkcU$_$4,1.265843
oQizLbmte0c$_$10,1.1860029
oQizLbmte0c$_$13,1.0572643
oQizLbmte0c$_$12,0.21183273
oQizLbmte0c$_$15,1.5761945
oQizLbmte0c$_$14,1.1019976
oQizLbmte0c$_$1,1.4551609
oQizLbmte0c$_$4,0.38300052
oZxMx8e0x2U$_$1,-0.11341143
oZxMx8e0x2U$_$0,0.39399722
oZxMx8e0x2U$_$2,-0.24603857
obGF3RfWQKE$_$24,0.30385098
obGF3RfWQKE$_$11,0.8296709
obGF3RfWQKE$_$26,0.15377355
obGF3RfWQKE$_$20,0.11203462
obGF3RfWQKE$_$21,0.5182553
obGF3RfWQKE$_$23,0.48340854
obGF3RfWQKE$_$33,0.084731326
obGF3RfWQKE$_$31,0.84660435
obGF3RfWQKE$_$30,1.0858982
obGF3RfWQKE$_$3,0.913539
obGF3RfWQKE$_$16,-0.29552874
obGF3RfWQKE$_$4,0.7174989
obGF3RfWQKE$_$6,0.50896436
obGF3RfWQKE$_$9,0.6699791
obGF3RfWQKE$_$25,0.23537293
ossKC1VrusE$_$0,0.45443514
ossKC1VrusE$_$3,0.7240032
ossKC1VrusE$_$2,0.88294387
ossKC1VrusE$_$5,0.53133416
ozA7pRW4gFM$_$1,0.36845145
ozA7pRW4gFM$_$3,-0.093981475
ozA7pRW4gFM$_$2,-0.2542502
ozA7pRW4gFM$_$5,0.48939613
ozA7pRW4gFM$_$4,0.29549006
ozA7pRW4gFM$_$7,-0.026729077
ozA7pRW4gFM$_$6,0.2690085
ozA7pRW4gFM$_$9,-0.062268972
ozA7pRW4gFM$_$8,0.5221343
p1zqEGwRMI8$_$1,0.50069124
p4WmcxrXkc4$_$1,1.6644619
p4WmcxrXkc4$_$0,1.230856
p4WmcxrXkc4$_$3,1.3348387
p4WmcxrXkc4$_$4,0.620721
p7zuPEZgtY4$_$10,0.10811274
p7zuPEZgtY4$_$13,0.9112552
p7zuPEZgtY4$_$15,0.102115035
p7zuPEZgtY4$_$16,0.7356107
p7zuPEZgtY4$_$0,0.35019812
p7zuPEZgtY4$_$2,0.34160417
p7zuPEZgtY4$_$8,0.6620533
pDRdCSIyjkA$_$0,0.42735878
pDRdCSIyjkA$_$3,0.30233306
pDRdCSIyjkA$_$2,0.08047143
pIaEcqnzI-s$_$10,0.42387465
pIaEcqnzI-s$_$1,0.3642932
pIaEcqnzI-s$_$0,-0.021510886
pIaEcqnzI-s$_$3,0.23743293
pIaEcqnzI-s$_$2,0.20716411
pIaEcqnzI-s$_$5,0.2007892
pIaEcqnzI-s$_$4,0.16575061
pIaEcqnzI-s$_$7,0.16063094
pIaEcqnzI-s$_$6,0.21887492
pIaEcqnzI-s$_$9,0.044252127
pIaEcqnzI-s$_$8,0.37230548
pQpy7RSfWzM$_$11,0.38389656
pQpy7RSfWzM$_$10,0.6001893
pQpy7RSfWzM$_$13,1.4247677
pQpy7RSfWzM$_$15,0.75120354
pQpy7RSfWzM$_$14,0.2751006
pQpy7RSfWzM$_$16,0.32018653
pQpy7RSfWzM$_$19,0.6527239
pQpy7RSfWzM$_$20,0.81531405
pQpy7RSfWzM$_$0,1.6437163
pQpy7RSfWzM$_$3,1.0926273
pQpy7RSfWzM$_$5,0.9218931
pQpy7RSfWzM$_$4,0.8022976
pQpy7RSfWzM$_$9,1.264338
pQpy7RSfWzM$_$8,0.39134935
pSxte-ms0t8$_$11,0.9918146
pSxte-ms0t8$_$13,-0.14621955
pSxte-ms0t8$_$15,-0.5648942
pSxte-ms0t8$_$14,-0.032747995
pSxte-ms0t8$_$22,0.7044308
pSxte-ms0t8$_$23,-0.10139234
pSxte-ms0t8$_$33,0.1732403
pSxte-ms0t8$_$30,0.07254504
pSxte-ms0t8$_$35,0.36260492
pSxte-ms0t8$_$34,0.12629111
pSxte-ms0t8$_$1,0.4222577
pSxte-ms0t8$_$19,-0.3007231
pSxte-ms0t8$_$3,-0.03769153
pSxte-ms0t8$_$2,0.20489597
pSxte-ms0t8$_$5,-0.07361382
pSxte-ms0t8$_$4,-0.6161802
pSxte-ms0t8$_$7,-0.6692417
pSxte-ms0t8$_$6,0.4201013
pSxte-ms0t8$_$9,-0.8201042
pSxte-ms0t8$_$8,0.061501943
pSxte-ms0t8$_$20,-0.3560391
pZye4zFzk3o$_$1,-0.22635525
pZye4zFzk3o$_$0,0.0011699256
pZye4zFzk3o$_$3,0.13407484
pZye4zFzk3o$_$2,0.2890853
pZye4zFzk3o$_$5,-0.42526647
pZye4zFzk3o$_$4,-0.088380426
pZye4zFzk3o$_$7,0.43963662
pZye4zFzk3o$_$6,0.099212825
pZye4zFzk3o$_$9,-0.050195508
pZye4zFzk3o$_$8,-0.23486134
pnpFPX34Agk$_$0,0.7665129
pnpFPX34Agk$_$3,0.050009713
pnpFPX34Agk$_$2,0.069584616
pnpFPX34Agk$_$5,0.0085273255
pnpFPX34Agk$_$4,0.7892729
pnpFPX34Agk$_$6,0.46041322
pvIQWWiT4-0$_$0,1.1413282
q17gSr9kNww$_$21,1.2870426
q17gSr9kNww$_$19,0.768605
q17gSr9kNww$_$18,0.50669485
q17gSr9kNww$_$1,0.46318534
q17gSr9kNww$_$2,0.6853981
q17gSr9kNww$_$5,-0.10633813
q17gSr9kNww$_$4,0.13362822
q5M1God4M6Y$_$11,0.23124263
q5M1God4M6Y$_$10,0.21341234
q5M1God4M6Y$_$1,0.12510508
q5M1God4M6Y$_$0,0.005941922
q5M1God4M6Y$_$3,0.18004508
q5M1God4M6Y$_$2,0.13112873
q5M1God4M6Y$_$5,0.53090394
q5M1God4M6Y$_$4,0.5703287
q5M1God4M6Y$_$7,0.40059105
q5M1God4M6Y$_$6,0.17576101
q5M1God4M6Y$_$9,0.33960366
q5M1God4M6Y$_$8,0.35564914
qAip3lZRj-g$_$1,0.07801987
qAip3lZRj-g$_$0,-0.04823511
qAip3lZRj-g$_$2,0.0688781
qBanrqkzobg$_$0,1.5573528
qBanrqkzobg$_$2,-0.017891962
qBanrqkzobg$_$5,0.5778245
qBanrqkzobg$_$4,1.2638535
qDfSYz0PX9g$_$1,1.3324511
qDfSYz0PX9g$_$0,-1.2995644
qDfSYz0PX9g$_$3,0.4946843
qDfSYz0PX9g$_$2,0.40994373
qDfSYz0PX9g$_$5,-0.08084791
qDfSYz0PX9g$_$4,-0.06893483
qDfSYz0PX9g$_$7,0.18209945
qDfSYz0PX9g$_$6,0.6456475
qDfSYz0PX9g$_$8,-0.30254844
qEuJj4uW93E$_$1,0.39121023
qEuJj4uW93E$_$0,-0.6343972
qEuJj4uW93E$_$3,0.8212663
qEuJj4uW93E$_$2,0.7480256
qEuJj4uW93E$_$5,0.12949532
qEuJj4uW93E$_$4,0.19108188
qTkazqluJ_I$_$14,1.2868224
qTkazqluJ_I$_$3,0.9077674
qTkazqluJ_I$_$2,0.78269005
qTkazqluJ_I$_$5,1.3450162
qTkazqluJ_I$_$9,0.45766833
qTkazqluJ_I$_$8,0.6386184
qgC8_emxSIU$_$10,0.26911542
qgC8_emxSIU$_$5,0.39397115
qgC8_emxSIU$_$6,0.22988048
qyqVc352g3Q$_$1,0.97652686
r46amqjpWgg$_$24,0.34548548
r46amqjpWgg$_$25,0.6864128
r46amqjpWgg$_$26,0.8511474
r46amqjpWgg$_$27,-0.015110877
r46amqjpWgg$_$20,0.6379292
r46amqjpWgg$_$21,0.5242107
r46amqjpWgg$_$22,0.6044338
r46amqjpWgg$_$23,0.31809568
r46amqjpWgg$_$28,0.13414505
r46amqjpWgg$_$29,0.4121841
r46amqjpWgg$_$1,-0.13090388
r46amqjpWgg$_$0,0.24848527
r46amqjpWgg$_$3,0.34241432
r46amqjpWgg$_$2,-0.0038520582
r46amqjpWgg$_$5,0.46881452
r46amqjpWgg$_$4,0.10368827
r46amqjpWgg$_$7,0.86320114
r46amqjpWgg$_$6,0.8000033
r46amqjpWgg$_$9,0.32606444
r46amqjpWgg$_$8,0.24108839
r46amqjpWgg$_$11,0.9141892
r46amqjpWgg$_$10,0.7741463
r46amqjpWgg$_$13,0.9389441
r46amqjpWgg$_$12,0.072613016
r46amqjpWgg$_$15,0.2715234
r46amqjpWgg$_$14,0.2186705
r46amqjpWgg$_$17,1.0280938
r46amqjpWgg$_$16,0.7240405
r46amqjpWgg$_$19,0.23789012
r46amqjpWgg$_$18,0.78255343
r46amqjpWgg$_$31,1.4901366
r46amqjpWgg$_$30,0.8403961
r46amqjpWgg$_$32,1.0691273
rC29Qub0U7A$_$11,0.2058616
rC29Qub0U7A$_$10,0.13374723
rC29Qub0U7A$_$0,0.60704386
rC29Qub0U7A$_$3,0.404221
rC29Qub0U7A$_$5,-0.017684827
rC29Qub0U7A$_$4,0.31456622
rC29Qub0U7A$_$6,0.67910016
rC29Qub0U7A$_$9,0.24056873
rC29Qub0U7A$_$8,0.55739
rcfnqiD0y8o$_$11,-0.13499337
rcfnqiD0y8o$_$10,-0.19646
rcfnqiD0y8o$_$1,0.2716963
rcfnqiD0y8o$_$0,1.439117
rcfnqiD0y8o$_$3,0.33276156
rcfnqiD0y8o$_$2,0.2043831
rcfnqiD0y8o$_$4,0.16027221
rcfnqiD0y8o$_$7,0.43401557
rcfnqiD0y8o$_$6,0.28369895
rcfnqiD0y8o$_$9,0.24158946
rcfnqiD0y8o$_$8,-0.12370582
rePYTlT5_AY$_$0,0.3032003
rePYTlT5_AY$_$2,0.572538
rhQB8e999-Q$_$10,0.7342296
rhQB8e999-Q$_$13,1.2873385
rhQB8e999-Q$_$21,1.7822356
rhQB8e999-Q$_$19,1.2273996
rhQB8e999-Q$_$18,1.3481301
rhQB8e999-Q$_$1,0.32834515
rhQB8e999-Q$_$0,1.0406926
rhQB8e999-Q$_$5,1.0391836
rhQB8e999-Q$_$4,0.55292165
rhQB8e999-Q$_$7,1.0363189
rhQB8e999-Q$_$9,0.9334495
rhQB8e999-Q$_$8,0.3657653
ryE9VBiR3p8$_$3,0.08076272
sIusv36VoBY$_$2,1.1301465
sfaWfZ2-4c0$_$1,0.18514177
sfaWfZ2-4c0$_$2,0.56650096
sfaWfZ2-4c0$_$4,0.37198946
skRqBxLLJkE$_$1,1.2628816
skRqBxLLJkE$_$0,1.1071866
svsbGQn389o$_$8,-0.21867973
svsbGQn389o$_$6,0.57558167
tC2KicUHB9Q$_$10,0.035531417
tC2KicUHB9Q$_$1,-0.22449538
tC2KicUHB9Q$_$3,0.17980576
tC2KicUHB9Q$_$2,0.45756426
tC2KicUHB9Q$_$5,0.14698702
tC2KicUHB9Q$_$4,0.42187735
tC2KicUHB9Q$_$7,0.05376993
tC2KicUHB9Q$_$6,0.25364885
tC2KicUHB9Q$_$8,0.38071337
tNd3--lvSXE$_$1,0.68793166
tNd3--lvSXE$_$0,1.1015457
tNd3--lvSXE$_$3,-0.055704094
tNd3--lvSXE$_$2,-0.3782449
tNd3--lvSXE$_$5,0.8202249
tNd3--lvSXE$_$4,0.7802752
tNd3--lvSXE$_$6,0.58656037
tO68uTk-T_E$_$1,1.0637007
tO68uTk-T_E$_$9,0.42771623
tO68uTk-T_E$_$7,0.34763137
tO68uTk-T_E$_$10,0.27183777
tW5xAWDnbGU$_$1,-0.64675456
tW5xAWDnbGU$_$0,0.33259273
tW5xAWDnbGU$_$7,-0.3447185
tZDNinnrGf8$_$0,-0.63655955
tZDNinnrGf8$_$2,0.43502167
tZDNinnrGf8$_$5,0.09513569
tZDNinnrGf8$_$4,-0.059378304
teQqaAmqqx0$_$0,0.46322083
teQqaAmqqx0$_$3,0.36098918
tnWmVXZ87h0$_$10,-0.029056154
tnWmVXZ87h0$_$12,1.4618726
tnWmVXZ87h0$_$14,1.1815743
tnWmVXZ87h0$_$1,0.39372286
tnWmVXZ87h0$_$0,0.54273593
tnWmVXZ87h0$_$3,0.81569004
tnWmVXZ87h0$_$7,0.75826764
tnWmVXZ87h0$_$9,1.1403394
ttfaZ8IIWCo$_$1,0.39991203
ttfaZ8IIWCo$_$0,-0.2919452
ttfaZ8IIWCo$_$3,0.28353143
ttfaZ8IIWCo$_$2,0.8574142
ttfaZ8IIWCo$_$5,0.8637718
ttfaZ8IIWCo$_$4,1.1867774
ttfaZ8IIWCo$_$7,1.2159562
ttfaZ8IIWCo$_$6,0.9050672
ttfaZ8IIWCo$_$9,1.4572465
tymso_pAxhk$_$1,0.27005556
tymso_pAxhk$_$18,0.17654833
tymso_pAxhk$_$12,0.47004256
tymso_pAxhk$_$15,0.22689822
tymso_pAxhk$_$17,0.136614
u9I5WD3Nglk$_$6,0.1614506
u9ZV8jb_-U0$_$0,0.03806229
u9ZV8jb_-U0$_$5,-0.27552527
uVM4JWjfGgQ$_$11,0.68650824
uVM4JWjfGgQ$_$0,0.8606101
uVM4JWjfGgQ$_$5,0.6887764
um8WVjZMLUc$_$1,-0.3089004
um8WVjZMLUc$_$0,-0.93857455
unOeTDc2rlY$_$15,0.24448892
unOeTDc2rlY$_$27,0.23168701
unOeTDc2rlY$_$20,0.7274944
unOeTDc2rlY$_$21,0.6453644
unOeTDc2rlY$_$23,0.77010417
unOeTDc2rlY$_$33,1.655008
unOeTDc2rlY$_$31,0.4667355
unOeTDc2rlY$_$30,0.5142815
unOeTDc2rlY$_$28,0.6996218
unOeTDc2rlY$_$29,0.40346977
unOeTDc2rlY$_$35,0.672572
unOeTDc2rlY$_$36,1.0837233
unOeTDc2rlY$_$1,0.8173984
unOeTDc2rlY$_$0,0.9398912
unOeTDc2rlY$_$2,1.100054
unOeTDc2rlY$_$5,0.6121594
unOeTDc2rlY$_$4,1.020412
unOeTDc2rlY$_$8,0.3276538
unOeTDc2rlY$_$12,0.79828703
unOeTDc2rlY$_$14,0.6493951
uogwnZGb-iE$_$24,1.3982141
uogwnZGb-iE$_$25,1.3532386
uogwnZGb-iE$_$26,0.6230134
uogwnZGb-iE$_$27,1.47457
uogwnZGb-iE$_$20,1.3959625
uogwnZGb-iE$_$21,0.4941022
uogwnZGb-iE$_$22,1.5807879
uogwnZGb-iE$_$16,1.5350673
uogwnZGb-iE$_$19,1.5488108
uogwnZGb-iE$_$32,1.2740284
uogwnZGb-iE$_$28,1.7083569
uogwnZGb-iE$_$13,1.3498877
uogwnZGb-iE$_$2,0.9391052
uogwnZGb-iE$_$5,-0.022339163
uogwnZGb-iE$_$4,-0.3795987
uogwnZGb-iE$_$6,0.94573784
ussfmzwftQ8$_$1,1.7279527
ussfmzwftQ8$_$3,1.3655457
vB_kZocHtYo$_$8,0.29260263
vGkIaClHKDg$_$10,0.5635607
vGkIaClHKDg$_$12,0.24753791
vGkIaClHKDg$_$15,1.4642806
vGkIaClHKDg$_$14,0.51519954
vGkIaClHKDg$_$16,0.57074875
vGkIaClHKDg$_$18,0.866988
vGkIaClHKDg$_$5,1.3283595
vGkIaClHKDg$_$7,-0.79498446
vGkIaClHKDg$_$6,1.3653018
vGkIaClHKDg$_$9,0.91242766
vGkIaClHKDg$_$8,0.8349459
vGxqVh_kJdo$_$1,0.5848721
vGxqVh_kJdo$_$0,0.9410162
vI5JH0daNsM$_$3,0.51556623
vI5JH0daNsM$_$2,0.06547642
vJDDEuE-FlY$_$2,-0.09080333
vJDDEuE-FlY$_$6,0.49761555
vR90Pdx9wxs$_$1,0.6310463
vR90Pdx9wxs$_$0,0.7028434
vR90Pdx9wxs$_$3,0.955363
vR90Pdx9wxs$_$2,0.5029042
vR90Pdx9wxs$_$5,0.98977757
vR90Pdx9wxs$_$4,0.31509402
vR90Pdx9wxs$_$7,1.081333
vTAV6FThy30$_$1,0.3236529
vTAV6FThy30$_$0,1.040159
vTAV6FThy30$_$2,1.15856
vTAV6FThy30$_$4,0.43778118
vTAV6FThy30$_$7,0.18752964
vTAV6FThy30$_$6,0.8961598
vTAV6FThy30$_$9,1.2777324
v_8QeoNc4QY$_$1,0.14378847
v_8QeoNc4QY$_$2,0.064060494
v_8QeoNc4QY$_$5,0.09951648
v_8QeoNc4QY$_$4,-0.36145523
v_8QeoNc4QY$_$7,0.23607835
veA6ECsGFxI$_$0,1.0597157
veA6ECsGFxI$_$3,0.3783043
wC_1M7KIv9s$_$24,0.34915206
wC_1M7KIv9s$_$10,-0.18044807
wC_1M7KIv9s$_$13,-0.0706631
wC_1M7KIv9s$_$12,0.27964354
wC_1M7KIv9s$_$14,0.32528988
wC_1M7KIv9s$_$17,-0.04033521
wC_1M7KIv9s$_$23,-0.021996945
wC_1M7KIv9s$_$19,0.36165175
wC_1M7KIv9s$_$18,0.7668091
wC_1M7KIv9s$_$28,1.2222413
wC_1M7KIv9s$_$1,0.22065596
wC_1M7KIv9s$_$0,0.51050586
wC_1M7KIv9s$_$3,0.06913834
wC_1M7KIv9s$_$11,0.12557165
wC_1M7KIv9s$_$5,0.019450968
wC_1M7KIv9s$_$25,0.6992185
wC_1M7KIv9s$_$6,0.06947793
wC_1M7KIv9s$_$9,0.10530639
wC_1M7KIv9s$_$8,-0.011451183
wC_1M7KIv9s$_$21,-0.11481856
wHeZHLv9wGI$_$12,-0.105927706
wO8fUOC4OSE$_$0,-0.1072337
wO8fUOC4OSE$_$5,-1.0060534
wd8VQ5E7o7o$_$3,1.0354118
wd8VQ5E7o7o$_$2,0.69235605
wk5lFk5kFjY$_$3,0.8834431
wnL3ld9bM2o$_$25,0.04760758
wnL3ld9bM2o$_$20,0.5707978
wnL3ld9bM2o$_$21,-0.09495448
wnL3ld9bM2o$_$22,0.12558758
wnL3ld9bM2o$_$23,-0.2462431
wnL3ld9bM2o$_$1,0.8713037
wnL3ld9bM2o$_$0,0.41786852
wnL3ld9bM2o$_$3,0.56782854
wnL3ld9bM2o$_$2,0.24295759
wnL3ld9bM2o$_$5,0.069082454
wnL3ld9bM2o$_$4,1.1752647
wnL3ld9bM2o$_$9,0.47683176
wnL3ld9bM2o$_$11,0.73109317
wnL3ld9bM2o$_$10,1.0443695
wnL3ld9bM2o$_$13,0.2599288
wnL3ld9bM2o$_$12,0.7721422
wnL3ld9bM2o$_$15,0.114151806
wnL3ld9bM2o$_$14,0.11622077
wnL3ld9bM2o$_$17,0.797744
wnL3ld9bM2o$_$16,0.57069457
wnL3ld9bM2o$_$19,0.2336869
wnL3ld9bM2o$_$18,1.1349161
wznRBN1fWj4$_$10,0.21316002
wznRBN1fWj4$_$0,0.024740374
wznRBN1fWj4$_$2,0.03791315
wznRBN1fWj4$_$5,0.16243476
wznRBN1fWj4$_$7,-0.30443773
wznRBN1fWj4$_$6,0.34395742
wznRBN1fWj4$_$9,0.518477
x0rLwBIocuI$_$12,0.48987165
x0rLwBIocuI$_$4,0.100013584
x0rLwBIocuI$_$7,-1.0847583
x266rUJQC_8$_$10,-0.3988318
x266rUJQC_8$_$12,0.26791602
x266rUJQC_8$_$2,-0.5420449
x266rUJQC_8$_$5,-0.7148338
x266rUJQC_8$_$0,0.47865823
x2n19Cn96aw$_$9,0.3760066
x2n19Cn96aw$_$4,0.43128046
x8UZQkN52o4$_$11,0.0008241758
x8UZQkN52o4$_$10,-0.42407325
x8UZQkN52o4$_$12,-0.06514705
x8UZQkN52o4$_$3,0.1284854
x8UZQkN52o4$_$2,-0.520605
x8UZQkN52o4$_$5,0.17793813
x8UZQkN52o4$_$6,-0.06196738
x8UZQkN52o4$_$9,-0.07278674
xBE9YWYGjtk$_$1,1.0171897
xBE9YWYGjtk$_$0,0.84442335
xBE9YWYGjtk$_$3,0.7494614
xBE9YWYGjtk$_$2,1.2518332
xBE9YWYGjtk$_$5,0.77127665
xBE9YWYGjtk$_$4,0.7257817
xBE9YWYGjtk$_$7,1.3813717
xBE9YWYGjtk$_$6,0.69685847
xBE9YWYGjtk$_$9,1.1993567
xBE9YWYGjtk$_$8,0.14814846
xSCvspXYU9k$_$20,-0.30203882
xSCvspXYU9k$_$14,-0.21098016
xSCvspXYU9k$_$19,-0.10217792
xSCvspXYU9k$_$18,-0.30795804
xSCvspXYU9k$_$0,0.30742124
xSCvspXYU9k$_$5,-0.080537885
xSCvspXYU9k$_$7,0.44701844
xSCvspXYU9k$_$8,0.043610528
xU3N7ujUB-g$_$1,0.33500728
xU3N7ujUB-g$_$3,0.6746
xU3N7ujUB-g$_$2,0.6333172
xU3N7ujUB-g$_$4,0.61979425
xXXcgb9eZ9Y$_$1,0.06401129
xXXcgb9eZ9Y$_$3,-0.025571369
xXXcgb9eZ9Y$_$2,0.74108136
xXXcgb9eZ9Y$_$4,0.31107828
xXXcgb9eZ9Y$_$7,-0.014227676
xXXcgb9eZ9Y$_$6,0.040262118
xXXcgb9eZ9Y$_$8,0.30473617
xkEK17UUyi4$_$0,0.50516844
xmLJHru6Z1M$_$12,0.17074421
xmLJHru6Z1M$_$14,0.05192767
xmLJHru6Z1M$_$5,0.2410492
xmLJHru6Z1M$_$6,0.4913214
xmLJHru6Z1M$_$9,0.3440161
xmLJHru6Z1M$_$8,0.28796586
xobMRm5Vs44$_$1,1.3471507
xwvSYhQrHoA$_$0,0.33421174
xwvSYhQrHoA$_$4,0.53250635
y3r2kk8zvl0$_$11,-0.03965072
y3r2kk8zvl0$_$10,0.1613122
y3r2kk8zvl0$_$13,0.38038427
y3r2kk8zvl0$_$12,-0.205574
y3r2kk8zvl0$_$1,0.5216197
y3r2kk8zvl0$_$0,0.5391927
y3r2kk8zvl0$_$3,0.88082534
y3r2kk8zvl0$_$2,0.13638467
y3r2kk8zvl0$_$5,0.33098358
y3r2kk8zvl0$_$4,0.3128119
y3r2kk8zvl0$_$7,-0.13962263
y3r2kk8zvl0$_$6,0.15364891
y3r2kk8zvl0$_$9,0.3348092
y3r2kk8zvl0$_$8,0.40488616
y5Jpf48SUX8$_$1,0.2814252
y5Jpf48SUX8$_$7,0.27865943
yBtMwyQFXwA$_$11,0.9690946
yBtMwyQFXwA$_$10,0.4191799
yBtMwyQFXwA$_$0,1.2881212
yBtMwyQFXwA$_$3,0.28630713
yBtMwyQFXwA$_$4,0.50688016
yBtMwyQFXwA$_$7,0.40661836
yBtMwyQFXwA$_$6,0.8226788
yBtMwyQFXwA$_$8,0.504962
yCpHmPSshKY$_$1,0.18171428
yCpHmPSshKY$_$0,0.47281322
yCpHmPSshKY$_$3,-0.10963088
yCpHmPSshKY$_$2,-0.24840632
yLo-Jl8nBXU$_$11,1.0014191
yLo-Jl8nBXU$_$13,0.8015828
yLo-Jl8nBXU$_$0,1.0160649
yLo-Jl8nBXU$_$7,1.0837338
yLo-Jl8nBXU$_$6,0.853142
yLo-Jl8nBXU$_$9,0.3446488
yLo-Jl8nBXU$_$8,-0.13386439
ySblgk7T7eQ$_$11,0.0036206841
ySblgk7T7eQ$_$10,0.21461473
ySblgk7T7eQ$_$13,0.21459901
ySblgk7T7eQ$_$12,0.58411086
ySblgk7T7eQ$_$14,0.43982923
ySblgk7T7eQ$_$1,0.687466
ySblgk7T7eQ$_$0,1.3510437
ySblgk7T7eQ$_$3,0.6488422
ySblgk7T7eQ$_$2,0.31495366
ySblgk7T7eQ$_$5,0.5691142
ySblgk7T7eQ$_$4,0.5982268
ySblgk7T7eQ$_$7,-1.1799581
ySblgk7T7eQ$_$6,-0.15072612
ySblgk7T7eQ$_$9,-0.30972162
ySblgk7T7eQ$_$8,0.36337438
yUqNp-poh9M$_$11,0.6873311
yUqNp-poh9M$_$10,0.4907286
yUqNp-poh9M$_$13,0.23176771
yUqNp-poh9M$_$12,0.5299803
yUqNp-poh9M$_$15,1.0256352
yUqNp-poh9M$_$14,0.25021616
yUqNp-poh9M$_$1,-0.072631985
yUqNp-poh9M$_$0,-0.24430595
yUqNp-poh9M$_$3,-0.014829062
yUqNp-poh9M$_$2,-0.15825671
yUqNp-poh9M$_$5,-0.04479214
yUqNp-poh9M$_$4,0.14485471
yUqNp-poh9M$_$7,0.48927507
yUqNp-poh9M$_$6,-0.15448797
yUqNp-poh9M$_$9,-0.22986895
yUqNp-poh9M$_$8,-0.05703736
yXE_XZUb8qE$_$12,0.65892625
yXE_XZUb8qE$_$4,0.032253645
yXE_XZUb8qE$_$6,0.19201049
ybK5wRaaUyE$_$13,0.52209926
ybK5wRaaUyE$_$19,-0.25842834
ybK5wRaaUyE$_$18,0.2906064
ybK5wRaaUyE$_$0,-0.20110847
ybK5wRaaUyE$_$3,-0.08767917
ybK5wRaaUyE$_$2,0.566666
ydzNAuqUAnc$_$1,-0.007299723
ydzNAuqUAnc$_$0,-0.1291508
ydzNAuqUAnc$_$2,0.45486712
ydzNAuqUAnc$_$6,0.39485714
yoDMh8FlHR8$_$0,0.29691812
yoDMh8FlHR8$_$4,0.27324814
yzCHa2qchpg$_$1,0.5516615
yzCHa2qchpg$_$0,0.6287432
yzCHa2qchpg$_$2,1.1868834
z0y1ZxH1f74$_$10,-0.090603836
z0y1ZxH1f74$_$14,0.028949184
z0y1ZxH1f74$_$3,-0.81383353
z0y1ZxH1f74$_$2,-0.5511893
z0y1ZxH1f74$_$5,-0.42500547
z0y1ZxH1f74$_$7,-0.048114575
z0y1ZxH1f74$_$6,-0.7707145
z441aDJvAcU$_$24,0.69069654
z441aDJvAcU$_$25,1.1698554
z441aDJvAcU$_$13,0.12723808
z441aDJvAcU$_$12,-0.009554721
z441aDJvAcU$_$20,1.0230656
z441aDJvAcU$_$21,0.855042
z441aDJvAcU$_$22,0.14375094
z441aDJvAcU$_$23,1.4935259
z441aDJvAcU$_$19,0.7398974
z441aDJvAcU$_$1,0.60993326
z441aDJvAcU$_$5,0.6406561
z441aDJvAcU$_$4,0.64127755
z441aDJvAcU$_$6,0.9362699
z441aDJvAcU$_$8,0.53921604
zfZUOvZZTuk$_$11,0.119402915
zfZUOvZZTuk$_$10,0.16838647
zfZUOvZZTuk$_$13,0.19335523
zfZUOvZZTuk$_$12,-0.1931854
zfZUOvZZTuk$_$15,0.5265192
zfZUOvZZTuk$_$14,-0.11634953
zfZUOvZZTuk$_$17,0.71574396
zfZUOvZZTuk$_$16,0.12579444
zfZUOvZZTuk$_$18,0.53693074
zfZUOvZZTuk$_$1,0.18401033
zfZUOvZZTuk$_$0,0.22093225
zfZUOvZZTuk$_$3,-0.07871785
zfZUOvZZTuk$_$2,0.25039157
zfZUOvZZTuk$_$5,-0.3358203
zfZUOvZZTuk$_$4,0.38537738
zfZUOvZZTuk$_$7,-0.2028358
zfZUOvZZTuk$_$6,0.05514151
zfZUOvZZTuk$_$9,0.20954096
zfZUOvZZTuk$_$20,0.6799965
zfZUOvZZTuk$_$8,0.3427184
zhNksSReaQk$_$42,0.7040734
zhNksSReaQk$_$43,1.2947311
zhNksSReaQk$_$24,0.11333299
zhNksSReaQk$_$25,0.021366442
zhNksSReaQk$_$26,0.32534072
zhNksSReaQk$_$27,-0.03762457
zhNksSReaQk$_$20,0.18858409
zhNksSReaQk$_$21,-0.09957522
zhNksSReaQk$_$22,0.20178095
zhNksSReaQk$_$23,0.13376269
zhNksSReaQk$_$46,1.1477336
zhNksSReaQk$_$44,0.74155056
zhNksSReaQk$_$45,1.2707314
zhNksSReaQk$_$28,0.39318046
zhNksSReaQk$_$29,-1.6491374
zhNksSReaQk$_$40,0.83060217
zhNksSReaQk$_$41,0.9668963
zhNksSReaQk$_$1,0.28990582
zhNksSReaQk$_$3,0.67554915
zhNksSReaQk$_$2,0.21909148
zhNksSReaQk$_$5,0.8055315
zhNksSReaQk$_$4,-0.29507437
zhNksSReaQk$_$7,-0.14751765
zhNksSReaQk$_$6,-0.3120847
zhNksSReaQk$_$9,0.7421098
zhNksSReaQk$_$8,0.11934021
zhNksSReaQk$_$10,0.45814428
zhNksSReaQk$_$39,-0.08389189
zhNksSReaQk$_$12,0.3139266
zhNksSReaQk$_$15,0.26311126
zhNksSReaQk$_$14,-0.03156205
zhNksSReaQk$_$17,-0.14062986
zhNksSReaQk$_$19,0.4675483
zhNksSReaQk$_$18,0.78968585
zhNksSReaQk$_$31,0.14531855
zhNksSReaQk$_$30,-0.24209249
zhNksSReaQk$_$37,0.069244534
zhNksSReaQk$_$36,-0.15208104
zhNksSReaQk$_$35,0.040560126
zhNksSReaQk$_$34,-0.059870094
zhNksSReaQk$_$33,0.58564466
zvZd3V5D5Ik$_$3,1.3486226
zvZd3V5D5Ik$_$2,0.9756298
